<?xml version='1.0' encoding='UTF-8' standalone='yes' ?>
<kml xmlns="http://www.opengis.net/kml/2.2" xmlns:gx="http://www.google.com/kml/ext/2.2" xmlns:kml="http://www.opengis.net/kml/2.2" xmlns:atom="http://www.w3.org/2005/Atom">
  <Document>
    <open>1</open>
    <name>Netmonitor</name>
    <Style id="styletp">
      <LineStyle>
        <color>ff000000</color>
        <width>1.4</width>
        <gx:outerColor>ffffffff</gx:outerColor>
        <gx:outerWidth>0.2</gx:outerWidth>
      </LineStyle>
    </Style>
    <Style id="style_cur">
      <IconStyle>
        <color>ff00ff00</color>
        <scale>0.8</scale>
        <Icon>
          <href>http://www.gstatic.com/mapspro/images/stock/962-wht-diamond-blank.png</href>
        </Icon>
      </IconStyle>
    </Style>
    <Style id="style_neigh">
      <IconStyle>
        <color>ff00ffff</color>
        <scale>0.8</scale>
        <Icon>
          <href>http://www.gstatic.com/mapspro/images/stock/962-wht-diamond-blank.png</href>
        </Icon>
      </IconStyle>
    </Style>
    <Style id="style_0">
      <IconStyle>
        <color>ffffffff</color>
        <scale>0.6</scale>
        <Icon>
          <href>http://www.gstatic.com/mapspro/images/stock/959-wht-circle-blank.png</href>
        </Icon>
      </IconStyle>
    </Style>
    <Style id="style_10">
      <IconStyle>
        <color>ff0033ff</color>
        <scale>0.6</scale>
        <Icon>
          <href>http://www.gstatic.com/mapspro/images/stock/959-wht-circle-blank.png</href>
        </Icon>
      </IconStyle>
    </Style>
    <Style id="style_20">
      <IconStyle>
        <color>ff0066ff</color>
        <scale>0.6</scale>
        <Icon>
          <href>http://www.gstatic.com/mapspro/images/stock/959-wht-circle-blank.png</href>
        </Icon>
      </IconStyle>
    </Style>
    <Style id="style_30">
      <IconStyle>
        <color>ff0099ff</color>
        <scale>0.6</scale>
        <Icon>
          <href>http://www.gstatic.com/mapspro/images/stock/959-wht-circle-blank.png</href>
        </Icon>
      </IconStyle>
    </Style>
    <Style id="style_40">
      <IconStyle>
        <color>ff00ccff</color>
        <scale>0.6</scale>
        <Icon>
          <href>http://www.gstatic.com/mapspro/images/stock/959-wht-circle-blank.png</href>
        </Icon>
      </IconStyle>
    </Style>
    <Style id="style_50">
      <IconStyle>
        <color>ff00ffff</color>
        <scale>0.6</scale>
        <Icon>
          <href>http://www.gstatic.com/mapspro/images/stock/959-wht-circle-blank.png</href>
        </Icon>
      </IconStyle>
    </Style>
    <Style id="style_60">
      <IconStyle>
        <color>ff00ffcc</color>
        <scale>0.6</scale>
        <Icon>
          <href>http://www.gstatic.com/mapspro/images/stock/959-wht-circle-blank.png</href>
        </Icon>
      </IconStyle>
    </Style>
    <Style id="style_70">
      <IconStyle>
        <color>ff00ff99</color>
        <scale>0.6</scale>
        <Icon>
          <href>http://www.gstatic.com/mapspro/images/stock/959-wht-circle-blank.png</href>
        </Icon>
      </IconStyle>
    </Style>
    <Style id="style_80">
      <IconStyle>
        <color>ff00ff66</color>
        <scale>0.6</scale>
        <Icon>
          <href>http://www.gstatic.com/mapspro/images/stock/959-wht-circle-blank.png</href>
        </Icon>
      </IconStyle>
    </Style>
    <Style id="style_90">
      <IconStyle>
        <color>ff00ff33</color>
        <scale>0.6</scale>
        <Icon>
          <href>http://www.gstatic.com/mapspro/images/stock/959-wht-circle-blank.png</href>
        </Icon>
      </IconStyle>
    </Style>
    <Style id="style_100">
      <IconStyle>
        <color>ff00ff00</color>
        <scale>0.6</scale>
        <Icon>
          <href>http://www.gstatic.com/mapspro/images/stock/959-wht-circle-blank.png</href>
        </Icon>
      </IconStyle>
    </Style>
    <Placemark>
      <name>Gps Change Path</name>
      <styleUrl>#styletp</styleUrl>
      <LineString>
        <tessellate>1</tessellate>
        <coordinates>-77.09097,-12.030361 -77.090875,-12.030238 -77.090827,-12.030149 -77.090773,-12.030154 -77.090703,-12.030109 -77.090635,-12.030116 -77.090548,-12.030174 -77.090502,-12.030211 -77.090393,-12.03023 -77.090366,-12.030169 -77.090282,-12.030192 -77.090229,-12.030227 -77.090144,-12.030224 -77.090049,-12.030194 -77.090005,-12.030177 -77.089932,-12.030163 -77.089868,-12.030199 -77.089814,-12.030228 -77.089762,-12.030238 -77.08971,-12.030273 -77.089655,-12.03028 -77.089602,-12.030294 -77.08952,-12.030276 -77.089455,-12.030262 -77.089405,-12.030264 -77.089332,-12.030258 -77.089273,-12.030278 -77.089209,-12.030314 -77.089149,-12.030342 -77.089092,-12.030327 -77.089011,-12.030326 -77.088962,-12.030336 -77.088879,-12.03031 -77.088803,-12.030304 -77.088726,-12.030292 -77.088675,-12.030327 -77.088612,-12.03036 -77.088561,-12.030379 -77.088507,-12.030386 -77.088455,-12.030377 -77.088405,-12.030361 -77.08834,-12.030381 -77.088281,-12.030395 -77.088209,-12.030389 -77.08815,-12.030396 -77.088099,-12.03043 -77.088035,-12.030427 -77.087963,-12.030425 -77.087916,-12.030441 -77.087861,-12.030451 -77.087809,-12.030475 -77.087763,-12.030491 -77.087717,-12.030482 -77.087656,-12.030473 -77.087584,-12.030433 -77.087528,-12.030444 -77.087471,-12.030454 -77.087386,-12.03047 -77.087298,-12.03049 -77.087195,-12.030518 -77.087148,-12.030521 -77.08713,-12.030578 -77.087098,-12.030544 -77.087171,-12.030469 -77.087117,-12.03054 -77.087061,-12.030576 -77.087017,-12.030597 -77.086955,-12.030598 -77.08691,-12.030615 -77.086845,-12.030577 -77.086788,-12.030552 -77.086743,-12.030577 -77.086692,-12.030596 -77.086643,-12.030597 -77.086561,-12.030588 -77.086483,-12.030603 -77.086398,-12.030608 -77.086323,-12.030624 -77.086265,-12.030617 -77.086212,-12.030589 -77.08617,-12.030609 -77.086163,-12.030561 -77.086156,-12.030495 -77.086141,-12.030446 -77.086136,-12.030394 -77.086123,-12.030345 -77.086102,-12.0303 -77.086068,-12.030216 -77.08603,-12.030166 -77.085986,-12.030113 -77.085964,-12.030034 -77.085936,-12.029974 -77.085918,-12.029929 -77.085876,-12.029854 -77.085839,-12.029811 -77.085813,-12.029773 -77.085812,-12.029723 -77.085813,-12.029654 -77.085814,-12.029584 -77.085762,-12.029521 -77.085788,-12.029458 -77.085755,-12.029393 -77.08571,-12.029322 -77.085685,-12.029277 -77.08566,-12.029214 -77.085637,-12.029168 -77.085589,-12.02912 -77.085571,-12.029076 -77.085551,-12.028993 -77.085537,-12.028929 -77.085487,-12.028915 -77.085402,-12.028918 -77.085332,-12.028909 -77.085282,-12.0289 -77.08524,-12.028919 -77.085188,-12.028954 -77.085128,-12.028986 -77.085056,-12.029021 -77.08502,-12.029056 -77.084979,-12.029078 -77.084929,-12.029089 -77.084873,-12.029115 -77.084856,-12.029178 -77.084888,-12.029316 -77.084898,-12.029362 -77.084935,-12.029424 -77.084971,-12.029479 -77.08501,-12.029543 -77.085043,-12.029625 -77.085049,-12.029674 -77.085067,-12.029717 -77.085116,-12.029787 -77.085166,-12.029852 -77.085195,-12.029915 -77.085228,-12.029976 -77.085246,-12.03006 -77.08527,-12.030104 -77.085276,-12.030152 -77.085294,-12.030233 -77.085323,-12.030279 -77.085323,-12.030325 -77.085348,-12.030401 -77.085369,-12.030442 -77.08539,-12.030521 -77.085419,-12.0306 -77.085435,-12.030682 -77.085474,-12.030743 -77.085531,-12.030728 -77.085606,-12.030723 -77.085701,-12.030693 -77.085748,-12.030701 -77.085804,-12.030709 -77.085884,-12.030662 -77.08594,-12.030681 -77.086024,-12.030677 -77.086086,-12.030676 -77.086148,-12.030681 -77.086208,-12.030682 -77.086282,-12.030694 -77.08629,-12.030802 -77.086328,-12.030849 -77.086352,-12.030916 -77.08636,-12.030988 -77.086296,-12.031022 -77.086338,-12.031102 -77.086356,-12.031145 -77.086406,-12.031195 -77.08644,-12.031227 -77.086466,-12.031275 -77.086472,-12.031322 -77.086462,-12.031393 -77.086509,-12.031466 -77.086526,-12.031514 -77.086547,-12.031583 -77.086559,-12.031637 -77.086591,-12.03171 -77.086609,-12.031762 -77.086635,-12.031829 -77.086652,-12.031885 -77.08668,-12.031944 -77.086683,-12.032026 -77.086646,-12.032055 -77.086603,-12.032074 -77.086553,-12.032078 -77.086497,-12.032101 -77.086451,-12.032123 -77.086407,-12.032142 -77.086352,-12.032152 -77.086305,-12.032175 -77.086257,-12.032191 -77.086183,-12.032188 -77.086106,-12.032179 -77.086078,-12.032137 -77.08607,-12.032089 -77.086053,-12.032045 -77.086027,-12.032 -77.086003,-12.031918 -77.085995,-12.03184 -77.085942,-12.031763 -77.085924,-12.031693 -77.085994,-12.031711 -77.086047,-12.031725 -77.086126,-12.031741 -77.086183,-12.031694 -77.086139,-12.031618 -77.086154,-12.031572 -77.086195,-12.031533 -77.086222,-12.031467 -77.086213,-12.031399 -77.086174,-12.031354 -77.086118,-12.03132 -77.086075,-12.031258 -77.08601,-12.031209 -77.085937,-12.031209 -77.085889,-12.031211 -77.085834,-12.031202 -77.085789,-12.031189 -77.085727,-12.03119 -77.085672,-12.031165 -77.085639,-12.031129 -77.085556,-12.031124 -77.085488,-12.031107 -77.085439,-12.031121 -77.085357,-12.031146 -77.085301,-12.031212 -77.085261,-12.031234 -77.085216,-12.031284 -77.085172,-12.031304 -77.085121,-12.031333 -77.085066,-12.031345 -77.084993,-12.031363 -77.084947,-12.03138 -77.084888,-12.03139 -77.084818,-12.031403 -77.084731,-12.031418 -77.08465,-12.031428 -77.084584,-12.031408 -77.084528,-12.03139 -77.084446,-12.03136 -77.084343,-12.031324 -77.084245,-12.031303 -77.084159,-12.031277 -77.084092,-12.031295 -77.084012,-12.031301 -77.083935,-12.03132 -77.083895,-12.031351 -77.083797,-12.031354 -77.083744,-12.031345 -77.083705,-12.031374 -77.083678,-12.031429 -77.083582,-12.031461 -77.083529,-12.031472 -77.083462,-12.031467 -77.083416,-12.031465 -77.083356,-12.031486 -77.083233,-12.031483 -77.08318,-12.031467 -77.083128,-12.031453 -77.083057,-12.031456 -77.083006,-12.031486 -77.082918,-12.031477 -77.082844,-12.031486 -77.082794,-12.031494 -77.082717,-12.031498 -77.08266,-12.031521 -77.082617,-12.031559 -77.082593,-12.031598 -77.082546,-12.031629 -77.0825,-12.031655 -77.082438,-12.031683 -77.082361,-12.031708 -77.082301,-12.031721 -77.082223,-12.031694 -77.082127,-12.031624 -77.082058,-12.031611 -77.081989,-12.031597 -77.081934,-12.03158 -77.081856,-12.031586 -77.081809,-12.031616 -77.081763,-12.031607 -77.081679,-12.031633 -77.081643,-12.031681 -77.081595,-12.031726 -77.081506,-12.031689 -77.081435,-12.031674 -77.081372,-12.031658 -77.081308,-12.031651 -77.081245,-12.031687 -77.081269,-12.031771 -77.081288,-12.031824 -77.081315,-12.031866 -77.081372,-12.031895 -77.081439,-12.031936 -77.081491,-12.031908 -77.081573,-12.031835 -77.081637,-12.031797 -77.081722,-12.031771 -77.081772,-12.031757 -77.081824,-12.031761 -77.081877,-12.031751 -77.081943,-12.031773 -77.082006,-12.031805 -77.08206,-12.031838 -77.082111,-12.031872 -77.082092,-12.031926 -77.082078,-12.03199 -77.082102,-12.032067 -77.082135,-12.032152 -77.082145,-12.032209 -77.082143,-12.032257 -77.082182,-12.032342 -77.0822,-12.032395 -77.082304,-12.032366 -77.082353,-12.032349 -77.082437,-12.032319 -77.082473,-12.032401 -77.082484,-12.032445 -77.082497,-12.032503 -77.082527,-12.032542 -77.082551,-12.032593 -77.082591,-12.032663 -77.082609,-12.032724 -77.082621,-12.03279 -77.082548,-12.032846 -77.082485,-12.032854 -77.082427,-12.032868 -77.082375,-12.032872 -77.082425,-12.032925 -77.082499,-12.032915 -77.082575,-12.032886 -77.082684,-12.032875 -77.082747,-12.032854 -77.08279,-12.032837 -77.082879,-12.032817 -77.082965,-12.032827 -77.083045,-12.032824 -77.083114,-12.032814 -77.083182,-12.032801 -77.08324,-12.032713</coordinates>
      </LineString>
    </Placemark>
    <Folder>
      <open>1</open>
      <name>MCC: 716 MNC: 17</name>
      <Folder>
        <open>0</open>
        <name>LAC: 26 CID: 2660:22 RNC: 0 PSC: 48</name>
        <Placemark>
          <name>26/680982 LTE</name>
          <description>~17593 (yd), Provincia de Lima, Santa Cruz Mz.A - Lt.21, Los Olivos 15302, Perú</description>
          <styleUrl>#style_cur</styleUrl>
          <Point>
            <coordinates>-77.07234,-12.005616</coordinates>
          </Point>
        </Placemark>
        <Placemark>
          <name>-98</name>
          <description>
LAC: 26 CID: 2660:22 RNC: 0 PSC: 48
ACCURACY: 10
CHANGE_TYPE: CELL
TIMESTAMP: 26 may 2026 5:36:39 p.m.</description>
          <styleUrl>#style_40</styleUrl>
          <Point>
            <coordinates>-77.085964,-12.030034</coordinates>
          </Point>
        </Placemark>
        <Placemark>
          <name>-102</name>
          <description>
LAC: 26 CID: 2660:22 RNC: 0 PSC: 48
ACCURACY: 10
CHANGE_TYPE: CELL
TIMESTAMP: 26 may 2026 5:37:08 p.m.</description>
          <styleUrl>#style_40</styleUrl>
          <Point>
            <coordinates>-77.085876,-12.029854</coordinates>
          </Point>
        </Placemark>
        <Placemark>
          <name>-98</name>
          <description>
LAC: 26 CID: 2660:22 RNC: 0 PSC: 48
ACCURACY: 10
CHANGE_TYPE: DBM
TIMESTAMP: 26 may 2026 5:36:39 p.m.</description>
          <styleUrl>#style_40</styleUrl>
          <Point>
            <coordinates>-77.085964,-12.030034</coordinates>
          </Point>
        </Placemark>
        <Placemark>
          <name>-98</name>
          <description>
LAC: 26 CID: 2660:22 RNC: 0 PSC: 48
ACCURACY: 10
CHANGE_TYPE: DBM
TIMESTAMP: 26 may 2026 5:36:40 p.m.</description>
          <styleUrl>#style_40</styleUrl>
          <Point>
            <coordinates>-77.085964,-12.030034</coordinates>
          </Point>
        </Placemark>
        <Placemark>
          <name>-98</name>
          <description>
LAC: 26 CID: 2660:22 RNC: 0 PSC: 48
ACCURACY: 10
CHANGE_TYPE: DBM
TIMESTAMP: 26 may 2026 5:36:41 p.m.</description>
          <styleUrl>#style_40</styleUrl>
          <Point>
            <coordinates>-77.085964,-12.030034</coordinates>
          </Point>
        </Placemark>
        <Placemark>
          <name>-100</name>
          <description>
LAC: 26 CID: 2660:22 RNC: 0 PSC: 48
ACCURACY: 10
CHANGE_TYPE: DBM
TIMESTAMP: 26 may 2026 5:36:43 p.m.</description>
          <styleUrl>#style_40</styleUrl>
          <Point>
            <coordinates>-77.085964,-12.030034</coordinates>
          </Point>
        </Placemark>
        <Placemark>
          <name>-102</name>
          <description>
LAC: 26 CID: 2660:22 RNC: 0 PSC: 48
ACCURACY: 10
CHANGE_TYPE: DBM
TIMESTAMP: 26 may 2026 5:37:08 p.m.</description>
          <styleUrl>#style_40</styleUrl>
          <Point>
            <coordinates>-77.085876,-12.029854</coordinates>
          </Point>
        </Placemark>
        <Placemark>
          <name>-102</name>
          <description>
LAC: 26 CID: 2660:22 RNC: 0 PSC: 48
ACCURACY: 10
CHANGE_TYPE: DBM
TIMESTAMP: 26 may 2026 5:37:09 p.m.</description>
          <styleUrl>#style_40</styleUrl>
          <Point>
            <coordinates>-77.085839,-12.029811</coordinates>
          </Point>
        </Placemark>
        <Placemark>
          <name>-104</name>
          <description>
LAC: 26 CID: 2660:22 RNC: 0 PSC: 48
ACCURACY: 10
CHANGE_TYPE: DBM
TIMESTAMP: 26 may 2026 5:37:10 p.m.</description>
          <styleUrl>#style_40</styleUrl>
          <Point>
            <coordinates>-77.085839,-12.029811</coordinates>
          </Point>
        </Placemark>
        <Placemark>
          <name>-103</name>
          <description>
LAC: 26 CID: 2660:22 RNC: 0 PSC: 48
ACCURACY: 10
CHANGE_TYPE: DBM
TIMESTAMP: 26 may 2026 5:37:12 p.m.</description>
          <styleUrl>#style_40</styleUrl>
          <Point>
            <coordinates>-77.085839,-12.029811</coordinates>
          </Point>
        </Placemark>
        <Placemark>
          <name>-103</name>
          <description>
LAC: 26 CID: 2660:22 RNC: 0 PSC: 48
ACCURACY: 10
CHANGE_TYPE: DBM
TIMESTAMP: 26 may 2026 5:37:13 p.m.</description>
          <styleUrl>#style_40</styleUrl>
          <Point>
            <coordinates>-77.085839,-12.029811</coordinates>
          </Point>
        </Placemark>
        <Placemark>
          <name>-102</name>
          <description>
LAC: 26 CID: 2660:22 RNC: 0 PSC: 48
ACCURACY: 10
CHANGE_TYPE: GPS
TIMESTAMP: 26 may 2026 5:37:08 p.m.</description>
          <styleUrl>#style_40</styleUrl>
          <Point>
            <coordinates>-77.085839,-12.029811</coordinates>
          </Point>
        </Placemark>
        <Placemark>
          <name>-103</name>
          <description>
LAC: 26 CID: 2660:22 RNC: 0 PSC: 48
ACCURACY: 10
CHANGE_TYPE: GPS
TIMESTAMP: 26 may 2026 5:37:13 p.m.</description>
          <styleUrl>#style_40</styleUrl>
          <Point>
            <coordinates>-77.085813,-12.029773</coordinates>
          </Point>
        </Placemark>
      </Folder>
      <Folder>
        <open>0</open>
        <name>LAC: 26 CID: 2660:111 RNC: 0 PSC: 48</name>
        <Placemark>
          <name>26/681071 LTE</name>
          <description>~18839 (yd), Provincia de Lima, XWWG+M6H, Los Olivos 15302, Perú</description>
          <styleUrl>#style_cur</styleUrl>
          <Point>
            <coordinates>-77.07413,-12.002755</coordinates>
          </Point>
        </Placemark>
        <Placemark>
          <name>-105</name>
          <description>
LAC: 26 CID: 2660:111 RNC: 0 PSC: 48
ACCURACY: 18
CHANGE_TYPE: CELL
TIMESTAMP: 26 may 2026 5:26:28 p.m.</description>
          <styleUrl>#style_40</styleUrl>
          <Point>
            <coordinates>-77.090366,-12.030169</coordinates>
          </Point>
        </Placemark>
        <Placemark>
          <name>-106</name>
          <description>
LAC: 26 CID: 2660:111 RNC: 0 PSC: 48
ACCURACY: 14
CHANGE_TYPE: CELL
TIMESTAMP: 26 may 2026 5:27:28 p.m.</description>
          <styleUrl>#style_40</styleUrl>
          <Point>
            <coordinates>-77.089814,-12.030228</coordinates>
          </Point>
        </Placemark>
        <Placemark>
          <name>-105</name>
          <description>
LAC: 26 CID: 2660:111 RNC: 0 PSC: 48
ACCURACY: 18
CHANGE_TYPE: DBM
TIMESTAMP: 26 may 2026 5:26:28 p.m.</description>
          <styleUrl>#style_40</styleUrl>
          <Point>
            <coordinates>-77.090366,-12.030169</coordinates>
          </Point>
        </Placemark>
        <Placemark>
          <name>-105</name>
          <description>
LAC: 26 CID: 2660:111 RNC: 0 PSC: 48
ACCURACY: 18
CHANGE_TYPE: DBM
TIMESTAMP: 26 may 2026 5:26:29 p.m.</description>
          <styleUrl>#style_40</styleUrl>
          <Point>
            <coordinates>-77.090366,-12.030169</coordinates>
          </Point>
        </Placemark>
        <Placemark>
          <name>-114</name>
          <description>
LAC: 26 CID: 2660:111 RNC: 0 PSC: 48
ACCURACY: 18
CHANGE_TYPE: DBM
TIMESTAMP: 26 may 2026 5:26:31 p.m.</description>
          <styleUrl>#style_30</styleUrl>
          <Point>
            <coordinates>-77.090366,-12.030169</coordinates>
          </Point>
        </Placemark>
        <Placemark>
          <name>-114</name>
          <description>
LAC: 26 CID: 2660:111 RNC: 0 PSC: 48
ACCURACY: 18
CHANGE_TYPE: DBM
TIMESTAMP: 26 may 2026 5:26:32 p.m.</description>
          <styleUrl>#style_30</styleUrl>
          <Point>
            <coordinates>-77.090366,-12.030169</coordinates>
          </Point>
        </Placemark>
        <Placemark>
          <name>-106</name>
          <description>
LAC: 26 CID: 2660:111 RNC: 0 PSC: 48
ACCURACY: 14
CHANGE_TYPE: DBM
TIMESTAMP: 26 may 2026 5:27:28 p.m.</description>
          <styleUrl>#style_40</styleUrl>
          <Point>
            <coordinates>-77.089814,-12.030228</coordinates>
          </Point>
        </Placemark>
        <Placemark>
          <name>-106</name>
          <description>
LAC: 26 CID: 2660:111 RNC: 0 PSC: 48
ACCURACY: 14
CHANGE_TYPE: DBM
TIMESTAMP: 26 may 2026 5:27:29 p.m.</description>
          <styleUrl>#style_40</styleUrl>
          <Point>
            <coordinates>-77.089814,-12.030228</coordinates>
          </Point>
        </Placemark>
        <Placemark>
          <name>-104</name>
          <description>
LAC: 26 CID: 2660:111 RNC: 0 PSC: 48
ACCURACY: 16
CHANGE_TYPE: DBM
TIMESTAMP: 26 may 2026 5:27:30 p.m.</description>
          <styleUrl>#style_40</styleUrl>
          <Point>
            <coordinates>-77.089762,-12.030238</coordinates>
          </Point>
        </Placemark>
        <Placemark>
          <name>-104</name>
          <description>
LAC: 26 CID: 2660:111 RNC: 0 PSC: 48
ACCURACY: 16
CHANGE_TYPE: DBM
TIMESTAMP: 26 may 2026 5:27:31 p.m.</description>
          <styleUrl>#style_40</styleUrl>
          <Point>
            <coordinates>-77.089762,-12.030238</coordinates>
          </Point>
        </Placemark>
        <Placemark>
          <name>-106</name>
          <description>
LAC: 26 CID: 2660:111 RNC: 0 PSC: 48
ACCURACY: 16
CHANGE_TYPE: GPS
TIMESTAMP: 26 may 2026 5:27:29 p.m.</description>
          <styleUrl>#style_40</styleUrl>
          <Point>
            <coordinates>-77.089762,-12.030238</coordinates>
          </Point>
        </Placemark>
      </Folder>
      <Folder>
        <open>0</open>
        <name>LAC: 26 CID: 5356:2 RNC: 0 PSC: 38</name>
        <Placemark>
          <name>26/1371138 LTE</name>
          <description>~547 (yd), Provincia de Lima, Moquegua 3842, San Martín de Porres 15106, Perú</description>
          <styleUrl>#style_cur</styleUrl>
          <Point>
            <coordinates>-77.09175,-12.033351</coordinates>
          </Point>
        </Placemark>
        <Placemark>
          <name>-106</name>
          <description>
LAC: 26 CID: 5356:2 RNC: 0 PSC: 38
ACCURACY: 13
CHANGE_TYPE: CELL
TIMESTAMP: 26 may 2026 5:26:16 p.m.</description>
          <styleUrl>#style_40</styleUrl>
          <Point>
            <coordinates>-77.090502,-12.030211</coordinates>
          </Point>
        </Placemark>
        <Placemark>
          <name>-99</name>
          <description>
LAC: 26 CID: 5356:2 RNC: 0 PSC: 38
ACCURACY: 18
CHANGE_TYPE: CELL
TIMESTAMP: 26 may 2026 5:26:33 p.m.</description>
          <styleUrl>#style_40</styleUrl>
          <Point>
            <coordinates>-77.090366,-12.030169</coordinates>
          </Point>
        </Placemark>
        <Placemark>
          <name>-1</name>
          <description>
LAC: 26 CID: 5356:2 RNC: 0 PSC: 38
ACCURACY: 14
CHANGE_TYPE: CELL
TIMESTAMP: 26 may 2026 5:26:43 p.m.</description>
          <styleUrl>#style_0</styleUrl>
          <Point>
            <coordinates>-77.090229,-12.030227</coordinates>
          </Point>
        </Placemark>
        <Placemark>
          <name>-1</name>
          <description>
LAC: 26 CID: 5356:2 RNC: 0 PSC: 38
ACCURACY: 11
CHANGE_TYPE: CELL
TIMESTAMP: 26 may 2026 5:27:55 p.m.</description>
          <styleUrl>#style_0</styleUrl>
          <Point>
            <coordinates>-77.08952,-12.030276</coordinates>
          </Point>
        </Placemark>
        <Placemark>
          <name>-1</name>
          <description>
LAC: 26 CID: 5356:2 RNC: 0 PSC: 38
ACCURACY: 13
CHANGE_TYPE: CELL
TIMESTAMP: 26 may 2026 5:28:38 p.m.</description>
          <styleUrl>#style_0</styleUrl>
          <Point>
            <coordinates>-77.089149,-12.030342</coordinates>
          </Point>
        </Placemark>
        <Placemark>
          <name>-106</name>
          <description>
LAC: 26 CID: 5356:2 RNC: 0 PSC: 38
ACCURACY: 13
CHANGE_TYPE: DBM
TIMESTAMP: 26 may 2026 5:26:16 p.m.</description>
          <styleUrl>#style_40</styleUrl>
          <Point>
            <coordinates>-77.090502,-12.030211</coordinates>
          </Point>
        </Placemark>
        <Placemark>
          <name>-106</name>
          <description>
LAC: 26 CID: 5356:2 RNC: 0 PSC: 38
ACCURACY: 13
CHANGE_TYPE: DBM
TIMESTAMP: 26 may 2026 5:26:17 p.m.</description>
          <styleUrl>#style_40</styleUrl>
          <Point>
            <coordinates>-77.090502,-12.030211</coordinates>
          </Point>
        </Placemark>
        <Placemark>
          <name>-106</name>
          <description>
LAC: 26 CID: 5356:2 RNC: 0 PSC: 38
ACCURACY: 13
CHANGE_TYPE: DBM
TIMESTAMP: 26 may 2026 5:26:18 p.m.</description>
          <styleUrl>#style_40</styleUrl>
          <Point>
            <coordinates>-77.090502,-12.030211</coordinates>
          </Point>
        </Placemark>
        <Placemark>
          <name>-106</name>
          <description>
LAC: 26 CID: 5356:2 RNC: 0 PSC: 38
ACCURACY: 13
CHANGE_TYPE: DBM
TIMESTAMP: 26 may 2026 5:26:19 p.m.</description>
          <styleUrl>#style_40</styleUrl>
          <Point>
            <coordinates>-77.090502,-12.030211</coordinates>
          </Point>
        </Placemark>
        <Placemark>
          <name>-106</name>
          <description>
LAC: 26 CID: 5356:2 RNC: 0 PSC: 38
ACCURACY: 16
CHANGE_TYPE: DBM
TIMESTAMP: 26 may 2026 5:26:20 p.m.</description>
          <styleUrl>#style_40</styleUrl>
          <Point>
            <coordinates>-77.090393,-12.03023</coordinates>
          </Point>
        </Placemark>
        <Placemark>
          <name>-106</name>
          <description>
LAC: 26 CID: 5356:2 RNC: 0 PSC: 38
ACCURACY: 16
CHANGE_TYPE: DBM
TIMESTAMP: 26 may 2026 5:26:21 p.m.</description>
          <styleUrl>#style_40</styleUrl>
          <Point>
            <coordinates>-77.090393,-12.03023</coordinates>
          </Point>
        </Placemark>
        <Placemark>
          <name>-108</name>
          <description>
LAC: 26 CID: 5356:2 RNC: 0 PSC: 38
ACCURACY: 16
CHANGE_TYPE: DBM
TIMESTAMP: 26 may 2026 5:26:22 p.m.</description>
          <styleUrl>#style_30</styleUrl>
          <Point>
            <coordinates>-77.090393,-12.03023</coordinates>
          </Point>
        </Placemark>
        <Placemark>
          <name>-108</name>
          <description>
LAC: 26 CID: 5356:2 RNC: 0 PSC: 38
ACCURACY: 16
CHANGE_TYPE: DBM
TIMESTAMP: 26 may 2026 5:26:23 p.m.</description>
          <styleUrl>#style_30</styleUrl>
          <Point>
            <coordinates>-77.090393,-12.03023</coordinates>
          </Point>
        </Placemark>
        <Placemark>
          <name>-104</name>
          <description>
LAC: 26 CID: 5356:2 RNC: 0 PSC: 38
ACCURACY: 16
CHANGE_TYPE: DBM
TIMESTAMP: 26 may 2026 5:26:24 p.m.</description>
          <styleUrl>#style_40</styleUrl>
          <Point>
            <coordinates>-77.090393,-12.03023</coordinates>
          </Point>
        </Placemark>
        <Placemark>
          <name>-104</name>
          <description>
LAC: 26 CID: 5356:2 RNC: 0 PSC: 38
ACCURACY: 18
CHANGE_TYPE: DBM
TIMESTAMP: 26 may 2026 5:26:25 p.m.</description>
          <styleUrl>#style_40</styleUrl>
          <Point>
            <coordinates>-77.090366,-12.030169</coordinates>
          </Point>
        </Placemark>
        <Placemark>
          <name>-102</name>
          <description>
LAC: 26 CID: 5356:2 RNC: 0 PSC: 38
ACCURACY: 18
CHANGE_TYPE: DBM
TIMESTAMP: 26 may 2026 5:26:26 p.m.</description>
          <styleUrl>#style_40</styleUrl>
          <Point>
            <coordinates>-77.090366,-12.030169</coordinates>
          </Point>
        </Placemark>
        <Placemark>
          <name>-99</name>
          <description>
LAC: 26 CID: 5356:2 RNC: 0 PSC: 38
ACCURACY: 18
CHANGE_TYPE: DBM
TIMESTAMP: 26 may 2026 5:26:33 p.m.</description>
          <styleUrl>#style_40</styleUrl>
          <Point>
            <coordinates>-77.090366,-12.030169</coordinates>
          </Point>
        </Placemark>
        <Placemark>
          <name>-99</name>
          <description>
LAC: 26 CID: 5356:2 RNC: 0 PSC: 38
ACCURACY: 18
CHANGE_TYPE: DBM
TIMESTAMP: 26 may 2026 5:26:34 p.m.</description>
          <styleUrl>#style_40</styleUrl>
          <Point>
            <coordinates>-77.090366,-12.030169</coordinates>
          </Point>
        </Placemark>
        <Placemark>
          <name>-101</name>
          <description>
LAC: 26 CID: 5356:2 RNC: 0 PSC: 38
ACCURACY: 17
CHANGE_TYPE: DBM
TIMESTAMP: 26 may 2026 5:26:35 p.m.</description>
          <styleUrl>#style_40</styleUrl>
          <Point>
            <coordinates>-77.090282,-12.030192</coordinates>
          </Point>
        </Placemark>
        <Placemark>
          <name>-100</name>
          <description>
LAC: 26 CID: 5356:2 RNC: 0 PSC: 38
ACCURACY: 17
CHANGE_TYPE: DBM
TIMESTAMP: 26 may 2026 5:26:37 p.m.</description>
          <styleUrl>#style_40</styleUrl>
          <Point>
            <coordinates>-77.090282,-12.030192</coordinates>
          </Point>
        </Placemark>
        <Placemark>
          <name>-100</name>
          <description>
LAC: 26 CID: 5356:2 RNC: 0 PSC: 38
ACCURACY: 17
CHANGE_TYPE: DBM
TIMESTAMP: 26 may 2026 5:26:38 p.m.</description>
          <styleUrl>#style_40</styleUrl>
          <Point>
            <coordinates>-77.090282,-12.030192</coordinates>
          </Point>
        </Placemark>
        <Placemark>
          <name>-1</name>
          <description>
LAC: 26 CID: 5356:2 RNC: 0 PSC: 38
ACCURACY: 14
CHANGE_TYPE: DBM
TIMESTAMP: 26 may 2026 5:26:43 p.m.</description>
          <styleUrl>#style_0</styleUrl>
          <Point>
            <coordinates>-77.090229,-12.030227</coordinates>
          </Point>
        </Placemark>
        <Placemark>
          <name>-1</name>
          <description>
LAC: 26 CID: 5356:2 RNC: 0 PSC: 38
ACCURACY: 14
CHANGE_TYPE: DBM
TIMESTAMP: 26 may 2026 5:26:44 p.m.</description>
          <styleUrl>#style_0</styleUrl>
          <Point>
            <coordinates>-77.090229,-12.030227</coordinates>
          </Point>
        </Placemark>
        <Placemark>
          <name>-96</name>
          <description>
LAC: 26 CID: 5356:2 RNC: 0 PSC: 38
ACCURACY: 14
CHANGE_TYPE: DBM
TIMESTAMP: 26 may 2026 5:26:45 p.m.</description>
          <styleUrl>#style_50</styleUrl>
          <Point>
            <coordinates>-77.090229,-12.030227</coordinates>
          </Point>
        </Placemark>
        <Placemark>
          <name>-96</name>
          <description>
LAC: 26 CID: 5356:2 RNC: 0 PSC: 38
ACCURACY: 14
CHANGE_TYPE: DBM
TIMESTAMP: 26 may 2026 5:26:46 p.m.</description>
          <styleUrl>#style_50</styleUrl>
          <Point>
            <coordinates>-77.090229,-12.030227</coordinates>
          </Point>
        </Placemark>
        <Placemark>
          <name>-93</name>
          <description>
LAC: 26 CID: 5356:2 RNC: 0 PSC: 38
ACCURACY: 14
CHANGE_TYPE: DBM
TIMESTAMP: 26 may 2026 5:26:47 p.m.</description>
          <styleUrl>#style_50</styleUrl>
          <Point>
            <coordinates>-77.090229,-12.030227</coordinates>
          </Point>
        </Placemark>
        <Placemark>
          <name>-92</name>
          <description>
LAC: 26 CID: 5356:2 RNC: 0 PSC: 38
ACCURACY: 14
CHANGE_TYPE: DBM
TIMESTAMP: 26 may 2026 5:26:49 p.m.</description>
          <styleUrl>#style_50</styleUrl>
          <Point>
            <coordinates>-77.090229,-12.030227</coordinates>
          </Point>
        </Placemark>
        <Placemark>
          <name>-92</name>
          <description>
LAC: 26 CID: 5356:2 RNC: 0 PSC: 38
ACCURACY: 12
CHANGE_TYPE: DBM
TIMESTAMP: 26 may 2026 5:26:50 p.m.</description>
          <styleUrl>#style_50</styleUrl>
          <Point>
            <coordinates>-77.090144,-12.030224</coordinates>
          </Point>
        </Placemark>
        <Placemark>
          <name>-98</name>
          <description>
LAC: 26 CID: 5356:2 RNC: 0 PSC: 38
ACCURACY: 12
CHANGE_TYPE: DBM
TIMESTAMP: 26 may 2026 5:26:51 p.m.</description>
          <styleUrl>#style_40</styleUrl>
          <Point>
            <coordinates>-77.090144,-12.030224</coordinates>
          </Point>
        </Placemark>
        <Placemark>
          <name>-101</name>
          <description>
LAC: 26 CID: 5356:2 RNC: 0 PSC: 38
ACCURACY: 12
CHANGE_TYPE: DBM
TIMESTAMP: 26 may 2026 5:26:53 p.m.</description>
          <styleUrl>#style_40</styleUrl>
          <Point>
            <coordinates>-77.090144,-12.030224</coordinates>
          </Point>
        </Placemark>
        <Placemark>
          <name>-101</name>
          <description>
LAC: 26 CID: 5356:2 RNC: 0 PSC: 38
ACCURACY: 12
CHANGE_TYPE: DBM
TIMESTAMP: 26 may 2026 5:26:54 p.m.</description>
          <styleUrl>#style_40</styleUrl>
          <Point>
            <coordinates>-77.090144,-12.030224</coordinates>
          </Point>
        </Placemark>
        <Placemark>
          <name>-101</name>
          <description>
LAC: 26 CID: 5356:2 RNC: 0 PSC: 38
ACCURACY: 12
CHANGE_TYPE: DBM
TIMESTAMP: 26 may 2026 5:26:55 p.m.</description>
          <styleUrl>#style_40</styleUrl>
          <Point>
            <coordinates>-77.090144,-12.030224</coordinates>
          </Point>
        </Placemark>
        <Placemark>
          <name>-101</name>
          <description>
LAC: 26 CID: 5356:2 RNC: 0 PSC: 38
ACCURACY: 12
CHANGE_TYPE: DBM
TIMESTAMP: 26 may 2026 5:26:56 p.m.</description>
          <styleUrl>#style_40</styleUrl>
          <Point>
            <coordinates>-77.090144,-12.030224</coordinates>
          </Point>
        </Placemark>
        <Placemark>
          <name>-100</name>
          <description>
LAC: 26 CID: 5356:2 RNC: 0 PSC: 38
ACCURACY: 12
CHANGE_TYPE: DBM
TIMESTAMP: 26 may 2026 5:26:57 p.m.</description>
          <styleUrl>#style_40</styleUrl>
          <Point>
            <coordinates>-77.090144,-12.030224</coordinates>
          </Point>
        </Placemark>
        <Placemark>
          <name>-100</name>
          <description>
LAC: 26 CID: 5356:2 RNC: 0 PSC: 38
ACCURACY: 12
CHANGE_TYPE: DBM
TIMESTAMP: 26 may 2026 5:26:58 p.m.</description>
          <styleUrl>#style_40</styleUrl>
          <Point>
            <coordinates>-77.090144,-12.030224</coordinates>
          </Point>
        </Placemark>
        <Placemark>
          <name>-101</name>
          <description>
LAC: 26 CID: 5356:2 RNC: 0 PSC: 38
ACCURACY: 12
CHANGE_TYPE: DBM
TIMESTAMP: 26 may 2026 5:26:59 p.m.</description>
          <styleUrl>#style_40</styleUrl>
          <Point>
            <coordinates>-77.090144,-12.030224</coordinates>
          </Point>
        </Placemark>
        <Placemark>
          <name>-101</name>
          <description>
LAC: 26 CID: 5356:2 RNC: 0 PSC: 38
ACCURACY: 14
CHANGE_TYPE: DBM
TIMESTAMP: 26 may 2026 5:27:00 p.m.</description>
          <styleUrl>#style_40</styleUrl>
          <Point>
            <coordinates>-77.090049,-12.030194</coordinates>
          </Point>
        </Placemark>
        <Placemark>
          <name>-101</name>
          <description>
LAC: 26 CID: 5356:2 RNC: 0 PSC: 38
ACCURACY: 14
CHANGE_TYPE: DBM
TIMESTAMP: 26 may 2026 5:27:01 p.m.</description>
          <styleUrl>#style_40</styleUrl>
          <Point>
            <coordinates>-77.090049,-12.030194</coordinates>
          </Point>
        </Placemark>
        <Placemark>
          <name>-101</name>
          <description>
LAC: 26 CID: 5356:2 RNC: 0 PSC: 38
ACCURACY: 14
CHANGE_TYPE: DBM
TIMESTAMP: 26 may 2026 5:27:02 p.m.</description>
          <styleUrl>#style_40</styleUrl>
          <Point>
            <coordinates>-77.090049,-12.030194</coordinates>
          </Point>
        </Placemark>
        <Placemark>
          <name>-1</name>
          <description>
LAC: 26 CID: 5356:2 RNC: 0 PSC: 38
ACCURACY: 11
CHANGE_TYPE: DBM
TIMESTAMP: 26 may 2026 5:27:55 p.m.</description>
          <styleUrl>#style_0</styleUrl>
          <Point>
            <coordinates>-77.08952,-12.030276</coordinates>
          </Point>
        </Placemark>
        <Placemark>
          <name>-1</name>
          <description>
LAC: 26 CID: 5356:2 RNC: 0 PSC: 38
ACCURACY: 11
CHANGE_TYPE: DBM
TIMESTAMP: 26 may 2026 5:27:56 p.m.</description>
          <styleUrl>#style_0</styleUrl>
          <Point>
            <coordinates>-77.08952,-12.030276</coordinates>
          </Point>
        </Placemark>
        <Placemark>
          <name>-1</name>
          <description>
LAC: 26 CID: 5356:2 RNC: 0 PSC: 38
ACCURACY: 13
CHANGE_TYPE: DBM
TIMESTAMP: 26 may 2026 5:28:38 p.m.</description>
          <styleUrl>#style_0</styleUrl>
          <Point>
            <coordinates>-77.089149,-12.030342</coordinates>
          </Point>
        </Placemark>
        <Placemark>
          <name>-106</name>
          <description>
LAC: 26 CID: 5356:2 RNC: 0 PSC: 38
ACCURACY: 16
CHANGE_TYPE: GPS
TIMESTAMP: 26 may 2026 5:26:19 p.m.</description>
          <styleUrl>#style_40</styleUrl>
          <Point>
            <coordinates>-77.090393,-12.03023</coordinates>
          </Point>
        </Placemark>
        <Placemark>
          <name>-104</name>
          <description>
LAC: 26 CID: 5356:2 RNC: 0 PSC: 38
ACCURACY: 18
CHANGE_TYPE: GPS
TIMESTAMP: 26 may 2026 5:26:24 p.m.</description>
          <styleUrl>#style_40</styleUrl>
          <Point>
            <coordinates>-77.090366,-12.030169</coordinates>
          </Point>
        </Placemark>
        <Placemark>
          <name>-99</name>
          <description>
LAC: 26 CID: 5356:2 RNC: 0 PSC: 38
ACCURACY: 17
CHANGE_TYPE: GPS
TIMESTAMP: 26 may 2026 5:26:34 p.m.</description>
          <styleUrl>#style_40</styleUrl>
          <Point>
            <coordinates>-77.090282,-12.030192</coordinates>
          </Point>
        </Placemark>
        <Placemark>
          <name>-92</name>
          <description>
LAC: 26 CID: 5356:2 RNC: 0 PSC: 38
ACCURACY: 12
CHANGE_TYPE: GPS
TIMESTAMP: 26 may 2026 5:26:49 p.m.</description>
          <styleUrl>#style_50</styleUrl>
          <Point>
            <coordinates>-77.090144,-12.030224</coordinates>
          </Point>
        </Placemark>
        <Placemark>
          <name>-101</name>
          <description>
LAC: 26 CID: 5356:2 RNC: 0 PSC: 38
ACCURACY: 14
CHANGE_TYPE: GPS
TIMESTAMP: 26 may 2026 5:26:59 p.m.</description>
          <styleUrl>#style_40</styleUrl>
          <Point>
            <coordinates>-77.090049,-12.030194</coordinates>
          </Point>
        </Placemark>
      </Folder>
      <Folder>
        <open>0</open>
        <name>LAC: 26 CID: 5356:22 RNC: 0 PSC: 38</name>
        <Placemark>
          <name>26/1371158 LTE</name>
          <description>~17989 (yd), Provincia de Lima, XWWG+MXH, Los Queros, Los Olivos 15302, Perú</description>
          <styleUrl>#style_cur</styleUrl>
          <Point>
            <coordinates>-77.07198,-12.004016</coordinates>
          </Point>
        </Placemark>
      </Folder>
      <Folder>
        <open>0</open>
        <name>LAC: 27 CID: 182:2 RNC: 0 PSC: 269</name>
        <Placemark>
          <name>27/46594 LTE</name>
          <description>~6608 (yd), Provincia de Lima, Jirón Ica 3702, San Martín de Porres 15106, Perú</description>
          <styleUrl>#style_cur</styleUrl>
          <Point>
            <coordinates>-77.088524,-12.030936</coordinates>
          </Point>
        </Placemark>
      </Folder>
      <Folder>
        <open>0</open>
        <name>LAC: 27 CID: 182:22 RNC: 0 PSC: 269</name>
        <Placemark>
          <name>27/46614 LTE</name>
          <description>~19335 (yd), Callao, Av. Argentina 3093, Callao 07001, Perú</description>
          <styleUrl>#style_cur</styleUrl>
          <Point>
            <coordinates>-77.110016,-12.048401</coordinates>
          </Point>
        </Placemark>
      </Folder>
      <Folder>
        <open>0</open>
        <name>LAC: 27 CID: 251660:2 RNC: 0 PSC: 14</name>
        <Placemark>
          <name>27/64424962 LTE</name>
          <description>~19041 (yd), Callao, XV2Q+69J, Avenida Principal, Callao 07001, Perú</description>
          <styleUrl>#style_cur</styleUrl>
          <Point>
            <coordinates>-77.1116,-12.049447</coordinates>
          </Point>
        </Placemark>
      </Folder>
      <Folder>
        <open>0</open>
        <name>LAC: 38 CID: 8:1 RNC: 0 PSC: 112</name>
        <Placemark>
          <name>38/2049 LTE</name>
          <description>~17759 (yd), Provincia de Lima, Stand A88, C.C. Mesa Redonda, Av. Argentina 428, Lima 15079, Perú</description>
          <styleUrl>#style_cur</styleUrl>
          <Point>
            <coordinates>-77.04769,-12.042526</coordinates>
          </Point>
        </Placemark>
      </Folder>
      <Folder>
        <open>0</open>
        <name>LAC: 38 CID: 95:3 RNC: 0 PSC: 102</name>
        <Placemark>
          <name>38/24323 LTE</name>
          <description>~8298 (yd), Provincia de Lima, Jirón Huancavelica 3043, San Martín de Porres 15106, Perú</description>
          <styleUrl>#style_cur</styleUrl>
          <Point>
            <coordinates>-77.07905,-12.032877</coordinates>
          </Point>
        </Placemark>
      </Folder>
      <Folder>
        <open>0</open>
        <name>LAC: 38 CID: 447:1 RNC: 0 PSC: 78</name>
        <Placemark>
          <name>38/114433 LTE</name>
          <description>~623 (yd), Provincia de Lima, Jr. Ayacucho 3647, San Martín de Porres 15106, Perú</description>
          <styleUrl>#style_cur</styleUrl>
          <Point>
            <coordinates>-77.088005,-12.032387</coordinates>
          </Point>
        </Placemark>
        <Placemark>
          <name>-1</name>
          <description>
LAC: 38 CID: 447:1 RNC: 0 PSC: 78
ACCURACY: 12
CHANGE_TYPE: CELL
TIMESTAMP: 26 may 2026 5:33:47 p.m.</description>
          <styleUrl>#style_0</styleUrl>
          <Point>
            <coordinates>-77.087017,-12.030597</coordinates>
          </Point>
        </Placemark>
        <Placemark>
          <name>-65</name>
          <description>
LAC: 38 CID: 447:1 RNC: 0 PSC: 78
ACCURACY: 13
CHANGE_TYPE: CELL
TIMESTAMP: 26 may 2026 5:33:59 p.m.</description>
          <styleUrl>#style_80</styleUrl>
          <Point>
            <coordinates>-77.08691,-12.030615</coordinates>
          </Point>
        </Placemark>
        <Placemark>
          <name>-1</name>
          <description>
LAC: 38 CID: 447:1 RNC: 0 PSC: 78
ACCURACY: 12
CHANGE_TYPE: DBM
TIMESTAMP: 26 may 2026 5:33:47 p.m.</description>
          <styleUrl>#style_0</styleUrl>
          <Point>
            <coordinates>-77.087017,-12.030597</coordinates>
          </Point>
        </Placemark>
        <Placemark>
          <name>-1</name>
          <description>
LAC: 38 CID: 447:1 RNC: 0 PSC: 78
ACCURACY: 12
CHANGE_TYPE: DBM
TIMESTAMP: 26 may 2026 5:33:48 p.m.</description>
          <styleUrl>#style_0</styleUrl>
          <Point>
            <coordinates>-77.087017,-12.030597</coordinates>
          </Point>
        </Placemark>
        <Placemark>
          <name>-69</name>
          <description>
LAC: 38 CID: 447:1 RNC: 0 PSC: 78
ACCURACY: 12
CHANGE_TYPE: DBM
TIMESTAMP: 26 may 2026 5:33:49 p.m.</description>
          <styleUrl>#style_70</styleUrl>
          <Point>
            <coordinates>-77.087017,-12.030597</coordinates>
          </Point>
        </Placemark>
        <Placemark>
          <name>-69</name>
          <description>
LAC: 38 CID: 447:1 RNC: 0 PSC: 78
ACCURACY: 13
CHANGE_TYPE: DBM
TIMESTAMP: 26 may 2026 5:33:50 p.m.</description>
          <styleUrl>#style_70</styleUrl>
          <Point>
            <coordinates>-77.086955,-12.030598</coordinates>
          </Point>
        </Placemark>
        <Placemark>
          <name>-65</name>
          <description>
LAC: 38 CID: 447:1 RNC: 0 PSC: 78
ACCURACY: 13
CHANGE_TYPE: DBM
TIMESTAMP: 26 may 2026 5:33:59 p.m.</description>
          <styleUrl>#style_80</styleUrl>
          <Point>
            <coordinates>-77.08691,-12.030615</coordinates>
          </Point>
        </Placemark>
        <Placemark>
          <name>-65</name>
          <description>
LAC: 38 CID: 447:1 RNC: 0 PSC: 78
ACCURACY: 13
CHANGE_TYPE: DBM
TIMESTAMP: 26 may 2026 5:34:01 p.m.</description>
          <styleUrl>#style_80</styleUrl>
          <Point>
            <coordinates>-77.08691,-12.030615</coordinates>
          </Point>
        </Placemark>
        <Placemark>
          <name>-73</name>
          <description>
LAC: 38 CID: 447:1 RNC: 0 PSC: 78
ACCURACY: 13
CHANGE_TYPE: DBM
TIMESTAMP: 26 may 2026 5:34:02 p.m.</description>
          <styleUrl>#style_70</styleUrl>
          <Point>
            <coordinates>-77.08691,-12.030615</coordinates>
          </Point>
        </Placemark>
        <Placemark>
          <name>-73</name>
          <description>
LAC: 38 CID: 447:1 RNC: 0 PSC: 78
ACCURACY: 13
CHANGE_TYPE: DBM
TIMESTAMP: 26 may 2026 5:34:03 p.m.</description>
          <styleUrl>#style_70</styleUrl>
          <Point>
            <coordinates>-77.08691,-12.030615</coordinates>
          </Point>
        </Placemark>
        <Placemark>
          <name>-69</name>
          <description>
LAC: 38 CID: 447:1 RNC: 0 PSC: 78
ACCURACY: 13
CHANGE_TYPE: GPS
TIMESTAMP: 26 may 2026 5:33:49 p.m.</description>
          <styleUrl>#style_70</styleUrl>
          <Point>
            <coordinates>-77.086955,-12.030598</coordinates>
          </Point>
        </Placemark>
        <Placemark>
          <name>-73</name>
          <description>
LAC: 38 CID: 447:1 RNC: 0 PSC: 78
ACCURACY: 12
CHANGE_TYPE: GPS
TIMESTAMP: 26 may 2026 5:34:03 p.m.</description>
          <styleUrl>#style_70</styleUrl>
          <Point>
            <coordinates>-77.086845,-12.030577</coordinates>
          </Point>
        </Placemark>
      </Folder>
      <Folder>
        <open>0</open>
        <name>LAC: 38 CID: 447:2 RNC: 0 PSC: 151</name>
        <Placemark>
          <name>38/114434 LTE</name>
          <description>~460 (yd), Provincia de Lima, Jirón Huancavelica 3407, San Martín de Porres 15106, Perú</description>
          <styleUrl>#style_cur</styleUrl>
          <Point>
            <coordinates>-77.084785,-12.032201</coordinates>
          </Point>
        </Placemark>
        <Placemark>
          <name>-70</name>
          <description>
LAC: 38 CID: 447:2 RNC: 0 PSC: 151
ACCURACY: 13
CHANGE_TYPE: CELL
TIMESTAMP: 26 may 2026 5:33:53 p.m.</description>
          <styleUrl>#style_70</styleUrl>
          <Point>
            <coordinates>-77.086955,-12.030598</coordinates>
          </Point>
        </Placemark>
        <Placemark>
          <name>-71</name>
          <description>
LAC: 38 CID: 447:2 RNC: 0 PSC: 151
ACCURACY: 12
CHANGE_TYPE: CELL
TIMESTAMP: 26 may 2026 5:34:04 p.m.</description>
          <styleUrl>#style_70</styleUrl>
          <Point>
            <coordinates>-77.086845,-12.030577</coordinates>
          </Point>
        </Placemark>
        <Placemark>
          <name>-101</name>
          <description>
LAC: 38 CID: 447:2 RNC: 0 PSC: 151
ACCURACY: 12
CHANGE_TYPE: CELL
TIMESTAMP: 26 may 2026 5:41:59 p.m.</description>
          <styleUrl>#style_40</styleUrl>
          <Point>
            <coordinates>-77.08501,-12.029543</coordinates>
          </Point>
        </Placemark>
        <Placemark>
          <name>-103</name>
          <description>
LAC: 38 CID: 447:2 RNC: 0 PSC: 151
ACCURACY: 12
CHANGE_TYPE: CELL
TIMESTAMP: 26 may 2026 5:42:05 p.m.</description>
          <styleUrl>#style_40</styleUrl>
          <Point>
            <coordinates>-77.08501,-12.029543</coordinates>
          </Point>
        </Placemark>
        <Placemark>
          <name>-77</name>
          <description>
LAC: 38 CID: 447:2 RNC: 0 PSC: 151
ACCURACY: 10
CHANGE_TYPE: CELL
TIMESTAMP: 26 may 2026 5:51:15 p.m.</description>
          <styleUrl>#style_60</styleUrl>
          <Point>
            <coordinates>-77.086078,-12.032137</coordinates>
          </Point>
        </Placemark>
        <Placemark>
          <name>-65</name>
          <description>
LAC: 38 CID: 447:2 RNC: 0 PSC: 151
ACCURACY: 10
CHANGE_TYPE: CELL
TIMESTAMP: 26 may 2026 5:52:16 p.m.</description>
          <styleUrl>#style_80</styleUrl>
          <Point>
            <coordinates>-77.085924,-12.031693</coordinates>
          </Point>
        </Placemark>
        <Placemark>
          <name>-59</name>
          <description>
LAC: 38 CID: 447:2 RNC: 0 PSC: 151
ACCURACY: 11
CHANGE_TYPE: CELL
TIMESTAMP: 26 may 2026 5:52:57 p.m.</description>
          <styleUrl>#style_80</styleUrl>
          <Point>
            <coordinates>-77.086139,-12.031618</coordinates>
          </Point>
        </Placemark>
        <Placemark>
          <name>-70</name>
          <description>
LAC: 38 CID: 447:2 RNC: 0 PSC: 151
ACCURACY: 13
CHANGE_TYPE: DBM
TIMESTAMP: 26 may 2026 5:33:53 p.m.</description>
          <styleUrl>#style_70</styleUrl>
          <Point>
            <coordinates>-77.086955,-12.030598</coordinates>
          </Point>
        </Placemark>
        <Placemark>
          <name>-75</name>
          <description>
LAC: 38 CID: 447:2 RNC: 0 PSC: 151
ACCURACY: 13
CHANGE_TYPE: DBM
TIMESTAMP: 26 may 2026 5:33:55 p.m.</description>
          <styleUrl>#style_70</styleUrl>
          <Point>
            <coordinates>-77.08691,-12.030615</coordinates>
          </Point>
        </Placemark>
        <Placemark>
          <name>-75</name>
          <description>
LAC: 38 CID: 447:2 RNC: 0 PSC: 151
ACCURACY: 13
CHANGE_TYPE: DBM
TIMESTAMP: 26 may 2026 5:33:56 p.m.</description>
          <styleUrl>#style_70</styleUrl>
          <Point>
            <coordinates>-77.08691,-12.030615</coordinates>
          </Point>
        </Placemark>
        <Placemark>
          <name>-71</name>
          <description>
LAC: 38 CID: 447:2 RNC: 0 PSC: 151
ACCURACY: 13
CHANGE_TYPE: DBM
TIMESTAMP: 26 may 2026 5:33:57 p.m.</description>
          <styleUrl>#style_70</styleUrl>
          <Point>
            <coordinates>-77.08691,-12.030615</coordinates>
          </Point>
        </Placemark>
        <Placemark>
          <name>-71</name>
          <description>
LAC: 38 CID: 447:2 RNC: 0 PSC: 151
ACCURACY: 13
CHANGE_TYPE: DBM
TIMESTAMP: 26 may 2026 5:33:58 p.m.</description>
          <styleUrl>#style_70</styleUrl>
          <Point>
            <coordinates>-77.08691,-12.030615</coordinates>
          </Point>
        </Placemark>
        <Placemark>
          <name>-71</name>
          <description>
LAC: 38 CID: 447:2 RNC: 0 PSC: 151
ACCURACY: 12
CHANGE_TYPE: DBM
TIMESTAMP: 26 may 2026 5:34:04 p.m.</description>
          <styleUrl>#style_70</styleUrl>
          <Point>
            <coordinates>-77.086845,-12.030577</coordinates>
          </Point>
        </Placemark>
        <Placemark>
          <name>-71</name>
          <description>
LAC: 38 CID: 447:2 RNC: 0 PSC: 151
ACCURACY: 12
CHANGE_TYPE: DBM
TIMESTAMP: 26 may 2026 5:34:05 p.m.</description>
          <styleUrl>#style_70</styleUrl>
          <Point>
            <coordinates>-77.086845,-12.030577</coordinates>
          </Point>
        </Placemark>
        <Placemark>
          <name>-71</name>
          <description>
LAC: 38 CID: 447:2 RNC: 0 PSC: 151
ACCURACY: 12
CHANGE_TYPE: DBM
TIMESTAMP: 26 may 2026 5:34:06 p.m.</description>
          <styleUrl>#style_70</styleUrl>
          <Point>
            <coordinates>-77.086845,-12.030577</coordinates>
          </Point>
        </Placemark>
        <Placemark>
          <name>-72</name>
          <description>
LAC: 38 CID: 447:2 RNC: 0 PSC: 151
ACCURACY: 12
CHANGE_TYPE: DBM
TIMESTAMP: 26 may 2026 5:34:08 p.m.</description>
          <styleUrl>#style_70</styleUrl>
          <Point>
            <coordinates>-77.086845,-12.030577</coordinates>
          </Point>
        </Placemark>
        <Placemark>
          <name>-71</name>
          <description>
LAC: 38 CID: 447:2 RNC: 0 PSC: 151
ACCURACY: 12
CHANGE_TYPE: DBM
TIMESTAMP: 26 may 2026 5:34:10 p.m.</description>
          <styleUrl>#style_70</styleUrl>
          <Point>
            <coordinates>-77.086845,-12.030577</coordinates>
          </Point>
        </Placemark>
        <Placemark>
          <name>-70</name>
          <description>
LAC: 38 CID: 447:2 RNC: 0 PSC: 151
ACCURACY: 12
CHANGE_TYPE: DBM
TIMESTAMP: 26 may 2026 5:34:12 p.m.</description>
          <styleUrl>#style_70</styleUrl>
          <Point>
            <coordinates>-77.086845,-12.030577</coordinates>
          </Point>
        </Placemark>
        <Placemark>
          <name>-70</name>
          <description>
LAC: 38 CID: 447:2 RNC: 0 PSC: 151
ACCURACY: 12
CHANGE_TYPE: DBM
TIMESTAMP: 26 may 2026 5:34:13 p.m.</description>
          <styleUrl>#style_70</styleUrl>
          <Point>
            <coordinates>-77.086845,-12.030577</coordinates>
          </Point>
        </Placemark>
        <Placemark>
          <name>-71</name>
          <description>
LAC: 38 CID: 447:2 RNC: 0 PSC: 151
ACCURACY: 11
CHANGE_TYPE: DBM
TIMESTAMP: 26 may 2026 5:34:14 p.m.</description>
          <styleUrl>#style_70</styleUrl>
          <Point>
            <coordinates>-77.086788,-12.030552</coordinates>
          </Point>
        </Placemark>
        <Placemark>
          <name>-71</name>
          <description>
LAC: 38 CID: 447:2 RNC: 0 PSC: 151
ACCURACY: 11
CHANGE_TYPE: DBM
TIMESTAMP: 26 may 2026 5:34:15 p.m.</description>
          <styleUrl>#style_70</styleUrl>
          <Point>
            <coordinates>-77.086788,-12.030552</coordinates>
          </Point>
        </Placemark>
        <Placemark>
          <name>-71</name>
          <description>
LAC: 38 CID: 447:2 RNC: 0 PSC: 151
ACCURACY: 11
CHANGE_TYPE: DBM
TIMESTAMP: 26 may 2026 5:34:16 p.m.</description>
          <styleUrl>#style_70</styleUrl>
          <Point>
            <coordinates>-77.086788,-12.030552</coordinates>
          </Point>
        </Placemark>
        <Placemark>
          <name>-71</name>
          <description>
LAC: 38 CID: 447:2 RNC: 0 PSC: 151
ACCURACY: 11
CHANGE_TYPE: DBM
TIMESTAMP: 26 may 2026 5:34:17 p.m.</description>
          <styleUrl>#style_70</styleUrl>
          <Point>
            <coordinates>-77.086788,-12.030552</coordinates>
          </Point>
        </Placemark>
        <Placemark>
          <name>-73</name>
          <description>
LAC: 38 CID: 447:2 RNC: 0 PSC: 151
ACCURACY: 11
CHANGE_TYPE: DBM
TIMESTAMP: 26 may 2026 5:34:18 p.m.</description>
          <styleUrl>#style_70</styleUrl>
          <Point>
            <coordinates>-77.086788,-12.030552</coordinates>
          </Point>
        </Placemark>
        <Placemark>
          <name>-73</name>
          <description>
LAC: 38 CID: 447:2 RNC: 0 PSC: 151
ACCURACY: 12
CHANGE_TYPE: DBM
TIMESTAMP: 26 may 2026 5:34:19 p.m.</description>
          <styleUrl>#style_70</styleUrl>
          <Point>
            <coordinates>-77.086743,-12.030577</coordinates>
          </Point>
        </Placemark>
        <Placemark>
          <name>-72</name>
          <description>
LAC: 38 CID: 447:2 RNC: 0 PSC: 151
ACCURACY: 12
CHANGE_TYPE: DBM
TIMESTAMP: 26 may 2026 5:34:20 p.m.</description>
          <styleUrl>#style_70</styleUrl>
          <Point>
            <coordinates>-77.086743,-12.030577</coordinates>
          </Point>
        </Placemark>
        <Placemark>
          <name>-72</name>
          <description>
LAC: 38 CID: 447:2 RNC: 0 PSC: 151
ACCURACY: 12
CHANGE_TYPE: DBM
TIMESTAMP: 26 may 2026 5:34:21 p.m.</description>
          <styleUrl>#style_70</styleUrl>
          <Point>
            <coordinates>-77.086743,-12.030577</coordinates>
          </Point>
        </Placemark>
        <Placemark>
          <name>-71</name>
          <description>
LAC: 38 CID: 447:2 RNC: 0 PSC: 151
ACCURACY: 12
CHANGE_TYPE: DBM
TIMESTAMP: 26 may 2026 5:34:22 p.m.</description>
          <styleUrl>#style_70</styleUrl>
          <Point>
            <coordinates>-77.086743,-12.030577</coordinates>
          </Point>
        </Placemark>
        <Placemark>
          <name>-72</name>
          <description>
LAC: 38 CID: 447:2 RNC: 0 PSC: 151
ACCURACY: 12
CHANGE_TYPE: DBM
TIMESTAMP: 26 may 2026 5:34:24 p.m.</description>
          <styleUrl>#style_70</styleUrl>
          <Point>
            <coordinates>-77.086692,-12.030596</coordinates>
          </Point>
        </Placemark>
        <Placemark>
          <name>-70</name>
          <description>
LAC: 38 CID: 447:2 RNC: 0 PSC: 151
ACCURACY: 12
CHANGE_TYPE: DBM
TIMESTAMP: 26 may 2026 5:34:26 p.m.</description>
          <styleUrl>#style_70</styleUrl>
          <Point>
            <coordinates>-77.086692,-12.030596</coordinates>
          </Point>
        </Placemark>
        <Placemark>
          <name>-72</name>
          <description>
LAC: 38 CID: 447:2 RNC: 0 PSC: 151
ACCURACY: 12
CHANGE_TYPE: DBM
TIMESTAMP: 26 may 2026 5:34:28 p.m.</description>
          <styleUrl>#style_70</styleUrl>
          <Point>
            <coordinates>-77.086692,-12.030596</coordinates>
          </Point>
        </Placemark>
        <Placemark>
          <name>-72</name>
          <description>
LAC: 38 CID: 447:2 RNC: 0 PSC: 151
ACCURACY: 13
CHANGE_TYPE: DBM
TIMESTAMP: 26 may 2026 5:34:29 p.m.</description>
          <styleUrl>#style_70</styleUrl>
          <Point>
            <coordinates>-77.086643,-12.030597</coordinates>
          </Point>
        </Placemark>
        <Placemark>
          <name>-74</name>
          <description>
LAC: 38 CID: 447:2 RNC: 0 PSC: 151
ACCURACY: 13
CHANGE_TYPE: DBM
TIMESTAMP: 26 may 2026 5:34:30 p.m.</description>
          <styleUrl>#style_70</styleUrl>
          <Point>
            <coordinates>-77.086643,-12.030597</coordinates>
          </Point>
        </Placemark>
        <Placemark>
          <name>-74</name>
          <description>
LAC: 38 CID: 447:2 RNC: 0 PSC: 151
ACCURACY: 13
CHANGE_TYPE: DBM
TIMESTAMP: 26 may 2026 5:34:31 p.m.</description>
          <styleUrl>#style_70</styleUrl>
          <Point>
            <coordinates>-77.086643,-12.030597</coordinates>
          </Point>
        </Placemark>
        <Placemark>
          <name>-71</name>
          <description>
LAC: 38 CID: 447:2 RNC: 0 PSC: 151
ACCURACY: 13
CHANGE_TYPE: DBM
TIMESTAMP: 26 may 2026 5:34:33 p.m.</description>
          <styleUrl>#style_70</styleUrl>
          <Point>
            <coordinates>-77.086643,-12.030597</coordinates>
          </Point>
        </Placemark>
        <Placemark>
          <name>-74</name>
          <description>
LAC: 38 CID: 447:2 RNC: 0 PSC: 151
ACCURACY: 13
CHANGE_TYPE: DBM
TIMESTAMP: 26 may 2026 5:34:35 p.m.</description>
          <styleUrl>#style_70</styleUrl>
          <Point>
            <coordinates>-77.086643,-12.030597</coordinates>
          </Point>
        </Placemark>
        <Placemark>
          <name>-74</name>
          <description>
LAC: 38 CID: 447:2 RNC: 0 PSC: 151
ACCURACY: 13
CHANGE_TYPE: DBM
TIMESTAMP: 26 may 2026 5:34:36 p.m.</description>
          <styleUrl>#style_70</styleUrl>
          <Point>
            <coordinates>-77.086643,-12.030597</coordinates>
          </Point>
        </Placemark>
        <Placemark>
          <name>-68</name>
          <description>
LAC: 38 CID: 447:2 RNC: 0 PSC: 151
ACCURACY: 13
CHANGE_TYPE: DBM
TIMESTAMP: 26 may 2026 5:34:37 p.m.</description>
          <styleUrl>#style_70</styleUrl>
          <Point>
            <coordinates>-77.086643,-12.030597</coordinates>
          </Point>
        </Placemark>
        <Placemark>
          <name>-68</name>
          <description>
LAC: 38 CID: 447:2 RNC: 0 PSC: 151
ACCURACY: 13
CHANGE_TYPE: DBM
TIMESTAMP: 26 may 2026 5:34:38 p.m.</description>
          <styleUrl>#style_70</styleUrl>
          <Point>
            <coordinates>-77.086643,-12.030597</coordinates>
          </Point>
        </Placemark>
        <Placemark>
          <name>-65</name>
          <description>
LAC: 38 CID: 447:2 RNC: 0 PSC: 151
ACCURACY: 13
CHANGE_TYPE: DBM
TIMESTAMP: 26 may 2026 5:34:39 p.m.</description>
          <styleUrl>#style_80</styleUrl>
          <Point>
            <coordinates>-77.086561,-12.030588</coordinates>
          </Point>
        </Placemark>
        <Placemark>
          <name>-65</name>
          <description>
LAC: 38 CID: 447:2 RNC: 0 PSC: 151
ACCURACY: 13
CHANGE_TYPE: DBM
TIMESTAMP: 26 may 2026 5:34:40 p.m.</description>
          <styleUrl>#style_80</styleUrl>
          <Point>
            <coordinates>-77.086561,-12.030588</coordinates>
          </Point>
        </Placemark>
        <Placemark>
          <name>-69</name>
          <description>
LAC: 38 CID: 447:2 RNC: 0 PSC: 151
ACCURACY: 13
CHANGE_TYPE: DBM
TIMESTAMP: 26 may 2026 5:34:41 p.m.</description>
          <styleUrl>#style_70</styleUrl>
          <Point>
            <coordinates>-77.086561,-12.030588</coordinates>
          </Point>
        </Placemark>
        <Placemark>
          <name>-69</name>
          <description>
LAC: 38 CID: 447:2 RNC: 0 PSC: 151
ACCURACY: 13
CHANGE_TYPE: DBM
TIMESTAMP: 26 may 2026 5:34:42 p.m.</description>
          <styleUrl>#style_70</styleUrl>
          <Point>
            <coordinates>-77.086561,-12.030588</coordinates>
          </Point>
        </Placemark>
        <Placemark>
          <name>-71</name>
          <description>
LAC: 38 CID: 447:2 RNC: 0 PSC: 151
ACCURACY: 13
CHANGE_TYPE: DBM
TIMESTAMP: 26 may 2026 5:34:43 p.m.</description>
          <styleUrl>#style_70</styleUrl>
          <Point>
            <coordinates>-77.086561,-12.030588</coordinates>
          </Point>
        </Placemark>
        <Placemark>
          <name>-71</name>
          <description>
LAC: 38 CID: 447:2 RNC: 0 PSC: 151
ACCURACY: 13
CHANGE_TYPE: DBM
TIMESTAMP: 26 may 2026 5:34:44 p.m.</description>
          <styleUrl>#style_70</styleUrl>
          <Point>
            <coordinates>-77.086561,-12.030588</coordinates>
          </Point>
        </Placemark>
        <Placemark>
          <name>-70</name>
          <description>
LAC: 38 CID: 447:2 RNC: 0 PSC: 151
ACCURACY: 13
CHANGE_TYPE: DBM
TIMESTAMP: 26 may 2026 5:34:45 p.m.</description>
          <styleUrl>#style_70</styleUrl>
          <Point>
            <coordinates>-77.086561,-12.030588</coordinates>
          </Point>
        </Placemark>
        <Placemark>
          <name>-70</name>
          <description>
LAC: 38 CID: 447:2 RNC: 0 PSC: 151
ACCURACY: 13
CHANGE_TYPE: DBM
TIMESTAMP: 26 may 2026 5:34:47 p.m.</description>
          <styleUrl>#style_70</styleUrl>
          <Point>
            <coordinates>-77.086561,-12.030588</coordinates>
          </Point>
        </Placemark>
        <Placemark>
          <name>-68</name>
          <description>
LAC: 38 CID: 447:2 RNC: 0 PSC: 151
ACCURACY: 12
CHANGE_TYPE: DBM
TIMESTAMP: 26 may 2026 5:34:49 p.m.</description>
          <styleUrl>#style_70</styleUrl>
          <Point>
            <coordinates>-77.086483,-12.030603</coordinates>
          </Point>
        </Placemark>
        <Placemark>
          <name>-66</name>
          <description>
LAC: 38 CID: 447:2 RNC: 0 PSC: 151
ACCURACY: 12
CHANGE_TYPE: DBM
TIMESTAMP: 26 may 2026 5:34:51 p.m.</description>
          <styleUrl>#style_80</styleUrl>
          <Point>
            <coordinates>-77.086483,-12.030603</coordinates>
          </Point>
        </Placemark>
        <Placemark>
          <name>-66</name>
          <description>
LAC: 38 CID: 447:2 RNC: 0 PSC: 151
ACCURACY: 12
CHANGE_TYPE: DBM
TIMESTAMP: 26 may 2026 5:34:52 p.m.</description>
          <styleUrl>#style_80</styleUrl>
          <Point>
            <coordinates>-77.086483,-12.030603</coordinates>
          </Point>
        </Placemark>
        <Placemark>
          <name>-73</name>
          <description>
LAC: 38 CID: 447:2 RNC: 0 PSC: 151
ACCURACY: 12
CHANGE_TYPE: DBM
TIMESTAMP: 26 may 2026 5:34:53 p.m.</description>
          <styleUrl>#style_70</styleUrl>
          <Point>
            <coordinates>-77.086483,-12.030603</coordinates>
          </Point>
        </Placemark>
        <Placemark>
          <name>-73</name>
          <description>
LAC: 38 CID: 447:2 RNC: 0 PSC: 151
ACCURACY: 12
CHANGE_TYPE: DBM
TIMESTAMP: 26 may 2026 5:34:54 p.m.</description>
          <styleUrl>#style_70</styleUrl>
          <Point>
            <coordinates>-77.086483,-12.030603</coordinates>
          </Point>
        </Placemark>
        <Placemark>
          <name>-72</name>
          <description>
LAC: 38 CID: 447:2 RNC: 0 PSC: 151
ACCURACY: 12
CHANGE_TYPE: DBM
TIMESTAMP: 26 may 2026 5:34:55 p.m.</description>
          <styleUrl>#style_70</styleUrl>
          <Point>
            <coordinates>-77.086483,-12.030603</coordinates>
          </Point>
        </Placemark>
        <Placemark>
          <name>-70</name>
          <description>
LAC: 38 CID: 447:2 RNC: 0 PSC: 151
ACCURACY: 12
CHANGE_TYPE: DBM
TIMESTAMP: 26 may 2026 5:34:57 p.m.</description>
          <styleUrl>#style_70</styleUrl>
          <Point>
            <coordinates>-77.086483,-12.030603</coordinates>
          </Point>
        </Placemark>
        <Placemark>
          <name>-70</name>
          <description>
LAC: 38 CID: 447:2 RNC: 0 PSC: 151
ACCURACY: 12
CHANGE_TYPE: DBM
TIMESTAMP: 26 may 2026 5:34:58 p.m.</description>
          <styleUrl>#style_70</styleUrl>
          <Point>
            <coordinates>-77.086483,-12.030603</coordinates>
          </Point>
        </Placemark>
        <Placemark>
          <name>-71</name>
          <description>
LAC: 38 CID: 447:2 RNC: 0 PSC: 151
ACCURACY: 11
CHANGE_TYPE: DBM
TIMESTAMP: 26 may 2026 5:34:59 p.m.</description>
          <styleUrl>#style_70</styleUrl>
          <Point>
            <coordinates>-77.086398,-12.030608</coordinates>
          </Point>
        </Placemark>
        <Placemark>
          <name>-71</name>
          <description>
LAC: 38 CID: 447:2 RNC: 0 PSC: 151
ACCURACY: 11
CHANGE_TYPE: DBM
TIMESTAMP: 26 may 2026 5:35:00 p.m.</description>
          <styleUrl>#style_70</styleUrl>
          <Point>
            <coordinates>-77.086398,-12.030608</coordinates>
          </Point>
        </Placemark>
        <Placemark>
          <name>-71</name>
          <description>
LAC: 38 CID: 447:2 RNC: 0 PSC: 151
ACCURACY: 11
CHANGE_TYPE: DBM
TIMESTAMP: 26 may 2026 5:35:01 p.m.</description>
          <styleUrl>#style_70</styleUrl>
          <Point>
            <coordinates>-77.086398,-12.030608</coordinates>
          </Point>
        </Placemark>
        <Placemark>
          <name>-71</name>
          <description>
LAC: 38 CID: 447:2 RNC: 0 PSC: 151
ACCURACY: 11
CHANGE_TYPE: DBM
TIMESTAMP: 26 may 2026 5:35:03 p.m.</description>
          <styleUrl>#style_70</styleUrl>
          <Point>
            <coordinates>-77.086398,-12.030608</coordinates>
          </Point>
        </Placemark>
        <Placemark>
          <name>-71</name>
          <description>
LAC: 38 CID: 447:2 RNC: 0 PSC: 151
ACCURACY: 11
CHANGE_TYPE: DBM
TIMESTAMP: 26 may 2026 5:35:04 p.m.</description>
          <styleUrl>#style_70</styleUrl>
          <Point>
            <coordinates>-77.086398,-12.030608</coordinates>
          </Point>
        </Placemark>
        <Placemark>
          <name>-71</name>
          <description>
LAC: 38 CID: 447:2 RNC: 0 PSC: 151
ACCURACY: 11
CHANGE_TYPE: DBM
TIMESTAMP: 26 may 2026 5:35:06 p.m.</description>
          <styleUrl>#style_70</styleUrl>
          <Point>
            <coordinates>-77.086398,-12.030608</coordinates>
          </Point>
        </Placemark>
        <Placemark>
          <name>-71</name>
          <description>
LAC: 38 CID: 447:2 RNC: 0 PSC: 151
ACCURACY: 11
CHANGE_TYPE: DBM
TIMESTAMP: 26 may 2026 5:35:07 p.m.</description>
          <styleUrl>#style_70</styleUrl>
          <Point>
            <coordinates>-77.086398,-12.030608</coordinates>
          </Point>
        </Placemark>
        <Placemark>
          <name>-70</name>
          <description>
LAC: 38 CID: 447:2 RNC: 0 PSC: 151
ACCURACY: 11
CHANGE_TYPE: DBM
TIMESTAMP: 26 may 2026 5:35:08 p.m.</description>
          <styleUrl>#style_70</styleUrl>
          <Point>
            <coordinates>-77.086398,-12.030608</coordinates>
          </Point>
        </Placemark>
        <Placemark>
          <name>-1</name>
          <description>
LAC: 38 CID: 447:2 RNC: 0 PSC: 151
ACCURACY: 12
CHANGE_TYPE: DBM
TIMESTAMP: 26 may 2026 5:35:10 p.m.</description>
          <styleUrl>#style_0</styleUrl>
          <Point>
            <coordinates>-77.086323,-12.030624</coordinates>
          </Point>
        </Placemark>
        <Placemark>
          <name>-69</name>
          <description>
LAC: 38 CID: 447:2 RNC: 0 PSC: 151
ACCURACY: 12
CHANGE_TYPE: DBM
TIMESTAMP: 26 may 2026 5:35:12 p.m.</description>
          <styleUrl>#style_70</styleUrl>
          <Point>
            <coordinates>-77.086323,-12.030624</coordinates>
          </Point>
        </Placemark>
        <Placemark>
          <name>-69</name>
          <description>
LAC: 38 CID: 447:2 RNC: 0 PSC: 151
ACCURACY: 12
CHANGE_TYPE: DBM
TIMESTAMP: 26 may 2026 5:35:13 p.m.</description>
          <styleUrl>#style_70</styleUrl>
          <Point>
            <coordinates>-77.086323,-12.030624</coordinates>
          </Point>
        </Placemark>
        <Placemark>
          <name>-70</name>
          <description>
LAC: 38 CID: 447:2 RNC: 0 PSC: 151
ACCURACY: 12
CHANGE_TYPE: DBM
TIMESTAMP: 26 may 2026 5:35:14 p.m.</description>
          <styleUrl>#style_70</styleUrl>
          <Point>
            <coordinates>-77.086323,-12.030624</coordinates>
          </Point>
        </Placemark>
        <Placemark>
          <name>-70</name>
          <description>
LAC: 38 CID: 447:2 RNC: 0 PSC: 151
ACCURACY: 12
CHANGE_TYPE: DBM
TIMESTAMP: 26 may 2026 5:35:15 p.m.</description>
          <styleUrl>#style_70</styleUrl>
          <Point>
            <coordinates>-77.086323,-12.030624</coordinates>
          </Point>
        </Placemark>
        <Placemark>
          <name>-72</name>
          <description>
LAC: 38 CID: 447:2 RNC: 0 PSC: 151
ACCURACY: 12
CHANGE_TYPE: DBM
TIMESTAMP: 26 may 2026 5:35:16 p.m.</description>
          <styleUrl>#style_70</styleUrl>
          <Point>
            <coordinates>-77.086323,-12.030624</coordinates>
          </Point>
        </Placemark>
        <Placemark>
          <name>-75</name>
          <description>
LAC: 38 CID: 447:2 RNC: 0 PSC: 151
ACCURACY: 12
CHANGE_TYPE: DBM
TIMESTAMP: 26 may 2026 5:35:18 p.m.</description>
          <styleUrl>#style_70</styleUrl>
          <Point>
            <coordinates>-77.086323,-12.030624</coordinates>
          </Point>
        </Placemark>
        <Placemark>
          <name>-75</name>
          <description>
LAC: 38 CID: 447:2 RNC: 0 PSC: 151
ACCURACY: 12
CHANGE_TYPE: DBM
TIMESTAMP: 26 may 2026 5:35:19 p.m.</description>
          <styleUrl>#style_70</styleUrl>
          <Point>
            <coordinates>-77.086265,-12.030617</coordinates>
          </Point>
        </Placemark>
        <Placemark>
          <name>-76</name>
          <description>
LAC: 38 CID: 447:2 RNC: 0 PSC: 151
ACCURACY: 12
CHANGE_TYPE: DBM
TIMESTAMP: 26 may 2026 5:35:20 p.m.</description>
          <styleUrl>#style_70</styleUrl>
          <Point>
            <coordinates>-77.086265,-12.030617</coordinates>
          </Point>
        </Placemark>
        <Placemark>
          <name>-76</name>
          <description>
LAC: 38 CID: 447:2 RNC: 0 PSC: 151
ACCURACY: 12
CHANGE_TYPE: DBM
TIMESTAMP: 26 may 2026 5:35:21 p.m.</description>
          <styleUrl>#style_70</styleUrl>
          <Point>
            <coordinates>-77.086265,-12.030617</coordinates>
          </Point>
        </Placemark>
        <Placemark>
          <name>-76</name>
          <description>
LAC: 38 CID: 447:2 RNC: 0 PSC: 151
ACCURACY: 12
CHANGE_TYPE: DBM
TIMESTAMP: 26 may 2026 5:35:22 p.m.</description>
          <styleUrl>#style_70</styleUrl>
          <Point>
            <coordinates>-77.086265,-12.030617</coordinates>
          </Point>
        </Placemark>
        <Placemark>
          <name>-76</name>
          <description>
LAC: 38 CID: 447:2 RNC: 0 PSC: 151
ACCURACY: 12
CHANGE_TYPE: DBM
TIMESTAMP: 26 may 2026 5:35:23 p.m.</description>
          <styleUrl>#style_70</styleUrl>
          <Point>
            <coordinates>-77.086265,-12.030617</coordinates>
          </Point>
        </Placemark>
        <Placemark>
          <name>-73</name>
          <description>
LAC: 38 CID: 447:2 RNC: 0 PSC: 151
ACCURACY: 12
CHANGE_TYPE: DBM
TIMESTAMP: 26 may 2026 5:35:24 p.m.</description>
          <styleUrl>#style_70</styleUrl>
          <Point>
            <coordinates>-77.086265,-12.030617</coordinates>
          </Point>
        </Placemark>
        <Placemark>
          <name>-73</name>
          <description>
LAC: 38 CID: 447:2 RNC: 0 PSC: 151
ACCURACY: 12
CHANGE_TYPE: DBM
TIMESTAMP: 26 may 2026 5:35:25 p.m.</description>
          <styleUrl>#style_70</styleUrl>
          <Point>
            <coordinates>-77.086265,-12.030617</coordinates>
          </Point>
        </Placemark>
        <Placemark>
          <name>-78</name>
          <description>
LAC: 38 CID: 447:2 RNC: 0 PSC: 151
ACCURACY: 12
CHANGE_TYPE: DBM
TIMESTAMP: 26 may 2026 5:35:26 p.m.</description>
          <styleUrl>#style_60</styleUrl>
          <Point>
            <coordinates>-77.086265,-12.030617</coordinates>
          </Point>
        </Placemark>
        <Placemark>
          <name>-78</name>
          <description>
LAC: 38 CID: 447:2 RNC: 0 PSC: 151
ACCURACY: 12
CHANGE_TYPE: DBM
TIMESTAMP: 26 may 2026 5:35:27 p.m.</description>
          <styleUrl>#style_60</styleUrl>
          <Point>
            <coordinates>-77.086265,-12.030617</coordinates>
          </Point>
        </Placemark>
        <Placemark>
          <name>-78</name>
          <description>
LAC: 38 CID: 447:2 RNC: 0 PSC: 151
ACCURACY: 12
CHANGE_TYPE: DBM
TIMESTAMP: 26 may 2026 5:35:28 p.m.</description>
          <styleUrl>#style_60</styleUrl>
          <Point>
            <coordinates>-77.086265,-12.030617</coordinates>
          </Point>
        </Placemark>
        <Placemark>
          <name>-78</name>
          <description>
LAC: 38 CID: 447:2 RNC: 0 PSC: 151
ACCURACY: 12
CHANGE_TYPE: DBM
TIMESTAMP: 26 may 2026 5:35:29 p.m.</description>
          <styleUrl>#style_60</styleUrl>
          <Point>
            <coordinates>-77.086212,-12.030589</coordinates>
          </Point>
        </Placemark>
        <Placemark>
          <name>-72</name>
          <description>
LAC: 38 CID: 447:2 RNC: 0 PSC: 151
ACCURACY: 12
CHANGE_TYPE: DBM
TIMESTAMP: 26 may 2026 5:35:30 p.m.</description>
          <styleUrl>#style_70</styleUrl>
          <Point>
            <coordinates>-77.086212,-12.030589</coordinates>
          </Point>
        </Placemark>
        <Placemark>
          <name>-72</name>
          <description>
LAC: 38 CID: 447:2 RNC: 0 PSC: 151
ACCURACY: 12
CHANGE_TYPE: DBM
TIMESTAMP: 26 may 2026 5:35:31 p.m.</description>
          <styleUrl>#style_70</styleUrl>
          <Point>
            <coordinates>-77.086212,-12.030589</coordinates>
          </Point>
        </Placemark>
        <Placemark>
          <name>-77</name>
          <description>
LAC: 38 CID: 447:2 RNC: 0 PSC: 151
ACCURACY: 12
CHANGE_TYPE: DBM
TIMESTAMP: 26 may 2026 5:35:32 p.m.</description>
          <styleUrl>#style_60</styleUrl>
          <Point>
            <coordinates>-77.086212,-12.030589</coordinates>
          </Point>
        </Placemark>
        <Placemark>
          <name>-77</name>
          <description>
LAC: 38 CID: 447:2 RNC: 0 PSC: 151
ACCURACY: 12
CHANGE_TYPE: DBM
TIMESTAMP: 26 may 2026 5:35:33 p.m.</description>
          <styleUrl>#style_60</styleUrl>
          <Point>
            <coordinates>-77.086212,-12.030589</coordinates>
          </Point>
        </Placemark>
        <Placemark>
          <name>-75</name>
          <description>
LAC: 38 CID: 447:2 RNC: 0 PSC: 151
ACCURACY: 11
CHANGE_TYPE: DBM
TIMESTAMP: 26 may 2026 5:35:34 p.m.</description>
          <styleUrl>#style_70</styleUrl>
          <Point>
            <coordinates>-77.08617,-12.030609</coordinates>
          </Point>
        </Placemark>
        <Placemark>
          <name>-75</name>
          <description>
LAC: 38 CID: 447:2 RNC: 0 PSC: 151
ACCURACY: 11
CHANGE_TYPE: DBM
TIMESTAMP: 26 may 2026 5:35:35 p.m.</description>
          <styleUrl>#style_70</styleUrl>
          <Point>
            <coordinates>-77.08617,-12.030609</coordinates>
          </Point>
        </Placemark>
        <Placemark>
          <name>-77</name>
          <description>
LAC: 38 CID: 447:2 RNC: 0 PSC: 151
ACCURACY: 11
CHANGE_TYPE: DBM
TIMESTAMP: 26 may 2026 5:35:36 p.m.</description>
          <styleUrl>#style_60</styleUrl>
          <Point>
            <coordinates>-77.08617,-12.030609</coordinates>
          </Point>
        </Placemark>
        <Placemark>
          <name>-78</name>
          <description>
LAC: 38 CID: 447:2 RNC: 0 PSC: 151
ACCURACY: 11
CHANGE_TYPE: DBM
TIMESTAMP: 26 may 2026 5:35:39 p.m.</description>
          <styleUrl>#style_60</styleUrl>
          <Point>
            <coordinates>-77.086163,-12.030561</coordinates>
          </Point>
        </Placemark>
        <Placemark>
          <name>-80</name>
          <description>
LAC: 38 CID: 447:2 RNC: 0 PSC: 151
ACCURACY: 11
CHANGE_TYPE: DBM
TIMESTAMP: 26 may 2026 5:35:41 p.m.</description>
          <styleUrl>#style_60</styleUrl>
          <Point>
            <coordinates>-77.086163,-12.030561</coordinates>
          </Point>
        </Placemark>
        <Placemark>
          <name>-80</name>
          <description>
LAC: 38 CID: 447:2 RNC: 0 PSC: 151
ACCURACY: 11
CHANGE_TYPE: DBM
TIMESTAMP: 26 may 2026 5:35:42 p.m.</description>
          <styleUrl>#style_60</styleUrl>
          <Point>
            <coordinates>-77.086163,-12.030561</coordinates>
          </Point>
        </Placemark>
        <Placemark>
          <name>-82</name>
          <description>
LAC: 38 CID: 447:2 RNC: 0 PSC: 151
ACCURACY: 11
CHANGE_TYPE: DBM
TIMESTAMP: 26 may 2026 5:35:43 p.m.</description>
          <styleUrl>#style_60</styleUrl>
          <Point>
            <coordinates>-77.086163,-12.030561</coordinates>
          </Point>
        </Placemark>
        <Placemark>
          <name>-82</name>
          <description>
LAC: 38 CID: 447:2 RNC: 0 PSC: 151
ACCURACY: 11
CHANGE_TYPE: DBM
TIMESTAMP: 26 may 2026 5:35:44 p.m.</description>
          <styleUrl>#style_60</styleUrl>
          <Point>
            <coordinates>-77.086163,-12.030561</coordinates>
          </Point>
        </Placemark>
        <Placemark>
          <name>-83</name>
          <description>
LAC: 38 CID: 447:2 RNC: 0 PSC: 151
ACCURACY: 11
CHANGE_TYPE: DBM
TIMESTAMP: 26 may 2026 5:35:45 p.m.</description>
          <styleUrl>#style_60</styleUrl>
          <Point>
            <coordinates>-77.086163,-12.030561</coordinates>
          </Point>
        </Placemark>
        <Placemark>
          <name>-83</name>
          <description>
LAC: 38 CID: 447:2 RNC: 0 PSC: 151
ACCURACY: 11
CHANGE_TYPE: DBM
TIMESTAMP: 26 may 2026 5:35:46 p.m.</description>
          <styleUrl>#style_60</styleUrl>
          <Point>
            <coordinates>-77.086163,-12.030561</coordinates>
          </Point>
        </Placemark>
        <Placemark>
          <name>-82</name>
          <description>
LAC: 38 CID: 447:2 RNC: 0 PSC: 151
ACCURACY: 11
CHANGE_TYPE: DBM
TIMESTAMP: 26 may 2026 5:35:47 p.m.</description>
          <styleUrl>#style_60</styleUrl>
          <Point>
            <coordinates>-77.086163,-12.030561</coordinates>
          </Point>
        </Placemark>
        <Placemark>
          <name>-82</name>
          <description>
LAC: 38 CID: 447:2 RNC: 0 PSC: 151
ACCURACY: 11
CHANGE_TYPE: DBM
TIMESTAMP: 26 may 2026 5:35:48 p.m.</description>
          <styleUrl>#style_60</styleUrl>
          <Point>
            <coordinates>-77.086163,-12.030561</coordinates>
          </Point>
        </Placemark>
        <Placemark>
          <name>-101</name>
          <description>
LAC: 38 CID: 447:2 RNC: 0 PSC: 151
ACCURACY: 12
CHANGE_TYPE: DBM
TIMESTAMP: 26 may 2026 5:41:59 p.m.</description>
          <styleUrl>#style_40</styleUrl>
          <Point>
            <coordinates>-77.08501,-12.029543</coordinates>
          </Point>
        </Placemark>
        <Placemark>
          <name>-103</name>
          <description>
LAC: 38 CID: 447:2 RNC: 0 PSC: 151
ACCURACY: 12
CHANGE_TYPE: DBM
TIMESTAMP: 26 may 2026 5:42:05 p.m.</description>
          <styleUrl>#style_40</styleUrl>
          <Point>
            <coordinates>-77.08501,-12.029543</coordinates>
          </Point>
        </Placemark>
        <Placemark>
          <name>-103</name>
          <description>
LAC: 38 CID: 447:2 RNC: 0 PSC: 151
ACCURACY: 12
CHANGE_TYPE: DBM
TIMESTAMP: 26 may 2026 5:42:06 p.m.</description>
          <styleUrl>#style_40</styleUrl>
          <Point>
            <coordinates>-77.08501,-12.029543</coordinates>
          </Point>
        </Placemark>
        <Placemark>
          <name>-105</name>
          <description>
LAC: 38 CID: 447:2 RNC: 0 PSC: 151
ACCURACY: 12
CHANGE_TYPE: DBM
TIMESTAMP: 26 may 2026 5:42:07 p.m.</description>
          <styleUrl>#style_40</styleUrl>
          <Point>
            <coordinates>-77.08501,-12.029543</coordinates>
          </Point>
        </Placemark>
        <Placemark>
          <name>-105</name>
          <description>
LAC: 38 CID: 447:2 RNC: 0 PSC: 151
ACCURACY: 12
CHANGE_TYPE: DBM
TIMESTAMP: 26 may 2026 5:42:08 p.m.</description>
          <styleUrl>#style_40</styleUrl>
          <Point>
            <coordinates>-77.08501,-12.029543</coordinates>
          </Point>
        </Placemark>
        <Placemark>
          <name>-102</name>
          <description>
LAC: 38 CID: 447:2 RNC: 0 PSC: 151
ACCURACY: 12
CHANGE_TYPE: DBM
TIMESTAMP: 26 may 2026 5:42:09 p.m.</description>
          <styleUrl>#style_40</styleUrl>
          <Point>
            <coordinates>-77.085043,-12.029625</coordinates>
          </Point>
        </Placemark>
        <Placemark>
          <name>-102</name>
          <description>
LAC: 38 CID: 447:2 RNC: 0 PSC: 151
ACCURACY: 12
CHANGE_TYPE: DBM
TIMESTAMP: 26 may 2026 5:42:10 p.m.</description>
          <styleUrl>#style_40</styleUrl>
          <Point>
            <coordinates>-77.085043,-12.029625</coordinates>
          </Point>
        </Placemark>
        <Placemark>
          <name>-102</name>
          <description>
LAC: 38 CID: 447:2 RNC: 0 PSC: 151
ACCURACY: 12
CHANGE_TYPE: DBM
TIMESTAMP: 26 may 2026 5:42:11 p.m.</description>
          <styleUrl>#style_40</styleUrl>
          <Point>
            <coordinates>-77.085043,-12.029625</coordinates>
          </Point>
        </Placemark>
        <Placemark>
          <name>-102</name>
          <description>
LAC: 38 CID: 447:2 RNC: 0 PSC: 151
ACCURACY: 12
CHANGE_TYPE: DBM
TIMESTAMP: 26 may 2026 5:42:13 p.m.</description>
          <styleUrl>#style_40</styleUrl>
          <Point>
            <coordinates>-77.085043,-12.029625</coordinates>
          </Point>
        </Placemark>
        <Placemark>
          <name>-102</name>
          <description>
LAC: 38 CID: 447:2 RNC: 0 PSC: 151
ACCURACY: 12
CHANGE_TYPE: DBM
TIMESTAMP: 26 may 2026 5:42:14 p.m.</description>
          <styleUrl>#style_40</styleUrl>
          <Point>
            <coordinates>-77.085049,-12.029674</coordinates>
          </Point>
        </Placemark>
        <Placemark>
          <name>-102</name>
          <description>
LAC: 38 CID: 447:2 RNC: 0 PSC: 151
ACCURACY: 12
CHANGE_TYPE: DBM
TIMESTAMP: 26 may 2026 5:42:15 p.m.</description>
          <styleUrl>#style_40</styleUrl>
          <Point>
            <coordinates>-77.085049,-12.029674</coordinates>
          </Point>
        </Placemark>
        <Placemark>
          <name>-101</name>
          <description>
LAC: 38 CID: 447:2 RNC: 0 PSC: 151
ACCURACY: 12
CHANGE_TYPE: DBM
TIMESTAMP: 26 may 2026 5:42:17 p.m.</description>
          <styleUrl>#style_40</styleUrl>
          <Point>
            <coordinates>-77.085049,-12.029674</coordinates>
          </Point>
        </Placemark>
        <Placemark>
          <name>-101</name>
          <description>
LAC: 38 CID: 447:2 RNC: 0 PSC: 151
ACCURACY: 12
CHANGE_TYPE: DBM
TIMESTAMP: 26 may 2026 5:42:19 p.m.</description>
          <styleUrl>#style_40</styleUrl>
          <Point>
            <coordinates>-77.085067,-12.029717</coordinates>
          </Point>
        </Placemark>
        <Placemark>
          <name>-101</name>
          <description>
LAC: 38 CID: 447:2 RNC: 0 PSC: 151
ACCURACY: 12
CHANGE_TYPE: DBM
TIMESTAMP: 26 may 2026 5:42:20 p.m.</description>
          <styleUrl>#style_40</styleUrl>
          <Point>
            <coordinates>-77.085067,-12.029717</coordinates>
          </Point>
        </Placemark>
        <Placemark>
          <name>-101</name>
          <description>
LAC: 38 CID: 447:2 RNC: 0 PSC: 151
ACCURACY: 12
CHANGE_TYPE: DBM
TIMESTAMP: 26 may 2026 5:42:21 p.m.</description>
          <styleUrl>#style_40</styleUrl>
          <Point>
            <coordinates>-77.085067,-12.029717</coordinates>
          </Point>
        </Placemark>
        <Placemark>
          <name>-100</name>
          <description>
LAC: 38 CID: 447:2 RNC: 0 PSC: 151
ACCURACY: 12
CHANGE_TYPE: DBM
TIMESTAMP: 26 may 2026 5:42:22 p.m.</description>
          <styleUrl>#style_40</styleUrl>
          <Point>
            <coordinates>-77.085067,-12.029717</coordinates>
          </Point>
        </Placemark>
        <Placemark>
          <name>-100</name>
          <description>
LAC: 38 CID: 447:2 RNC: 0 PSC: 151
ACCURACY: 12
CHANGE_TYPE: DBM
TIMESTAMP: 26 may 2026 5:42:23 p.m.</description>
          <styleUrl>#style_40</styleUrl>
          <Point>
            <coordinates>-77.085067,-12.029717</coordinates>
          </Point>
        </Placemark>
        <Placemark>
          <name>-103</name>
          <description>
LAC: 38 CID: 447:2 RNC: 0 PSC: 151
ACCURACY: 12
CHANGE_TYPE: DBM
TIMESTAMP: 26 may 2026 5:42:24 p.m.</description>
          <styleUrl>#style_40</styleUrl>
          <Point>
            <coordinates>-77.085067,-12.029717</coordinates>
          </Point>
        </Placemark>
        <Placemark>
          <name>-101</name>
          <description>
LAC: 38 CID: 447:2 RNC: 0 PSC: 151
ACCURACY: 12
CHANGE_TYPE: DBM
TIMESTAMP: 26 may 2026 5:42:26 p.m.</description>
          <styleUrl>#style_40</styleUrl>
          <Point>
            <coordinates>-77.085067,-12.029717</coordinates>
          </Point>
        </Placemark>
        <Placemark>
          <name>-101</name>
          <description>
LAC: 38 CID: 447:2 RNC: 0 PSC: 151
ACCURACY: 12
CHANGE_TYPE: DBM
TIMESTAMP: 26 may 2026 5:42:27 p.m.</description>
          <styleUrl>#style_40</styleUrl>
          <Point>
            <coordinates>-77.085067,-12.029717</coordinates>
          </Point>
        </Placemark>
        <Placemark>
          <name>-102</name>
          <description>
LAC: 38 CID: 447:2 RNC: 0 PSC: 151
ACCURACY: 12
CHANGE_TYPE: DBM
TIMESTAMP: 26 may 2026 5:42:28 p.m.</description>
          <styleUrl>#style_40</styleUrl>
          <Point>
            <coordinates>-77.085067,-12.029717</coordinates>
          </Point>
        </Placemark>
        <Placemark>
          <name>-102</name>
          <description>
LAC: 38 CID: 447:2 RNC: 0 PSC: 151
ACCURACY: 12
CHANGE_TYPE: DBM
TIMESTAMP: 26 may 2026 5:42:29 p.m.</description>
          <styleUrl>#style_40</styleUrl>
          <Point>
            <coordinates>-77.085116,-12.029787</coordinates>
          </Point>
        </Placemark>
        <Placemark>
          <name>-100</name>
          <description>
LAC: 38 CID: 447:2 RNC: 0 PSC: 151
ACCURACY: 12
CHANGE_TYPE: DBM
TIMESTAMP: 26 may 2026 5:42:30 p.m.</description>
          <styleUrl>#style_40</styleUrl>
          <Point>
            <coordinates>-77.085116,-12.029787</coordinates>
          </Point>
        </Placemark>
        <Placemark>
          <name>-101</name>
          <description>
LAC: 38 CID: 447:2 RNC: 0 PSC: 151
ACCURACY: 12
CHANGE_TYPE: DBM
TIMESTAMP: 26 may 2026 5:42:32 p.m.</description>
          <styleUrl>#style_40</styleUrl>
          <Point>
            <coordinates>-77.085116,-12.029787</coordinates>
          </Point>
        </Placemark>
        <Placemark>
          <name>-100</name>
          <description>
LAC: 38 CID: 447:2 RNC: 0 PSC: 151
ACCURACY: 12
CHANGE_TYPE: DBM
TIMESTAMP: 26 may 2026 5:42:34 p.m.</description>
          <styleUrl>#style_40</styleUrl>
          <Point>
            <coordinates>-77.085116,-12.029787</coordinates>
          </Point>
        </Placemark>
        <Placemark>
          <name>-100</name>
          <description>
LAC: 38 CID: 447:2 RNC: 0 PSC: 151
ACCURACY: 12
CHANGE_TYPE: DBM
TIMESTAMP: 26 may 2026 5:42:35 p.m.</description>
          <styleUrl>#style_40</styleUrl>
          <Point>
            <coordinates>-77.085116,-12.029787</coordinates>
          </Point>
        </Placemark>
        <Placemark>
          <name>-100</name>
          <description>
LAC: 38 CID: 447:2 RNC: 0 PSC: 151
ACCURACY: 12
CHANGE_TYPE: DBM
TIMESTAMP: 26 may 2026 5:42:36 p.m.</description>
          <styleUrl>#style_40</styleUrl>
          <Point>
            <coordinates>-77.085116,-12.029787</coordinates>
          </Point>
        </Placemark>
        <Placemark>
          <name>-101</name>
          <description>
LAC: 38 CID: 447:2 RNC: 0 PSC: 151
ACCURACY: 12
CHANGE_TYPE: DBM
TIMESTAMP: 26 may 2026 5:42:38 p.m.</description>
          <styleUrl>#style_40</styleUrl>
          <Point>
            <coordinates>-77.085116,-12.029787</coordinates>
          </Point>
        </Placemark>
        <Placemark>
          <name>-101</name>
          <description>
LAC: 38 CID: 447:2 RNC: 0 PSC: 151
ACCURACY: 12
CHANGE_TYPE: DBM
TIMESTAMP: 26 may 2026 5:42:40 p.m.</description>
          <styleUrl>#style_40</styleUrl>
          <Point>
            <coordinates>-77.085166,-12.029852</coordinates>
          </Point>
        </Placemark>
        <Placemark>
          <name>-101</name>
          <description>
LAC: 38 CID: 447:2 RNC: 0 PSC: 151
ACCURACY: 12
CHANGE_TYPE: DBM
TIMESTAMP: 26 may 2026 5:42:41 p.m.</description>
          <styleUrl>#style_40</styleUrl>
          <Point>
            <coordinates>-77.085166,-12.029852</coordinates>
          </Point>
        </Placemark>
        <Placemark>
          <name>-98</name>
          <description>
LAC: 38 CID: 447:2 RNC: 0 PSC: 151
ACCURACY: 12
CHANGE_TYPE: DBM
TIMESTAMP: 26 may 2026 5:42:42 p.m.</description>
          <styleUrl>#style_40</styleUrl>
          <Point>
            <coordinates>-77.085166,-12.029852</coordinates>
          </Point>
        </Placemark>
        <Placemark>
          <name>-98</name>
          <description>
LAC: 38 CID: 447:2 RNC: 0 PSC: 151
ACCURACY: 12
CHANGE_TYPE: DBM
TIMESTAMP: 26 may 2026 5:42:43 p.m.</description>
          <styleUrl>#style_40</styleUrl>
          <Point>
            <coordinates>-77.085166,-12.029852</coordinates>
          </Point>
        </Placemark>
        <Placemark>
          <name>-100</name>
          <description>
LAC: 38 CID: 447:2 RNC: 0 PSC: 151
ACCURACY: 12
CHANGE_TYPE: DBM
TIMESTAMP: 26 may 2026 5:42:44 p.m.</description>
          <styleUrl>#style_40</styleUrl>
          <Point>
            <coordinates>-77.085166,-12.029852</coordinates>
          </Point>
        </Placemark>
        <Placemark>
          <name>-99</name>
          <description>
LAC: 38 CID: 447:2 RNC: 0 PSC: 151
ACCURACY: 12
CHANGE_TYPE: DBM
TIMESTAMP: 26 may 2026 5:42:47 p.m.</description>
          <styleUrl>#style_40</styleUrl>
          <Point>
            <coordinates>-77.085166,-12.029852</coordinates>
          </Point>
        </Placemark>
        <Placemark>
          <name>-99</name>
          <description>
LAC: 38 CID: 447:2 RNC: 0 PSC: 151
ACCURACY: 12
CHANGE_TYPE: DBM
TIMESTAMP: 26 may 2026 5:42:48 p.m.</description>
          <styleUrl>#style_40</styleUrl>
          <Point>
            <coordinates>-77.085166,-12.029852</coordinates>
          </Point>
        </Placemark>
        <Placemark>
          <name>-99</name>
          <description>
LAC: 38 CID: 447:2 RNC: 0 PSC: 151
ACCURACY: 13
CHANGE_TYPE: DBM
TIMESTAMP: 26 may 2026 5:42:49 p.m.</description>
          <styleUrl>#style_40</styleUrl>
          <Point>
            <coordinates>-77.085195,-12.029915</coordinates>
          </Point>
        </Placemark>
        <Placemark>
          <name>-99</name>
          <description>
LAC: 38 CID: 447:2 RNC: 0 PSC: 151
ACCURACY: 13
CHANGE_TYPE: DBM
TIMESTAMP: 26 may 2026 5:42:50 p.m.</description>
          <styleUrl>#style_40</styleUrl>
          <Point>
            <coordinates>-77.085195,-12.029915</coordinates>
          </Point>
        </Placemark>
        <Placemark>
          <name>-99</name>
          <description>
LAC: 38 CID: 447:2 RNC: 0 PSC: 151
ACCURACY: 13
CHANGE_TYPE: DBM
TIMESTAMP: 26 may 2026 5:42:51 p.m.</description>
          <styleUrl>#style_40</styleUrl>
          <Point>
            <coordinates>-77.085195,-12.029915</coordinates>
          </Point>
        </Placemark>
        <Placemark>
          <name>-97</name>
          <description>
LAC: 38 CID: 447:2 RNC: 0 PSC: 151
ACCURACY: 13
CHANGE_TYPE: DBM
TIMESTAMP: 26 may 2026 5:42:53 p.m.</description>
          <styleUrl>#style_40</styleUrl>
          <Point>
            <coordinates>-77.085195,-12.029915</coordinates>
          </Point>
        </Placemark>
        <Placemark>
          <name>-93</name>
          <description>
LAC: 38 CID: 447:2 RNC: 0 PSC: 151
ACCURACY: 13
CHANGE_TYPE: DBM
TIMESTAMP: 26 may 2026 5:42:55 p.m.</description>
          <styleUrl>#style_50</styleUrl>
          <Point>
            <coordinates>-77.085195,-12.029915</coordinates>
          </Point>
        </Placemark>
        <Placemark>
          <name>-92</name>
          <description>
LAC: 38 CID: 447:2 RNC: 0 PSC: 151
ACCURACY: 13
CHANGE_TYPE: DBM
TIMESTAMP: 26 may 2026 5:42:57 p.m.</description>
          <styleUrl>#style_50</styleUrl>
          <Point>
            <coordinates>-77.085195,-12.029915</coordinates>
          </Point>
        </Placemark>
        <Placemark>
          <name>-93</name>
          <description>
LAC: 38 CID: 447:2 RNC: 0 PSC: 151
ACCURACY: 13
CHANGE_TYPE: DBM
TIMESTAMP: 26 may 2026 5:42:59 p.m.</description>
          <styleUrl>#style_50</styleUrl>
          <Point>
            <coordinates>-77.085228,-12.029976</coordinates>
          </Point>
        </Placemark>
        <Placemark>
          <name>-93</name>
          <description>
LAC: 38 CID: 447:2 RNC: 0 PSC: 151
ACCURACY: 13
CHANGE_TYPE: DBM
TIMESTAMP: 26 may 2026 5:43:00 p.m.</description>
          <styleUrl>#style_50</styleUrl>
          <Point>
            <coordinates>-77.085228,-12.029976</coordinates>
          </Point>
        </Placemark>
        <Placemark>
          <name>-92</name>
          <description>
LAC: 38 CID: 447:2 RNC: 0 PSC: 151
ACCURACY: 13
CHANGE_TYPE: DBM
TIMESTAMP: 26 may 2026 5:43:01 p.m.</description>
          <styleUrl>#style_50</styleUrl>
          <Point>
            <coordinates>-77.085228,-12.029976</coordinates>
          </Point>
        </Placemark>
        <Placemark>
          <name>-92</name>
          <description>
LAC: 38 CID: 447:2 RNC: 0 PSC: 151
ACCURACY: 13
CHANGE_TYPE: DBM
TIMESTAMP: 26 may 2026 5:43:05 p.m.</description>
          <styleUrl>#style_50</styleUrl>
          <Point>
            <coordinates>-77.085228,-12.029976</coordinates>
          </Point>
        </Placemark>
        <Placemark>
          <name>-93</name>
          <description>
LAC: 38 CID: 447:2 RNC: 0 PSC: 151
ACCURACY: 13
CHANGE_TYPE: DBM
TIMESTAMP: 26 may 2026 5:43:07 p.m.</description>
          <styleUrl>#style_50</styleUrl>
          <Point>
            <coordinates>-77.085228,-12.029976</coordinates>
          </Point>
        </Placemark>
        <Placemark>
          <name>-93</name>
          <description>
LAC: 38 CID: 447:2 RNC: 0 PSC: 151
ACCURACY: 12
CHANGE_TYPE: DBM
TIMESTAMP: 26 may 2026 5:43:08 p.m.</description>
          <styleUrl>#style_50</styleUrl>
          <Point>
            <coordinates>-77.085246,-12.03006</coordinates>
          </Point>
        </Placemark>
        <Placemark>
          <name>-91</name>
          <description>
LAC: 38 CID: 447:2 RNC: 0 PSC: 151
ACCURACY: 12
CHANGE_TYPE: DBM
TIMESTAMP: 26 may 2026 5:43:09 p.m.</description>
          <styleUrl>#style_50</styleUrl>
          <Point>
            <coordinates>-77.085246,-12.03006</coordinates>
          </Point>
        </Placemark>
        <Placemark>
          <name>-90</name>
          <description>
LAC: 38 CID: 447:2 RNC: 0 PSC: 151
ACCURACY: 12
CHANGE_TYPE: DBM
TIMESTAMP: 26 may 2026 5:43:12 p.m.</description>
          <styleUrl>#style_50</styleUrl>
          <Point>
            <coordinates>-77.085246,-12.03006</coordinates>
          </Point>
        </Placemark>
        <Placemark>
          <name>-90</name>
          <description>
LAC: 38 CID: 447:2 RNC: 0 PSC: 151
ACCURACY: 12
CHANGE_TYPE: DBM
TIMESTAMP: 26 may 2026 5:43:13 p.m.</description>
          <styleUrl>#style_50</styleUrl>
          <Point>
            <coordinates>-77.085246,-12.03006</coordinates>
          </Point>
        </Placemark>
        <Placemark>
          <name>-96</name>
          <description>
LAC: 38 CID: 447:2 RNC: 0 PSC: 151
ACCURACY: 12
CHANGE_TYPE: DBM
TIMESTAMP: 26 may 2026 5:43:14 p.m.</description>
          <styleUrl>#style_50</styleUrl>
          <Point>
            <coordinates>-77.08527,-12.030104</coordinates>
          </Point>
        </Placemark>
        <Placemark>
          <name>-96</name>
          <description>
LAC: 38 CID: 447:2 RNC: 0 PSC: 151
ACCURACY: 12
CHANGE_TYPE: DBM
TIMESTAMP: 26 may 2026 5:43:15 p.m.</description>
          <styleUrl>#style_50</styleUrl>
          <Point>
            <coordinates>-77.08527,-12.030104</coordinates>
          </Point>
        </Placemark>
        <Placemark>
          <name>-98</name>
          <description>
LAC: 38 CID: 447:2 RNC: 0 PSC: 151
ACCURACY: 12
CHANGE_TYPE: DBM
TIMESTAMP: 26 may 2026 5:43:16 p.m.</description>
          <styleUrl>#style_40</styleUrl>
          <Point>
            <coordinates>-77.08527,-12.030104</coordinates>
          </Point>
        </Placemark>
        <Placemark>
          <name>-98</name>
          <description>
LAC: 38 CID: 447:2 RNC: 0 PSC: 151
ACCURACY: 12
CHANGE_TYPE: DBM
TIMESTAMP: 26 may 2026 5:43:17 p.m.</description>
          <styleUrl>#style_40</styleUrl>
          <Point>
            <coordinates>-77.08527,-12.030104</coordinates>
          </Point>
        </Placemark>
        <Placemark>
          <name>-94</name>
          <description>
LAC: 38 CID: 447:2 RNC: 0 PSC: 151
ACCURACY: 12
CHANGE_TYPE: DBM
TIMESTAMP: 26 may 2026 5:43:18 p.m.</description>
          <styleUrl>#style_50</styleUrl>
          <Point>
            <coordinates>-77.08527,-12.030104</coordinates>
          </Point>
        </Placemark>
        <Placemark>
          <name>-94</name>
          <description>
LAC: 38 CID: 447:2 RNC: 0 PSC: 151
ACCURACY: 12
CHANGE_TYPE: DBM
TIMESTAMP: 26 may 2026 5:43:19 p.m.</description>
          <styleUrl>#style_50</styleUrl>
          <Point>
            <coordinates>-77.085276,-12.030152</coordinates>
          </Point>
        </Placemark>
        <Placemark>
          <name>-93</name>
          <description>
LAC: 38 CID: 447:2 RNC: 0 PSC: 151
ACCURACY: 12
CHANGE_TYPE: DBM
TIMESTAMP: 26 may 2026 5:43:20 p.m.</description>
          <styleUrl>#style_50</styleUrl>
          <Point>
            <coordinates>-77.085276,-12.030152</coordinates>
          </Point>
        </Placemark>
        <Placemark>
          <name>-89</name>
          <description>
LAC: 38 CID: 447:2 RNC: 0 PSC: 151
ACCURACY: 12
CHANGE_TYPE: DBM
TIMESTAMP: 26 may 2026 5:43:22 p.m.</description>
          <styleUrl>#style_50</styleUrl>
          <Point>
            <coordinates>-77.085276,-12.030152</coordinates>
          </Point>
        </Placemark>
        <Placemark>
          <name>-92</name>
          <description>
LAC: 38 CID: 447:2 RNC: 0 PSC: 151
ACCURACY: 12
CHANGE_TYPE: DBM
TIMESTAMP: 26 may 2026 5:43:24 p.m.</description>
          <styleUrl>#style_50</styleUrl>
          <Point>
            <coordinates>-77.085276,-12.030152</coordinates>
          </Point>
        </Placemark>
        <Placemark>
          <name>-92</name>
          <description>
LAC: 38 CID: 447:2 RNC: 0 PSC: 151
ACCURACY: 12
CHANGE_TYPE: DBM
TIMESTAMP: 26 may 2026 5:43:25 p.m.</description>
          <styleUrl>#style_50</styleUrl>
          <Point>
            <coordinates>-77.085276,-12.030152</coordinates>
          </Point>
        </Placemark>
        <Placemark>
          <name>-89</name>
          <description>
LAC: 38 CID: 447:2 RNC: 0 PSC: 151
ACCURACY: 12
CHANGE_TYPE: DBM
TIMESTAMP: 26 may 2026 5:43:26 p.m.</description>
          <styleUrl>#style_50</styleUrl>
          <Point>
            <coordinates>-77.085276,-12.030152</coordinates>
          </Point>
        </Placemark>
        <Placemark>
          <name>-85</name>
          <description>
LAC: 38 CID: 447:2 RNC: 0 PSC: 151
ACCURACY: 12
CHANGE_TYPE: DBM
TIMESTAMP: 26 may 2026 5:43:28 p.m.</description>
          <styleUrl>#style_60</styleUrl>
          <Point>
            <coordinates>-77.085276,-12.030152</coordinates>
          </Point>
        </Placemark>
        <Placemark>
          <name>-88</name>
          <description>
LAC: 38 CID: 447:2 RNC: 0 PSC: 151
ACCURACY: 12
CHANGE_TYPE: DBM
TIMESTAMP: 26 may 2026 5:43:30 p.m.</description>
          <styleUrl>#style_50</styleUrl>
          <Point>
            <coordinates>-77.085294,-12.030233</coordinates>
          </Point>
        </Placemark>
        <Placemark>
          <name>-88</name>
          <description>
LAC: 38 CID: 447:2 RNC: 0 PSC: 151
ACCURACY: 12
CHANGE_TYPE: DBM
TIMESTAMP: 26 may 2026 5:43:31 p.m.</description>
          <styleUrl>#style_50</styleUrl>
          <Point>
            <coordinates>-77.085294,-12.030233</coordinates>
          </Point>
        </Placemark>
        <Placemark>
          <name>-87</name>
          <description>
LAC: 38 CID: 447:2 RNC: 0 PSC: 151
ACCURACY: 12
CHANGE_TYPE: DBM
TIMESTAMP: 26 may 2026 5:43:32 p.m.</description>
          <styleUrl>#style_50</styleUrl>
          <Point>
            <coordinates>-77.085294,-12.030233</coordinates>
          </Point>
        </Placemark>
        <Placemark>
          <name>-88</name>
          <description>
LAC: 38 CID: 447:2 RNC: 0 PSC: 151
ACCURACY: 12
CHANGE_TYPE: DBM
TIMESTAMP: 26 may 2026 5:43:34 p.m.</description>
          <styleUrl>#style_50</styleUrl>
          <Point>
            <coordinates>-77.085323,-12.030279</coordinates>
          </Point>
        </Placemark>
        <Placemark>
          <name>-88</name>
          <description>
LAC: 38 CID: 447:2 RNC: 0 PSC: 151
ACCURACY: 12
CHANGE_TYPE: DBM
TIMESTAMP: 26 may 2026 5:43:35 p.m.</description>
          <styleUrl>#style_50</styleUrl>
          <Point>
            <coordinates>-77.085323,-12.030279</coordinates>
          </Point>
        </Placemark>
        <Placemark>
          <name>-84</name>
          <description>
LAC: 38 CID: 447:2 RNC: 0 PSC: 151
ACCURACY: 12
CHANGE_TYPE: DBM
TIMESTAMP: 26 may 2026 5:43:36 p.m.</description>
          <styleUrl>#style_60</styleUrl>
          <Point>
            <coordinates>-77.085323,-12.030279</coordinates>
          </Point>
        </Placemark>
        <Placemark>
          <name>-84</name>
          <description>
LAC: 38 CID: 447:2 RNC: 0 PSC: 151
ACCURACY: 13
CHANGE_TYPE: DBM
TIMESTAMP: 26 may 2026 5:43:38 p.m.</description>
          <styleUrl>#style_60</styleUrl>
          <Point>
            <coordinates>-77.085323,-12.030325</coordinates>
          </Point>
        </Placemark>
        <Placemark>
          <name>-84</name>
          <description>
LAC: 38 CID: 447:2 RNC: 0 PSC: 151
ACCURACY: 13
CHANGE_TYPE: DBM
TIMESTAMP: 26 may 2026 5:43:40 p.m.</description>
          <styleUrl>#style_60</styleUrl>
          <Point>
            <coordinates>-77.085323,-12.030325</coordinates>
          </Point>
        </Placemark>
        <Placemark>
          <name>-84</name>
          <description>
LAC: 38 CID: 447:2 RNC: 0 PSC: 151
ACCURACY: 13
CHANGE_TYPE: DBM
TIMESTAMP: 26 may 2026 5:43:41 p.m.</description>
          <styleUrl>#style_60</styleUrl>
          <Point>
            <coordinates>-77.085323,-12.030325</coordinates>
          </Point>
        </Placemark>
        <Placemark>
          <name>-78</name>
          <description>
LAC: 38 CID: 447:2 RNC: 0 PSC: 151
ACCURACY: 13
CHANGE_TYPE: DBM
TIMESTAMP: 26 may 2026 5:43:43 p.m.</description>
          <styleUrl>#style_60</styleUrl>
          <Point>
            <coordinates>-77.085323,-12.030325</coordinates>
          </Point>
        </Placemark>
        <Placemark>
          <name>-78</name>
          <description>
LAC: 38 CID: 447:2 RNC: 0 PSC: 151
ACCURACY: 13
CHANGE_TYPE: DBM
TIMESTAMP: 26 may 2026 5:43:44 p.m.</description>
          <styleUrl>#style_60</styleUrl>
          <Point>
            <coordinates>-77.085323,-12.030325</coordinates>
          </Point>
        </Placemark>
        <Placemark>
          <name>-81</name>
          <description>
LAC: 38 CID: 447:2 RNC: 0 PSC: 151
ACCURACY: 13
CHANGE_TYPE: DBM
TIMESTAMP: 26 may 2026 5:43:45 p.m.</description>
          <styleUrl>#style_60</styleUrl>
          <Point>
            <coordinates>-77.085323,-12.030325</coordinates>
          </Point>
        </Placemark>
        <Placemark>
          <name>-82</name>
          <description>
LAC: 38 CID: 447:2 RNC: 0 PSC: 151
ACCURACY: 13
CHANGE_TYPE: DBM
TIMESTAMP: 26 may 2026 5:43:47 p.m.</description>
          <styleUrl>#style_60</styleUrl>
          <Point>
            <coordinates>-77.085323,-12.030325</coordinates>
          </Point>
        </Placemark>
        <Placemark>
          <name>-80</name>
          <description>
LAC: 38 CID: 447:2 RNC: 0 PSC: 151
ACCURACY: 12
CHANGE_TYPE: DBM
TIMESTAMP: 26 may 2026 5:43:49 p.m.</description>
          <styleUrl>#style_60</styleUrl>
          <Point>
            <coordinates>-77.085348,-12.030401</coordinates>
          </Point>
        </Placemark>
        <Placemark>
          <name>-81</name>
          <description>
LAC: 38 CID: 447:2 RNC: 0 PSC: 151
ACCURACY: 12
CHANGE_TYPE: DBM
TIMESTAMP: 26 may 2026 5:43:51 p.m.</description>
          <styleUrl>#style_60</styleUrl>
          <Point>
            <coordinates>-77.085348,-12.030401</coordinates>
          </Point>
        </Placemark>
        <Placemark>
          <name>-81</name>
          <description>
LAC: 38 CID: 447:2 RNC: 0 PSC: 151
ACCURACY: 12
CHANGE_TYPE: DBM
TIMESTAMP: 26 may 2026 5:43:52 p.m.</description>
          <styleUrl>#style_60</styleUrl>
          <Point>
            <coordinates>-77.085348,-12.030401</coordinates>
          </Point>
        </Placemark>
        <Placemark>
          <name>-81</name>
          <description>
LAC: 38 CID: 447:2 RNC: 0 PSC: 151
ACCURACY: 12
CHANGE_TYPE: DBM
TIMESTAMP: 26 may 2026 5:43:53 p.m.</description>
          <styleUrl>#style_60</styleUrl>
          <Point>
            <coordinates>-77.085348,-12.030401</coordinates>
          </Point>
        </Placemark>
        <Placemark>
          <name>-81</name>
          <description>
LAC: 38 CID: 447:2 RNC: 0 PSC: 151
ACCURACY: 12
CHANGE_TYPE: DBM
TIMESTAMP: 26 may 2026 5:43:54 p.m.</description>
          <styleUrl>#style_60</styleUrl>
          <Point>
            <coordinates>-77.085369,-12.030442</coordinates>
          </Point>
        </Placemark>
        <Placemark>
          <name>-82</name>
          <description>
LAC: 38 CID: 447:2 RNC: 0 PSC: 151
ACCURACY: 12
CHANGE_TYPE: DBM
TIMESTAMP: 26 may 2026 5:43:55 p.m.</description>
          <styleUrl>#style_60</styleUrl>
          <Point>
            <coordinates>-77.085369,-12.030442</coordinates>
          </Point>
        </Placemark>
        <Placemark>
          <name>-82</name>
          <description>
LAC: 38 CID: 447:2 RNC: 0 PSC: 151
ACCURACY: 12
CHANGE_TYPE: DBM
TIMESTAMP: 26 may 2026 5:43:56 p.m.</description>
          <styleUrl>#style_60</styleUrl>
          <Point>
            <coordinates>-77.085369,-12.030442</coordinates>
          </Point>
        </Placemark>
        <Placemark>
          <name>-86</name>
          <description>
LAC: 38 CID: 447:2 RNC: 0 PSC: 151
ACCURACY: 12
CHANGE_TYPE: DBM
TIMESTAMP: 26 may 2026 5:43:57 p.m.</description>
          <styleUrl>#style_60</styleUrl>
          <Point>
            <coordinates>-77.085369,-12.030442</coordinates>
          </Point>
        </Placemark>
        <Placemark>
          <name>-86</name>
          <description>
LAC: 38 CID: 447:2 RNC: 0 PSC: 151
ACCURACY: 12
CHANGE_TYPE: DBM
TIMESTAMP: 26 may 2026 5:43:58 p.m.</description>
          <styleUrl>#style_60</styleUrl>
          <Point>
            <coordinates>-77.085369,-12.030442</coordinates>
          </Point>
        </Placemark>
        <Placemark>
          <name>-80</name>
          <description>
LAC: 38 CID: 447:2 RNC: 0 PSC: 151
ACCURACY: 12
CHANGE_TYPE: DBM
TIMESTAMP: 26 may 2026 5:43:59 p.m.</description>
          <styleUrl>#style_60</styleUrl>
          <Point>
            <coordinates>-77.085369,-12.030442</coordinates>
          </Point>
        </Placemark>
        <Placemark>
          <name>-80</name>
          <description>
LAC: 38 CID: 447:2 RNC: 0 PSC: 151
ACCURACY: 12
CHANGE_TYPE: DBM
TIMESTAMP: 26 may 2026 5:44:00 p.m.</description>
          <styleUrl>#style_60</styleUrl>
          <Point>
            <coordinates>-77.085369,-12.030442</coordinates>
          </Point>
        </Placemark>
        <Placemark>
          <name>-75</name>
          <description>
LAC: 38 CID: 447:2 RNC: 0 PSC: 151
ACCURACY: 12
CHANGE_TYPE: DBM
TIMESTAMP: 26 may 2026 5:44:01 p.m.</description>
          <styleUrl>#style_70</styleUrl>
          <Point>
            <coordinates>-77.085369,-12.030442</coordinates>
          </Point>
        </Placemark>
        <Placemark>
          <name>-75</name>
          <description>
LAC: 38 CID: 447:2 RNC: 0 PSC: 151
ACCURACY: 12
CHANGE_TYPE: DBM
TIMESTAMP: 26 may 2026 5:44:02 p.m.</description>
          <styleUrl>#style_70</styleUrl>
          <Point>
            <coordinates>-77.085369,-12.030442</coordinates>
          </Point>
        </Placemark>
        <Placemark>
          <name>-67</name>
          <description>
LAC: 38 CID: 447:2 RNC: 0 PSC: 151
ACCURACY: 12
CHANGE_TYPE: DBM
TIMESTAMP: 26 may 2026 5:44:03 p.m.</description>
          <styleUrl>#style_80</styleUrl>
          <Point>
            <coordinates>-77.085369,-12.030442</coordinates>
          </Point>
        </Placemark>
        <Placemark>
          <name>-80</name>
          <description>
LAC: 38 CID: 447:2 RNC: 0 PSC: 151
ACCURACY: 13
CHANGE_TYPE: DBM
TIMESTAMP: 26 may 2026 5:44:05 p.m.</description>
          <styleUrl>#style_60</styleUrl>
          <Point>
            <coordinates>-77.08539,-12.030521</coordinates>
          </Point>
        </Placemark>
        <Placemark>
          <name>-80</name>
          <description>
LAC: 38 CID: 447:2 RNC: 0 PSC: 151
ACCURACY: 13
CHANGE_TYPE: DBM
TIMESTAMP: 26 may 2026 5:44:06 p.m.</description>
          <styleUrl>#style_60</styleUrl>
          <Point>
            <coordinates>-77.08539,-12.030521</coordinates>
          </Point>
        </Placemark>
        <Placemark>
          <name>-71</name>
          <description>
LAC: 38 CID: 447:2 RNC: 0 PSC: 151
ACCURACY: 13
CHANGE_TYPE: DBM
TIMESTAMP: 26 may 2026 5:44:07 p.m.</description>
          <styleUrl>#style_70</styleUrl>
          <Point>
            <coordinates>-77.08539,-12.030521</coordinates>
          </Point>
        </Placemark>
        <Placemark>
          <name>-71</name>
          <description>
LAC: 38 CID: 447:2 RNC: 0 PSC: 151
ACCURACY: 13
CHANGE_TYPE: DBM
TIMESTAMP: 26 may 2026 5:44:08 p.m.</description>
          <styleUrl>#style_70</styleUrl>
          <Point>
            <coordinates>-77.08539,-12.030521</coordinates>
          </Point>
        </Placemark>
        <Placemark>
          <name>-76</name>
          <description>
LAC: 38 CID: 447:2 RNC: 0 PSC: 151
ACCURACY: 13
CHANGE_TYPE: DBM
TIMESTAMP: 26 may 2026 5:44:09 p.m.</description>
          <styleUrl>#style_70</styleUrl>
          <Point>
            <coordinates>-77.08539,-12.030521</coordinates>
          </Point>
        </Placemark>
        <Placemark>
          <name>-76</name>
          <description>
LAC: 38 CID: 447:2 RNC: 0 PSC: 151
ACCURACY: 13
CHANGE_TYPE: DBM
TIMESTAMP: 26 may 2026 5:44:10 p.m.</description>
          <styleUrl>#style_70</styleUrl>
          <Point>
            <coordinates>-77.08539,-12.030521</coordinates>
          </Point>
        </Placemark>
        <Placemark>
          <name>-81</name>
          <description>
LAC: 38 CID: 447:2 RNC: 0 PSC: 151
ACCURACY: 13
CHANGE_TYPE: DBM
TIMESTAMP: 26 may 2026 5:44:11 p.m.</description>
          <styleUrl>#style_60</styleUrl>
          <Point>
            <coordinates>-77.08539,-12.030521</coordinates>
          </Point>
        </Placemark>
        <Placemark>
          <name>-81</name>
          <description>
LAC: 38 CID: 447:2 RNC: 0 PSC: 151
ACCURACY: 13
CHANGE_TYPE: DBM
TIMESTAMP: 26 may 2026 5:44:13 p.m.</description>
          <styleUrl>#style_60</styleUrl>
          <Point>
            <coordinates>-77.08539,-12.030521</coordinates>
          </Point>
        </Placemark>
        <Placemark>
          <name>-82</name>
          <description>
LAC: 38 CID: 447:2 RNC: 0 PSC: 151
ACCURACY: 12
CHANGE_TYPE: DBM
TIMESTAMP: 26 may 2026 5:44:14 p.m.</description>
          <styleUrl>#style_60</styleUrl>
          <Point>
            <coordinates>-77.085419,-12.0306</coordinates>
          </Point>
        </Placemark>
        <Placemark>
          <name>-82</name>
          <description>
LAC: 38 CID: 447:2 RNC: 0 PSC: 151
ACCURACY: 12
CHANGE_TYPE: DBM
TIMESTAMP: 26 may 2026 5:44:15 p.m.</description>
          <styleUrl>#style_60</styleUrl>
          <Point>
            <coordinates>-77.085419,-12.0306</coordinates>
          </Point>
        </Placemark>
        <Placemark>
          <name>-83</name>
          <description>
LAC: 38 CID: 447:2 RNC: 0 PSC: 151
ACCURACY: 12
CHANGE_TYPE: DBM
TIMESTAMP: 26 may 2026 5:44:16 p.m.</description>
          <styleUrl>#style_60</styleUrl>
          <Point>
            <coordinates>-77.085419,-12.0306</coordinates>
          </Point>
        </Placemark>
        <Placemark>
          <name>-83</name>
          <description>
LAC: 38 CID: 447:2 RNC: 0 PSC: 151
ACCURACY: 12
CHANGE_TYPE: DBM
TIMESTAMP: 26 may 2026 5:44:17 p.m.</description>
          <styleUrl>#style_60</styleUrl>
          <Point>
            <coordinates>-77.085419,-12.0306</coordinates>
          </Point>
        </Placemark>
        <Placemark>
          <name>-79</name>
          <description>
LAC: 38 CID: 447:2 RNC: 0 PSC: 151
ACCURACY: 12
CHANGE_TYPE: DBM
TIMESTAMP: 26 may 2026 5:44:18 p.m.</description>
          <styleUrl>#style_60</styleUrl>
          <Point>
            <coordinates>-77.085419,-12.0306</coordinates>
          </Point>
        </Placemark>
        <Placemark>
          <name>-79</name>
          <description>
LAC: 38 CID: 447:2 RNC: 0 PSC: 151
ACCURACY: 12
CHANGE_TYPE: DBM
TIMESTAMP: 26 may 2026 5:44:19 p.m.</description>
          <styleUrl>#style_60</styleUrl>
          <Point>
            <coordinates>-77.085419,-12.0306</coordinates>
          </Point>
        </Placemark>
        <Placemark>
          <name>-79</name>
          <description>
LAC: 38 CID: 447:2 RNC: 0 PSC: 151
ACCURACY: 12
CHANGE_TYPE: DBM
TIMESTAMP: 26 may 2026 5:44:20 p.m.</description>
          <styleUrl>#style_60</styleUrl>
          <Point>
            <coordinates>-77.085419,-12.0306</coordinates>
          </Point>
        </Placemark>
        <Placemark>
          <name>-79</name>
          <description>
LAC: 38 CID: 447:2 RNC: 0 PSC: 151
ACCURACY: 12
CHANGE_TYPE: DBM
TIMESTAMP: 26 may 2026 5:44:21 p.m.</description>
          <styleUrl>#style_60</styleUrl>
          <Point>
            <coordinates>-77.085419,-12.0306</coordinates>
          </Point>
        </Placemark>
        <Placemark>
          <name>-78</name>
          <description>
LAC: 38 CID: 447:2 RNC: 0 PSC: 151
ACCURACY: 12
CHANGE_TYPE: DBM
TIMESTAMP: 26 may 2026 5:44:22 p.m.</description>
          <styleUrl>#style_60</styleUrl>
          <Point>
            <coordinates>-77.085419,-12.0306</coordinates>
          </Point>
        </Placemark>
        <Placemark>
          <name>-78</name>
          <description>
LAC: 38 CID: 447:2 RNC: 0 PSC: 151
ACCURACY: 12
CHANGE_TYPE: DBM
TIMESTAMP: 26 may 2026 5:44:23 p.m.</description>
          <styleUrl>#style_60</styleUrl>
          <Point>
            <coordinates>-77.085419,-12.0306</coordinates>
          </Point>
        </Placemark>
        <Placemark>
          <name>-75</name>
          <description>
LAC: 38 CID: 447:2 RNC: 0 PSC: 151
ACCURACY: 12
CHANGE_TYPE: DBM
TIMESTAMP: 26 may 2026 5:44:24 p.m.</description>
          <styleUrl>#style_70</styleUrl>
          <Point>
            <coordinates>-77.085435,-12.030682</coordinates>
          </Point>
        </Placemark>
        <Placemark>
          <name>-76</name>
          <description>
LAC: 38 CID: 447:2 RNC: 0 PSC: 151
ACCURACY: 12
CHANGE_TYPE: DBM
TIMESTAMP: 26 may 2026 5:44:26 p.m.</description>
          <styleUrl>#style_70</styleUrl>
          <Point>
            <coordinates>-77.085435,-12.030682</coordinates>
          </Point>
        </Placemark>
        <Placemark>
          <name>-76</name>
          <description>
LAC: 38 CID: 447:2 RNC: 0 PSC: 151
ACCURACY: 12
CHANGE_TYPE: DBM
TIMESTAMP: 26 may 2026 5:44:27 p.m.</description>
          <styleUrl>#style_70</styleUrl>
          <Point>
            <coordinates>-77.085435,-12.030682</coordinates>
          </Point>
        </Placemark>
        <Placemark>
          <name>-72</name>
          <description>
LAC: 38 CID: 447:2 RNC: 0 PSC: 151
ACCURACY: 12
CHANGE_TYPE: DBM
TIMESTAMP: 26 may 2026 5:44:28 p.m.</description>
          <styleUrl>#style_70</styleUrl>
          <Point>
            <coordinates>-77.085435,-12.030682</coordinates>
          </Point>
        </Placemark>
        <Placemark>
          <name>-72</name>
          <description>
LAC: 38 CID: 447:2 RNC: 0 PSC: 151
ACCURACY: 12
CHANGE_TYPE: DBM
TIMESTAMP: 26 may 2026 5:44:29 p.m.</description>
          <styleUrl>#style_70</styleUrl>
          <Point>
            <coordinates>-77.085435,-12.030682</coordinates>
          </Point>
        </Placemark>
        <Placemark>
          <name>-73</name>
          <description>
LAC: 38 CID: 447:2 RNC: 0 PSC: 151
ACCURACY: 12
CHANGE_TYPE: DBM
TIMESTAMP: 26 may 2026 5:44:30 p.m.</description>
          <styleUrl>#style_70</styleUrl>
          <Point>
            <coordinates>-77.085435,-12.030682</coordinates>
          </Point>
        </Placemark>
        <Placemark>
          <name>-73</name>
          <description>
LAC: 38 CID: 447:2 RNC: 0 PSC: 151
ACCURACY: 12
CHANGE_TYPE: DBM
TIMESTAMP: 26 may 2026 5:44:31 p.m.</description>
          <styleUrl>#style_70</styleUrl>
          <Point>
            <coordinates>-77.085435,-12.030682</coordinates>
          </Point>
        </Placemark>
        <Placemark>
          <name>-69</name>
          <description>
LAC: 38 CID: 447:2 RNC: 0 PSC: 151
ACCURACY: 12
CHANGE_TYPE: DBM
TIMESTAMP: 26 may 2026 5:44:32 p.m.</description>
          <styleUrl>#style_70</styleUrl>
          <Point>
            <coordinates>-77.085435,-12.030682</coordinates>
          </Point>
        </Placemark>
        <Placemark>
          <name>-69</name>
          <description>
LAC: 38 CID: 447:2 RNC: 0 PSC: 151
ACCURACY: 12
CHANGE_TYPE: DBM
TIMESTAMP: 26 may 2026 5:44:33 p.m.</description>
          <styleUrl>#style_70</styleUrl>
          <Point>
            <coordinates>-77.085435,-12.030682</coordinates>
          </Point>
        </Placemark>
        <Placemark>
          <name>-69</name>
          <description>
LAC: 38 CID: 447:2 RNC: 0 PSC: 151
ACCURACY: 11
CHANGE_TYPE: DBM
TIMESTAMP: 26 may 2026 5:44:34 p.m.</description>
          <styleUrl>#style_70</styleUrl>
          <Point>
            <coordinates>-77.085474,-12.030743</coordinates>
          </Point>
        </Placemark>
        <Placemark>
          <name>-69</name>
          <description>
LAC: 38 CID: 447:2 RNC: 0 PSC: 151
ACCURACY: 11
CHANGE_TYPE: DBM
TIMESTAMP: 26 may 2026 5:44:35 p.m.</description>
          <styleUrl>#style_70</styleUrl>
          <Point>
            <coordinates>-77.085474,-12.030743</coordinates>
          </Point>
        </Placemark>
        <Placemark>
          <name>-67</name>
          <description>
LAC: 38 CID: 447:2 RNC: 0 PSC: 151
ACCURACY: 11
CHANGE_TYPE: DBM
TIMESTAMP: 26 may 2026 5:44:36 p.m.</description>
          <styleUrl>#style_80</styleUrl>
          <Point>
            <coordinates>-77.085474,-12.030743</coordinates>
          </Point>
        </Placemark>
        <Placemark>
          <name>-67</name>
          <description>
LAC: 38 CID: 447:2 RNC: 0 PSC: 151
ACCURACY: 11
CHANGE_TYPE: DBM
TIMESTAMP: 26 may 2026 5:44:37 p.m.</description>
          <styleUrl>#style_80</styleUrl>
          <Point>
            <coordinates>-77.085474,-12.030743</coordinates>
          </Point>
        </Placemark>
        <Placemark>
          <name>-67</name>
          <description>
LAC: 38 CID: 447:2 RNC: 0 PSC: 151
ACCURACY: 12
CHANGE_TYPE: DBM
TIMESTAMP: 26 may 2026 5:44:38 p.m.</description>
          <styleUrl>#style_80</styleUrl>
          <Point>
            <coordinates>-77.085531,-12.030728</coordinates>
          </Point>
        </Placemark>
        <Placemark>
          <name>-71</name>
          <description>
LAC: 38 CID: 447:2 RNC: 0 PSC: 151
ACCURACY: 12
CHANGE_TYPE: DBM
TIMESTAMP: 26 may 2026 5:44:41 p.m.</description>
          <styleUrl>#style_70</styleUrl>
          <Point>
            <coordinates>-77.085531,-12.030728</coordinates>
          </Point>
        </Placemark>
        <Placemark>
          <name>-71</name>
          <description>
LAC: 38 CID: 447:2 RNC: 0 PSC: 151
ACCURACY: 12
CHANGE_TYPE: DBM
TIMESTAMP: 26 may 2026 5:44:42 p.m.</description>
          <styleUrl>#style_70</styleUrl>
          <Point>
            <coordinates>-77.085531,-12.030728</coordinates>
          </Point>
        </Placemark>
        <Placemark>
          <name>-70</name>
          <description>
LAC: 38 CID: 447:2 RNC: 0 PSC: 151
ACCURACY: 12
CHANGE_TYPE: DBM
TIMESTAMP: 26 may 2026 5:44:43 p.m.</description>
          <styleUrl>#style_70</styleUrl>
          <Point>
            <coordinates>-77.085531,-12.030728</coordinates>
          </Point>
        </Placemark>
        <Placemark>
          <name>-70</name>
          <description>
LAC: 38 CID: 447:2 RNC: 0 PSC: 151
ACCURACY: 12
CHANGE_TYPE: DBM
TIMESTAMP: 26 may 2026 5:44:44 p.m.</description>
          <styleUrl>#style_70</styleUrl>
          <Point>
            <coordinates>-77.085531,-12.030728</coordinates>
          </Point>
        </Placemark>
        <Placemark>
          <name>-68</name>
          <description>
LAC: 38 CID: 447:2 RNC: 0 PSC: 151
ACCURACY: 12
CHANGE_TYPE: DBM
TIMESTAMP: 26 may 2026 5:44:45 p.m.</description>
          <styleUrl>#style_70</styleUrl>
          <Point>
            <coordinates>-77.085531,-12.030728</coordinates>
          </Point>
        </Placemark>
        <Placemark>
          <name>-68</name>
          <description>
LAC: 38 CID: 447:2 RNC: 0 PSC: 151
ACCURACY: 12
CHANGE_TYPE: DBM
TIMESTAMP: 26 may 2026 5:44:46 p.m.</description>
          <styleUrl>#style_70</styleUrl>
          <Point>
            <coordinates>-77.085531,-12.030728</coordinates>
          </Point>
        </Placemark>
        <Placemark>
          <name>-67</name>
          <description>
LAC: 38 CID: 447:2 RNC: 0 PSC: 151
ACCURACY: 12
CHANGE_TYPE: DBM
TIMESTAMP: 26 may 2026 5:44:47 p.m.</description>
          <styleUrl>#style_80</styleUrl>
          <Point>
            <coordinates>-77.085531,-12.030728</coordinates>
          </Point>
        </Placemark>
        <Placemark>
          <name>-70</name>
          <description>
LAC: 38 CID: 447:2 RNC: 0 PSC: 151
ACCURACY: 11
CHANGE_TYPE: DBM
TIMESTAMP: 26 may 2026 5:44:49 p.m.</description>
          <styleUrl>#style_70</styleUrl>
          <Point>
            <coordinates>-77.085606,-12.030723</coordinates>
          </Point>
        </Placemark>
        <Placemark>
          <name>-70</name>
          <description>
LAC: 38 CID: 447:2 RNC: 0 PSC: 151
ACCURACY: 11
CHANGE_TYPE: DBM
TIMESTAMP: 26 may 2026 5:44:50 p.m.</description>
          <styleUrl>#style_70</styleUrl>
          <Point>
            <coordinates>-77.085606,-12.030723</coordinates>
          </Point>
        </Placemark>
        <Placemark>
          <name>-72</name>
          <description>
LAC: 38 CID: 447:2 RNC: 0 PSC: 151
ACCURACY: 11
CHANGE_TYPE: DBM
TIMESTAMP: 26 may 2026 5:44:51 p.m.</description>
          <styleUrl>#style_70</styleUrl>
          <Point>
            <coordinates>-77.085606,-12.030723</coordinates>
          </Point>
        </Placemark>
        <Placemark>
          <name>-72</name>
          <description>
LAC: 38 CID: 447:2 RNC: 0 PSC: 151
ACCURACY: 11
CHANGE_TYPE: DBM
TIMESTAMP: 26 may 2026 5:44:52 p.m.</description>
          <styleUrl>#style_70</styleUrl>
          <Point>
            <coordinates>-77.085606,-12.030723</coordinates>
          </Point>
        </Placemark>
        <Placemark>
          <name>-70</name>
          <description>
LAC: 38 CID: 447:2 RNC: 0 PSC: 151
ACCURACY: 11
CHANGE_TYPE: DBM
TIMESTAMP: 26 may 2026 5:44:53 p.m.</description>
          <styleUrl>#style_70</styleUrl>
          <Point>
            <coordinates>-77.085606,-12.030723</coordinates>
          </Point>
        </Placemark>
        <Placemark>
          <name>-69</name>
          <description>
LAC: 38 CID: 447:2 RNC: 0 PSC: 151
ACCURACY: 11
CHANGE_TYPE: DBM
TIMESTAMP: 26 may 2026 5:44:55 p.m.</description>
          <styleUrl>#style_70</styleUrl>
          <Point>
            <coordinates>-77.085606,-12.030723</coordinates>
          </Point>
        </Placemark>
        <Placemark>
          <name>-69</name>
          <description>
LAC: 38 CID: 447:2 RNC: 0 PSC: 151
ACCURACY: 11
CHANGE_TYPE: DBM
TIMESTAMP: 26 may 2026 5:44:56 p.m.</description>
          <styleUrl>#style_70</styleUrl>
          <Point>
            <coordinates>-77.085606,-12.030723</coordinates>
          </Point>
        </Placemark>
        <Placemark>
          <name>-69</name>
          <description>
LAC: 38 CID: 447:2 RNC: 0 PSC: 151
ACCURACY: 11
CHANGE_TYPE: DBM
TIMESTAMP: 26 may 2026 5:44:57 p.m.</description>
          <styleUrl>#style_70</styleUrl>
          <Point>
            <coordinates>-77.085606,-12.030723</coordinates>
          </Point>
        </Placemark>
        <Placemark>
          <name>-69</name>
          <description>
LAC: 38 CID: 447:2 RNC: 0 PSC: 151
ACCURACY: 11
CHANGE_TYPE: DBM
TIMESTAMP: 26 may 2026 5:44:58 p.m.</description>
          <styleUrl>#style_70</styleUrl>
          <Point>
            <coordinates>-77.085606,-12.030723</coordinates>
          </Point>
        </Placemark>
        <Placemark>
          <name>-69</name>
          <description>
LAC: 38 CID: 447:2 RNC: 0 PSC: 151
ACCURACY: 11
CHANGE_TYPE: DBM
TIMESTAMP: 26 may 2026 5:44:59 p.m.</description>
          <styleUrl>#style_70</styleUrl>
          <Point>
            <coordinates>-77.085701,-12.030693</coordinates>
          </Point>
        </Placemark>
        <Placemark>
          <name>-72</name>
          <description>
LAC: 38 CID: 447:2 RNC: 0 PSC: 151
ACCURACY: 11
CHANGE_TYPE: DBM
TIMESTAMP: 26 may 2026 5:45:01 p.m.</description>
          <styleUrl>#style_70</styleUrl>
          <Point>
            <coordinates>-77.085701,-12.030693</coordinates>
          </Point>
        </Placemark>
        <Placemark>
          <name>-72</name>
          <description>
LAC: 38 CID: 447:2 RNC: 0 PSC: 151
ACCURACY: 11
CHANGE_TYPE: DBM
TIMESTAMP: 26 may 2026 5:45:02 p.m.</description>
          <styleUrl>#style_70</styleUrl>
          <Point>
            <coordinates>-77.085701,-12.030693</coordinates>
          </Point>
        </Placemark>
        <Placemark>
          <name>-68</name>
          <description>
LAC: 38 CID: 447:2 RNC: 0 PSC: 151
ACCURACY: 11
CHANGE_TYPE: DBM
TIMESTAMP: 26 may 2026 5:45:03 p.m.</description>
          <styleUrl>#style_70</styleUrl>
          <Point>
            <coordinates>-77.085701,-12.030693</coordinates>
          </Point>
        </Placemark>
        <Placemark>
          <name>-68</name>
          <description>
LAC: 38 CID: 447:2 RNC: 0 PSC: 151
ACCURACY: 11
CHANGE_TYPE: DBM
TIMESTAMP: 26 may 2026 5:45:04 p.m.</description>
          <styleUrl>#style_70</styleUrl>
          <Point>
            <coordinates>-77.085748,-12.030701</coordinates>
          </Point>
        </Placemark>
        <Placemark>
          <name>-68</name>
          <description>
LAC: 38 CID: 447:2 RNC: 0 PSC: 151
ACCURACY: 11
CHANGE_TYPE: DBM
TIMESTAMP: 26 may 2026 5:45:05 p.m.</description>
          <styleUrl>#style_70</styleUrl>
          <Point>
            <coordinates>-77.085748,-12.030701</coordinates>
          </Point>
        </Placemark>
        <Placemark>
          <name>-68</name>
          <description>
LAC: 38 CID: 447:2 RNC: 0 PSC: 151
ACCURACY: 11
CHANGE_TYPE: DBM
TIMESTAMP: 26 may 2026 5:45:06 p.m.</description>
          <styleUrl>#style_70</styleUrl>
          <Point>
            <coordinates>-77.085748,-12.030701</coordinates>
          </Point>
        </Placemark>
        <Placemark>
          <name>-70</name>
          <description>
LAC: 38 CID: 447:2 RNC: 0 PSC: 151
ACCURACY: 11
CHANGE_TYPE: DBM
TIMESTAMP: 26 may 2026 5:45:08 p.m.</description>
          <styleUrl>#style_70</styleUrl>
          <Point>
            <coordinates>-77.085748,-12.030701</coordinates>
          </Point>
        </Placemark>
        <Placemark>
          <name>-70</name>
          <description>
LAC: 38 CID: 447:2 RNC: 0 PSC: 151
ACCURACY: 11
CHANGE_TYPE: DBM
TIMESTAMP: 26 may 2026 5:45:09 p.m.</description>
          <styleUrl>#style_70</styleUrl>
          <Point>
            <coordinates>-77.085804,-12.030709</coordinates>
          </Point>
        </Placemark>
        <Placemark>
          <name>-74</name>
          <description>
LAC: 38 CID: 447:2 RNC: 0 PSC: 151
ACCURACY: 11
CHANGE_TYPE: DBM
TIMESTAMP: 26 may 2026 5:45:10 p.m.</description>
          <styleUrl>#style_70</styleUrl>
          <Point>
            <coordinates>-77.085804,-12.030709</coordinates>
          </Point>
        </Placemark>
        <Placemark>
          <name>-74</name>
          <description>
LAC: 38 CID: 447:2 RNC: 0 PSC: 151
ACCURACY: 11
CHANGE_TYPE: DBM
TIMESTAMP: 26 may 2026 5:45:11 p.m.</description>
          <styleUrl>#style_70</styleUrl>
          <Point>
            <coordinates>-77.085804,-12.030709</coordinates>
          </Point>
        </Placemark>
        <Placemark>
          <name>-73</name>
          <description>
LAC: 38 CID: 447:2 RNC: 0 PSC: 151
ACCURACY: 11
CHANGE_TYPE: DBM
TIMESTAMP: 26 may 2026 5:45:12 p.m.</description>
          <styleUrl>#style_70</styleUrl>
          <Point>
            <coordinates>-77.085804,-12.030709</coordinates>
          </Point>
        </Placemark>
        <Placemark>
          <name>-73</name>
          <description>
LAC: 38 CID: 447:2 RNC: 0 PSC: 151
ACCURACY: 11
CHANGE_TYPE: DBM
TIMESTAMP: 26 may 2026 5:45:13 p.m.</description>
          <styleUrl>#style_70</styleUrl>
          <Point>
            <coordinates>-77.085804,-12.030709</coordinates>
          </Point>
        </Placemark>
        <Placemark>
          <name>-74</name>
          <description>
LAC: 38 CID: 447:2 RNC: 0 PSC: 151
ACCURACY: 11
CHANGE_TYPE: DBM
TIMESTAMP: 26 may 2026 5:45:14 p.m.</description>
          <styleUrl>#style_70</styleUrl>
          <Point>
            <coordinates>-77.085804,-12.030709</coordinates>
          </Point>
        </Placemark>
        <Placemark>
          <name>-74</name>
          <description>
LAC: 38 CID: 447:2 RNC: 0 PSC: 151
ACCURACY: 11
CHANGE_TYPE: DBM
TIMESTAMP: 26 may 2026 5:45:15 p.m.</description>
          <styleUrl>#style_70</styleUrl>
          <Point>
            <coordinates>-77.085804,-12.030709</coordinates>
          </Point>
        </Placemark>
        <Placemark>
          <name>-73</name>
          <description>
LAC: 38 CID: 447:2 RNC: 0 PSC: 151
ACCURACY: 11
CHANGE_TYPE: DBM
TIMESTAMP: 26 may 2026 5:45:16 p.m.</description>
          <styleUrl>#style_70</styleUrl>
          <Point>
            <coordinates>-77.085804,-12.030709</coordinates>
          </Point>
        </Placemark>
        <Placemark>
          <name>-69</name>
          <description>
LAC: 38 CID: 447:2 RNC: 0 PSC: 151
ACCURACY: 11
CHANGE_TYPE: DBM
TIMESTAMP: 26 may 2026 5:45:18 p.m.</description>
          <styleUrl>#style_70</styleUrl>
          <Point>
            <coordinates>-77.085804,-12.030709</coordinates>
          </Point>
        </Placemark>
        <Placemark>
          <name>-72</name>
          <description>
LAC: 38 CID: 447:2 RNC: 0 PSC: 151
ACCURACY: 11
CHANGE_TYPE: DBM
TIMESTAMP: 26 may 2026 5:45:20 p.m.</description>
          <styleUrl>#style_70</styleUrl>
          <Point>
            <coordinates>-77.085884,-12.030662</coordinates>
          </Point>
        </Placemark>
        <Placemark>
          <name>-72</name>
          <description>
LAC: 38 CID: 447:2 RNC: 0 PSC: 151
ACCURACY: 11
CHANGE_TYPE: DBM
TIMESTAMP: 26 may 2026 5:45:21 p.m.</description>
          <styleUrl>#style_70</styleUrl>
          <Point>
            <coordinates>-77.085884,-12.030662</coordinates>
          </Point>
        </Placemark>
        <Placemark>
          <name>-70</name>
          <description>
LAC: 38 CID: 447:2 RNC: 0 PSC: 151
ACCURACY: 11
CHANGE_TYPE: DBM
TIMESTAMP: 26 may 2026 5:45:22 p.m.</description>
          <styleUrl>#style_70</styleUrl>
          <Point>
            <coordinates>-77.085884,-12.030662</coordinates>
          </Point>
        </Placemark>
        <Placemark>
          <name>-71</name>
          <description>
LAC: 38 CID: 447:2 RNC: 0 PSC: 151
ACCURACY: 11
CHANGE_TYPE: DBM
TIMESTAMP: 26 may 2026 5:45:24 p.m.</description>
          <styleUrl>#style_70</styleUrl>
          <Point>
            <coordinates>-77.08594,-12.030681</coordinates>
          </Point>
        </Placemark>
        <Placemark>
          <name>-71</name>
          <description>
LAC: 38 CID: 447:2 RNC: 0 PSC: 151
ACCURACY: 11
CHANGE_TYPE: DBM
TIMESTAMP: 26 may 2026 5:45:26 p.m.</description>
          <styleUrl>#style_70</styleUrl>
          <Point>
            <coordinates>-77.08594,-12.030681</coordinates>
          </Point>
        </Placemark>
        <Placemark>
          <name>-71</name>
          <description>
LAC: 38 CID: 447:2 RNC: 0 PSC: 151
ACCURACY: 11
CHANGE_TYPE: DBM
TIMESTAMP: 26 may 2026 5:45:27 p.m.</description>
          <styleUrl>#style_70</styleUrl>
          <Point>
            <coordinates>-77.08594,-12.030681</coordinates>
          </Point>
        </Placemark>
        <Placemark>
          <name>-72</name>
          <description>
LAC: 38 CID: 447:2 RNC: 0 PSC: 151
ACCURACY: 11
CHANGE_TYPE: DBM
TIMESTAMP: 26 may 2026 5:45:28 p.m.</description>
          <styleUrl>#style_70</styleUrl>
          <Point>
            <coordinates>-77.08594,-12.030681</coordinates>
          </Point>
        </Placemark>
        <Placemark>
          <name>-72</name>
          <description>
LAC: 38 CID: 447:2 RNC: 0 PSC: 151
ACCURACY: 11
CHANGE_TYPE: DBM
TIMESTAMP: 26 may 2026 5:45:29 p.m.</description>
          <styleUrl>#style_70</styleUrl>
          <Point>
            <coordinates>-77.08594,-12.030681</coordinates>
          </Point>
        </Placemark>
        <Placemark>
          <name>-71</name>
          <description>
LAC: 38 CID: 447:2 RNC: 0 PSC: 151
ACCURACY: 11
CHANGE_TYPE: DBM
TIMESTAMP: 26 may 2026 5:45:30 p.m.</description>
          <styleUrl>#style_70</styleUrl>
          <Point>
            <coordinates>-77.08594,-12.030681</coordinates>
          </Point>
        </Placemark>
        <Placemark>
          <name>-71</name>
          <description>
LAC: 38 CID: 447:2 RNC: 0 PSC: 151
ACCURACY: 11
CHANGE_TYPE: DBM
TIMESTAMP: 26 may 2026 5:45:31 p.m.</description>
          <styleUrl>#style_70</styleUrl>
          <Point>
            <coordinates>-77.08594,-12.030681</coordinates>
          </Point>
        </Placemark>
        <Placemark>
          <name>-69</name>
          <description>
LAC: 38 CID: 447:2 RNC: 0 PSC: 151
ACCURACY: 11
CHANGE_TYPE: DBM
TIMESTAMP: 26 may 2026 5:45:32 p.m.</description>
          <styleUrl>#style_70</styleUrl>
          <Point>
            <coordinates>-77.08594,-12.030681</coordinates>
          </Point>
        </Placemark>
        <Placemark>
          <name>-68</name>
          <description>
LAC: 38 CID: 447:2 RNC: 0 PSC: 151
ACCURACY: 11
CHANGE_TYPE: DBM
TIMESTAMP: 26 may 2026 5:45:35 p.m.</description>
          <styleUrl>#style_70</styleUrl>
          <Point>
            <coordinates>-77.086024,-12.030677</coordinates>
          </Point>
        </Placemark>
        <Placemark>
          <name>-68</name>
          <description>
LAC: 38 CID: 447:2 RNC: 0 PSC: 151
ACCURACY: 11
CHANGE_TYPE: DBM
TIMESTAMP: 26 may 2026 5:45:36 p.m.</description>
          <styleUrl>#style_70</styleUrl>
          <Point>
            <coordinates>-77.086024,-12.030677</coordinates>
          </Point>
        </Placemark>
        <Placemark>
          <name>-70</name>
          <description>
LAC: 38 CID: 447:2 RNC: 0 PSC: 151
ACCURACY: 11
CHANGE_TYPE: DBM
TIMESTAMP: 26 may 2026 5:45:37 p.m.</description>
          <styleUrl>#style_70</styleUrl>
          <Point>
            <coordinates>-77.086024,-12.030677</coordinates>
          </Point>
        </Placemark>
        <Placemark>
          <name>-70</name>
          <description>
LAC: 38 CID: 447:2 RNC: 0 PSC: 151
ACCURACY: 11
CHANGE_TYPE: DBM
TIMESTAMP: 26 may 2026 5:45:39 p.m.</description>
          <styleUrl>#style_70</styleUrl>
          <Point>
            <coordinates>-77.086086,-12.030676</coordinates>
          </Point>
        </Placemark>
        <Placemark>
          <name>-70</name>
          <description>
LAC: 38 CID: 447:2 RNC: 0 PSC: 151
ACCURACY: 11
CHANGE_TYPE: DBM
TIMESTAMP: 26 may 2026 5:45:40 p.m.</description>
          <styleUrl>#style_70</styleUrl>
          <Point>
            <coordinates>-77.086086,-12.030676</coordinates>
          </Point>
        </Placemark>
        <Placemark>
          <name>-68</name>
          <description>
LAC: 38 CID: 447:2 RNC: 0 PSC: 151
ACCURACY: 11
CHANGE_TYPE: DBM
TIMESTAMP: 26 may 2026 5:45:41 p.m.</description>
          <styleUrl>#style_70</styleUrl>
          <Point>
            <coordinates>-77.086086,-12.030676</coordinates>
          </Point>
        </Placemark>
        <Placemark>
          <name>-68</name>
          <description>
LAC: 38 CID: 447:2 RNC: 0 PSC: 151
ACCURACY: 11
CHANGE_TYPE: DBM
TIMESTAMP: 26 may 2026 5:45:42 p.m.</description>
          <styleUrl>#style_70</styleUrl>
          <Point>
            <coordinates>-77.086086,-12.030676</coordinates>
          </Point>
        </Placemark>
        <Placemark>
          <name>-72</name>
          <description>
LAC: 38 CID: 447:2 RNC: 0 PSC: 151
ACCURACY: 11
CHANGE_TYPE: DBM
TIMESTAMP: 26 may 2026 5:45:43 p.m.</description>
          <styleUrl>#style_70</styleUrl>
          <Point>
            <coordinates>-77.086086,-12.030676</coordinates>
          </Point>
        </Placemark>
        <Placemark>
          <name>-72</name>
          <description>
LAC: 38 CID: 447:2 RNC: 0 PSC: 151
ACCURACY: 11
CHANGE_TYPE: DBM
TIMESTAMP: 26 may 2026 5:45:44 p.m.</description>
          <styleUrl>#style_70</styleUrl>
          <Point>
            <coordinates>-77.086148,-12.030681</coordinates>
          </Point>
        </Placemark>
        <Placemark>
          <name>-71</name>
          <description>
LAC: 38 CID: 447:2 RNC: 0 PSC: 151
ACCURACY: 11
CHANGE_TYPE: DBM
TIMESTAMP: 26 may 2026 5:45:45 p.m.</description>
          <styleUrl>#style_70</styleUrl>
          <Point>
            <coordinates>-77.086148,-12.030681</coordinates>
          </Point>
        </Placemark>
        <Placemark>
          <name>-71</name>
          <description>
LAC: 38 CID: 447:2 RNC: 0 PSC: 151
ACCURACY: 11
CHANGE_TYPE: DBM
TIMESTAMP: 26 may 2026 5:45:47 p.m.</description>
          <styleUrl>#style_70</styleUrl>
          <Point>
            <coordinates>-77.086148,-12.030681</coordinates>
          </Point>
        </Placemark>
        <Placemark>
          <name>-72</name>
          <description>
LAC: 38 CID: 447:2 RNC: 0 PSC: 151
ACCURACY: 11
CHANGE_TYPE: DBM
TIMESTAMP: 26 may 2026 5:45:49 p.m.</description>
          <styleUrl>#style_70</styleUrl>
          <Point>
            <coordinates>-77.086208,-12.030682</coordinates>
          </Point>
        </Placemark>
        <Placemark>
          <name>-72</name>
          <description>
LAC: 38 CID: 447:2 RNC: 0 PSC: 151
ACCURACY: 11
CHANGE_TYPE: DBM
TIMESTAMP: 26 may 2026 5:45:50 p.m.</description>
          <styleUrl>#style_70</styleUrl>
          <Point>
            <coordinates>-77.086208,-12.030682</coordinates>
          </Point>
        </Placemark>
        <Placemark>
          <name>-70</name>
          <description>
LAC: 38 CID: 447:2 RNC: 0 PSC: 151
ACCURACY: 11
CHANGE_TYPE: DBM
TIMESTAMP: 26 may 2026 5:45:51 p.m.</description>
          <styleUrl>#style_70</styleUrl>
          <Point>
            <coordinates>-77.086208,-12.030682</coordinates>
          </Point>
        </Placemark>
        <Placemark>
          <name>-70</name>
          <description>
LAC: 38 CID: 447:2 RNC: 0 PSC: 151
ACCURACY: 11
CHANGE_TYPE: DBM
TIMESTAMP: 26 may 2026 5:45:53 p.m.</description>
          <styleUrl>#style_70</styleUrl>
          <Point>
            <coordinates>-77.086208,-12.030682</coordinates>
          </Point>
        </Placemark>
        <Placemark>
          <name>-70</name>
          <description>
LAC: 38 CID: 447:2 RNC: 0 PSC: 151
ACCURACY: 11
CHANGE_TYPE: DBM
TIMESTAMP: 26 may 2026 5:45:54 p.m.</description>
          <styleUrl>#style_70</styleUrl>
          <Point>
            <coordinates>-77.086208,-12.030682</coordinates>
          </Point>
        </Placemark>
        <Placemark>
          <name>-68</name>
          <description>
LAC: 38 CID: 447:2 RNC: 0 PSC: 151
ACCURACY: 11
CHANGE_TYPE: DBM
TIMESTAMP: 26 may 2026 5:45:55 p.m.</description>
          <styleUrl>#style_70</styleUrl>
          <Point>
            <coordinates>-77.086208,-12.030682</coordinates>
          </Point>
        </Placemark>
        <Placemark>
          <name>-68</name>
          <description>
LAC: 38 CID: 447:2 RNC: 0 PSC: 151
ACCURACY: 11
CHANGE_TYPE: DBM
TIMESTAMP: 26 may 2026 5:45:56 p.m.</description>
          <styleUrl>#style_70</styleUrl>
          <Point>
            <coordinates>-77.086208,-12.030682</coordinates>
          </Point>
        </Placemark>
        <Placemark>
          <name>-67</name>
          <description>
LAC: 38 CID: 447:2 RNC: 0 PSC: 151
ACCURACY: 11
CHANGE_TYPE: DBM
TIMESTAMP: 26 may 2026 5:45:57 p.m.</description>
          <styleUrl>#style_80</styleUrl>
          <Point>
            <coordinates>-77.086208,-12.030682</coordinates>
          </Point>
        </Placemark>
        <Placemark>
          <name>-68</name>
          <description>
LAC: 38 CID: 447:2 RNC: 0 PSC: 151
ACCURACY: 11
CHANGE_TYPE: DBM
TIMESTAMP: 26 may 2026 5:45:59 p.m.</description>
          <styleUrl>#style_70</styleUrl>
          <Point>
            <coordinates>-77.086282,-12.030694</coordinates>
          </Point>
        </Placemark>
        <Placemark>
          <name>-68</name>
          <description>
LAC: 38 CID: 447:2 RNC: 0 PSC: 151
ACCURACY: 11
CHANGE_TYPE: DBM
TIMESTAMP: 26 may 2026 5:46:00 p.m.</description>
          <styleUrl>#style_70</styleUrl>
          <Point>
            <coordinates>-77.086282,-12.030694</coordinates>
          </Point>
        </Placemark>
        <Placemark>
          <name>-69</name>
          <description>
LAC: 38 CID: 447:2 RNC: 0 PSC: 151
ACCURACY: 11
CHANGE_TYPE: DBM
TIMESTAMP: 26 may 2026 5:46:01 p.m.</description>
          <styleUrl>#style_70</styleUrl>
          <Point>
            <coordinates>-77.086282,-12.030694</coordinates>
          </Point>
        </Placemark>
        <Placemark>
          <name>-69</name>
          <description>
LAC: 38 CID: 447:2 RNC: 0 PSC: 151
ACCURACY: 11
CHANGE_TYPE: DBM
TIMESTAMP: 26 may 2026 5:46:03 p.m.</description>
          <styleUrl>#style_70</styleUrl>
          <Point>
            <coordinates>-77.086282,-12.030694</coordinates>
          </Point>
        </Placemark>
        <Placemark>
          <name>-67</name>
          <description>
LAC: 38 CID: 447:2 RNC: 0 PSC: 151
ACCURACY: 11
CHANGE_TYPE: DBM
TIMESTAMP: 26 may 2026 5:46:04 p.m.</description>
          <styleUrl>#style_80</styleUrl>
          <Point>
            <coordinates>-77.086282,-12.030694</coordinates>
          </Point>
        </Placemark>
        <Placemark>
          <name>-67</name>
          <description>
LAC: 38 CID: 447:2 RNC: 0 PSC: 151
ACCURACY: 11
CHANGE_TYPE: DBM
TIMESTAMP: 26 may 2026 5:46:05 p.m.</description>
          <styleUrl>#style_80</styleUrl>
          <Point>
            <coordinates>-77.086282,-12.030694</coordinates>
          </Point>
        </Placemark>
        <Placemark>
          <name>-68</name>
          <description>
LAC: 38 CID: 447:2 RNC: 0 PSC: 151
ACCURACY: 11
CHANGE_TYPE: DBM
TIMESTAMP: 26 may 2026 5:46:06 p.m.</description>
          <styleUrl>#style_70</styleUrl>
          <Point>
            <coordinates>-77.086282,-12.030694</coordinates>
          </Point>
        </Placemark>
        <Placemark>
          <name>-68</name>
          <description>
LAC: 38 CID: 447:2 RNC: 0 PSC: 151
ACCURACY: 11
CHANGE_TYPE: DBM
TIMESTAMP: 26 may 2026 5:46:07 p.m.</description>
          <styleUrl>#style_70</styleUrl>
          <Point>
            <coordinates>-77.086282,-12.030694</coordinates>
          </Point>
        </Placemark>
        <Placemark>
          <name>-66</name>
          <description>
LAC: 38 CID: 447:2 RNC: 0 PSC: 151
ACCURACY: 11
CHANGE_TYPE: DBM
TIMESTAMP: 26 may 2026 5:46:08 p.m.</description>
          <styleUrl>#style_80</styleUrl>
          <Point>
            <coordinates>-77.086282,-12.030694</coordinates>
          </Point>
        </Placemark>
        <Placemark>
          <name>-66</name>
          <description>
LAC: 38 CID: 447:2 RNC: 0 PSC: 151
ACCURACY: 11
CHANGE_TYPE: DBM
TIMESTAMP: 26 may 2026 5:46:09 p.m.</description>
          <styleUrl>#style_80</styleUrl>
          <Point>
            <coordinates>-77.086282,-12.030694</coordinates>
          </Point>
        </Placemark>
        <Placemark>
          <name>-66</name>
          <description>
LAC: 38 CID: 447:2 RNC: 0 PSC: 151
ACCURACY: 11
CHANGE_TYPE: DBM
TIMESTAMP: 26 may 2026 5:46:10 p.m.</description>
          <styleUrl>#style_80</styleUrl>
          <Point>
            <coordinates>-77.086282,-12.030694</coordinates>
          </Point>
        </Placemark>
        <Placemark>
          <name>-66</name>
          <description>
LAC: 38 CID: 447:2 RNC: 0 PSC: 151
ACCURACY: 11
CHANGE_TYPE: DBM
TIMESTAMP: 26 may 2026 5:46:11 p.m.</description>
          <styleUrl>#style_80</styleUrl>
          <Point>
            <coordinates>-77.086282,-12.030694</coordinates>
          </Point>
        </Placemark>
        <Placemark>
          <name>-66</name>
          <description>
LAC: 38 CID: 447:2 RNC: 0 PSC: 151
ACCURACY: 11
CHANGE_TYPE: DBM
TIMESTAMP: 26 may 2026 5:46:12 p.m.</description>
          <styleUrl>#style_80</styleUrl>
          <Point>
            <coordinates>-77.086282,-12.030694</coordinates>
          </Point>
        </Placemark>
        <Placemark>
          <name>-66</name>
          <description>
LAC: 38 CID: 447:2 RNC: 0 PSC: 151
ACCURACY: 11
CHANGE_TYPE: DBM
TIMESTAMP: 26 may 2026 5:46:13 p.m.</description>
          <styleUrl>#style_80</styleUrl>
          <Point>
            <coordinates>-77.086282,-12.030694</coordinates>
          </Point>
        </Placemark>
        <Placemark>
          <name>-66</name>
          <description>
LAC: 38 CID: 447:2 RNC: 0 PSC: 151
ACCURACY: 11
CHANGE_TYPE: DBM
TIMESTAMP: 26 may 2026 5:46:15 p.m.</description>
          <styleUrl>#style_80</styleUrl>
          <Point>
            <coordinates>-77.086282,-12.030694</coordinates>
          </Point>
        </Placemark>
        <Placemark>
          <name>-65</name>
          <description>
LAC: 38 CID: 447:2 RNC: 0 PSC: 151
ACCURACY: 11
CHANGE_TYPE: DBM
TIMESTAMP: 26 may 2026 5:46:16 p.m.</description>
          <styleUrl>#style_80</styleUrl>
          <Point>
            <coordinates>-77.086282,-12.030694</coordinates>
          </Point>
        </Placemark>
        <Placemark>
          <name>-65</name>
          <description>
LAC: 38 CID: 447:2 RNC: 0 PSC: 151
ACCURACY: 11
CHANGE_TYPE: DBM
TIMESTAMP: 26 may 2026 5:46:17 p.m.</description>
          <styleUrl>#style_80</styleUrl>
          <Point>
            <coordinates>-77.086282,-12.030694</coordinates>
          </Point>
        </Placemark>
        <Placemark>
          <name>-65</name>
          <description>
LAC: 38 CID: 447:2 RNC: 0 PSC: 151
ACCURACY: 11
CHANGE_TYPE: DBM
TIMESTAMP: 26 may 2026 5:46:18 p.m.</description>
          <styleUrl>#style_80</styleUrl>
          <Point>
            <coordinates>-77.086282,-12.030694</coordinates>
          </Point>
        </Placemark>
        <Placemark>
          <name>-65</name>
          <description>
LAC: 38 CID: 447:2 RNC: 0 PSC: 151
ACCURACY: 11
CHANGE_TYPE: DBM
TIMESTAMP: 26 may 2026 5:46:19 p.m.</description>
          <styleUrl>#style_80</styleUrl>
          <Point>
            <coordinates>-77.086282,-12.030694</coordinates>
          </Point>
        </Placemark>
        <Placemark>
          <name>-65</name>
          <description>
LAC: 38 CID: 447:2 RNC: 0 PSC: 151
ACCURACY: 11
CHANGE_TYPE: DBM
TIMESTAMP: 26 may 2026 5:46:20 p.m.</description>
          <styleUrl>#style_80</styleUrl>
          <Point>
            <coordinates>-77.086282,-12.030694</coordinates>
          </Point>
        </Placemark>
        <Placemark>
          <name>-67</name>
          <description>
LAC: 38 CID: 447:2 RNC: 0 PSC: 151
ACCURACY: 11
CHANGE_TYPE: DBM
TIMESTAMP: 26 may 2026 5:46:22 p.m.</description>
          <styleUrl>#style_80</styleUrl>
          <Point>
            <coordinates>-77.086282,-12.030694</coordinates>
          </Point>
        </Placemark>
        <Placemark>
          <name>-67</name>
          <description>
LAC: 38 CID: 447:2 RNC: 0 PSC: 151
ACCURACY: 11
CHANGE_TYPE: DBM
TIMESTAMP: 26 may 2026 5:46:23 p.m.</description>
          <styleUrl>#style_80</styleUrl>
          <Point>
            <coordinates>-77.086282,-12.030694</coordinates>
          </Point>
        </Placemark>
        <Placemark>
          <name>-65</name>
          <description>
LAC: 38 CID: 447:2 RNC: 0 PSC: 151
ACCURACY: 11
CHANGE_TYPE: DBM
TIMESTAMP: 26 may 2026 5:46:24 p.m.</description>
          <styleUrl>#style_80</styleUrl>
          <Point>
            <coordinates>-77.086282,-12.030694</coordinates>
          </Point>
        </Placemark>
        <Placemark>
          <name>-65</name>
          <description>
LAC: 38 CID: 447:2 RNC: 0 PSC: 151
ACCURACY: 11
CHANGE_TYPE: DBM
TIMESTAMP: 26 may 2026 5:46:25 p.m.</description>
          <styleUrl>#style_80</styleUrl>
          <Point>
            <coordinates>-77.086282,-12.030694</coordinates>
          </Point>
        </Placemark>
        <Placemark>
          <name>-64</name>
          <description>
LAC: 38 CID: 447:2 RNC: 0 PSC: 151
ACCURACY: 11
CHANGE_TYPE: DBM
TIMESTAMP: 26 may 2026 5:46:26 p.m.</description>
          <styleUrl>#style_80</styleUrl>
          <Point>
            <coordinates>-77.086282,-12.030694</coordinates>
          </Point>
        </Placemark>
        <Placemark>
          <name>-60</name>
          <description>
LAC: 38 CID: 447:2 RNC: 0 PSC: 151
ACCURACY: 10
CHANGE_TYPE: DBM
TIMESTAMP: 26 may 2026 5:46:59 p.m.</description>
          <styleUrl>#style_80</styleUrl>
          <Point>
            <coordinates>-77.08629,-12.030802</coordinates>
          </Point>
        </Placemark>
        <Placemark>
          <name>-62</name>
          <description>
LAC: 38 CID: 447:2 RNC: 0 PSC: 151
ACCURACY: 10
CHANGE_TYPE: DBM
TIMESTAMP: 26 may 2026 5:47:00 p.m.</description>
          <styleUrl>#style_80</styleUrl>
          <Point>
            <coordinates>-77.08629,-12.030802</coordinates>
          </Point>
        </Placemark>
        <Placemark>
          <name>-62</name>
          <description>
LAC: 38 CID: 447:2 RNC: 0 PSC: 151
ACCURACY: 10
CHANGE_TYPE: DBM
TIMESTAMP: 26 may 2026 5:47:01 p.m.</description>
          <styleUrl>#style_80</styleUrl>
          <Point>
            <coordinates>-77.08629,-12.030802</coordinates>
          </Point>
        </Placemark>
        <Placemark>
          <name>-60</name>
          <description>
LAC: 38 CID: 447:2 RNC: 0 PSC: 151
ACCURACY: 10
CHANGE_TYPE: DBM
TIMESTAMP: 26 may 2026 5:47:02 p.m.</description>
          <styleUrl>#style_80</styleUrl>
          <Point>
            <coordinates>-77.08629,-12.030802</coordinates>
          </Point>
        </Placemark>
        <Placemark>
          <name>-60</name>
          <description>
LAC: 38 CID: 447:2 RNC: 0 PSC: 151
ACCURACY: 10
CHANGE_TYPE: DBM
TIMESTAMP: 26 may 2026 5:47:03 p.m.</description>
          <styleUrl>#style_80</styleUrl>
          <Point>
            <coordinates>-77.08629,-12.030802</coordinates>
          </Point>
        </Placemark>
        <Placemark>
          <name>-60</name>
          <description>
LAC: 38 CID: 447:2 RNC: 0 PSC: 151
ACCURACY: 11
CHANGE_TYPE: DBM
TIMESTAMP: 26 may 2026 5:47:04 p.m.</description>
          <styleUrl>#style_80</styleUrl>
          <Point>
            <coordinates>-77.086328,-12.030849</coordinates>
          </Point>
        </Placemark>
        <Placemark>
          <name>-60</name>
          <description>
LAC: 38 CID: 447:2 RNC: 0 PSC: 151
ACCURACY: 11
CHANGE_TYPE: DBM
TIMESTAMP: 26 may 2026 5:47:05 p.m.</description>
          <styleUrl>#style_80</styleUrl>
          <Point>
            <coordinates>-77.086328,-12.030849</coordinates>
          </Point>
        </Placemark>
        <Placemark>
          <name>-61</name>
          <description>
LAC: 38 CID: 447:2 RNC: 0 PSC: 151
ACCURACY: 11
CHANGE_TYPE: DBM
TIMESTAMP: 26 may 2026 5:47:06 p.m.</description>
          <styleUrl>#style_80</styleUrl>
          <Point>
            <coordinates>-77.086328,-12.030849</coordinates>
          </Point>
        </Placemark>
        <Placemark>
          <name>-60</name>
          <description>
LAC: 38 CID: 447:2 RNC: 0 PSC: 151
ACCURACY: 11
CHANGE_TYPE: DBM
TIMESTAMP: 26 may 2026 5:47:08 p.m.</description>
          <styleUrl>#style_80</styleUrl>
          <Point>
            <coordinates>-77.086328,-12.030849</coordinates>
          </Point>
        </Placemark>
        <Placemark>
          <name>-60</name>
          <description>
LAC: 38 CID: 447:2 RNC: 0 PSC: 151
ACCURACY: 11
CHANGE_TYPE: DBM
TIMESTAMP: 26 may 2026 5:47:09 p.m.</description>
          <styleUrl>#style_80</styleUrl>
          <Point>
            <coordinates>-77.086352,-12.030916</coordinates>
          </Point>
        </Placemark>
        <Placemark>
          <name>-61</name>
          <description>
LAC: 38 CID: 447:2 RNC: 0 PSC: 151
ACCURACY: 11
CHANGE_TYPE: DBM
TIMESTAMP: 26 may 2026 5:47:10 p.m.</description>
          <styleUrl>#style_80</styleUrl>
          <Point>
            <coordinates>-77.086352,-12.030916</coordinates>
          </Point>
        </Placemark>
        <Placemark>
          <name>-61</name>
          <description>
LAC: 38 CID: 447:2 RNC: 0 PSC: 151
ACCURACY: 11
CHANGE_TYPE: DBM
TIMESTAMP: 26 may 2026 5:47:11 p.m.</description>
          <styleUrl>#style_80</styleUrl>
          <Point>
            <coordinates>-77.086352,-12.030916</coordinates>
          </Point>
        </Placemark>
        <Placemark>
          <name>-62</name>
          <description>
LAC: 38 CID: 447:2 RNC: 0 PSC: 151
ACCURACY: 11
CHANGE_TYPE: DBM
TIMESTAMP: 26 may 2026 5:47:12 p.m.</description>
          <styleUrl>#style_80</styleUrl>
          <Point>
            <coordinates>-77.086352,-12.030916</coordinates>
          </Point>
        </Placemark>
        <Placemark>
          <name>-62</name>
          <description>
LAC: 38 CID: 447:2 RNC: 0 PSC: 151
ACCURACY: 11
CHANGE_TYPE: DBM
TIMESTAMP: 26 may 2026 5:47:14 p.m.</description>
          <styleUrl>#style_80</styleUrl>
          <Point>
            <coordinates>-77.086352,-12.030916</coordinates>
          </Point>
        </Placemark>
        <Placemark>
          <name>-62</name>
          <description>
LAC: 38 CID: 447:2 RNC: 0 PSC: 151
ACCURACY: 11
CHANGE_TYPE: DBM
TIMESTAMP: 26 may 2026 5:47:15 p.m.</description>
          <styleUrl>#style_80</styleUrl>
          <Point>
            <coordinates>-77.086352,-12.030916</coordinates>
          </Point>
        </Placemark>
        <Placemark>
          <name>-62</name>
          <description>
LAC: 38 CID: 447:2 RNC: 0 PSC: 151
ACCURACY: 11
CHANGE_TYPE: DBM
TIMESTAMP: 26 may 2026 5:47:16 p.m.</description>
          <styleUrl>#style_80</styleUrl>
          <Point>
            <coordinates>-77.086352,-12.030916</coordinates>
          </Point>
        </Placemark>
        <Placemark>
          <name>-62</name>
          <description>
LAC: 38 CID: 447:2 RNC: 0 PSC: 151
ACCURACY: 11
CHANGE_TYPE: DBM
TIMESTAMP: 26 may 2026 5:47:17 p.m.</description>
          <styleUrl>#style_80</styleUrl>
          <Point>
            <coordinates>-77.086352,-12.030916</coordinates>
          </Point>
        </Placemark>
        <Placemark>
          <name>-62</name>
          <description>
LAC: 38 CID: 447:2 RNC: 0 PSC: 151
ACCURACY: 11
CHANGE_TYPE: DBM
TIMESTAMP: 26 may 2026 5:47:18 p.m.</description>
          <styleUrl>#style_80</styleUrl>
          <Point>
            <coordinates>-77.086352,-12.030916</coordinates>
          </Point>
        </Placemark>
        <Placemark>
          <name>-62</name>
          <description>
LAC: 38 CID: 447:2 RNC: 0 PSC: 151
ACCURACY: 11
CHANGE_TYPE: DBM
TIMESTAMP: 26 may 2026 5:47:19 p.m.</description>
          <styleUrl>#style_80</styleUrl>
          <Point>
            <coordinates>-77.08636,-12.030988</coordinates>
          </Point>
        </Placemark>
        <Placemark>
          <name>-62</name>
          <description>
LAC: 38 CID: 447:2 RNC: 0 PSC: 151
ACCURACY: 11
CHANGE_TYPE: DBM
TIMESTAMP: 26 may 2026 5:47:21 p.m.</description>
          <styleUrl>#style_80</styleUrl>
          <Point>
            <coordinates>-77.08636,-12.030988</coordinates>
          </Point>
        </Placemark>
        <Placemark>
          <name>-62</name>
          <description>
LAC: 38 CID: 447:2 RNC: 0 PSC: 151
ACCURACY: 11
CHANGE_TYPE: DBM
TIMESTAMP: 26 may 2026 5:47:22 p.m.</description>
          <styleUrl>#style_80</styleUrl>
          <Point>
            <coordinates>-77.08636,-12.030988</coordinates>
          </Point>
        </Placemark>
        <Placemark>
          <name>-63</name>
          <description>
LAC: 38 CID: 447:2 RNC: 0 PSC: 151
ACCURACY: 11
CHANGE_TYPE: DBM
TIMESTAMP: 26 may 2026 5:47:23 p.m.</description>
          <styleUrl>#style_80</styleUrl>
          <Point>
            <coordinates>-77.08636,-12.030988</coordinates>
          </Point>
        </Placemark>
        <Placemark>
          <name>-64</name>
          <description>
LAC: 38 CID: 447:2 RNC: 0 PSC: 151
ACCURACY: 11
CHANGE_TYPE: DBM
TIMESTAMP: 26 may 2026 5:47:25 p.m.</description>
          <styleUrl>#style_80</styleUrl>
          <Point>
            <coordinates>-77.08636,-12.030988</coordinates>
          </Point>
        </Placemark>
        <Placemark>
          <name>-64</name>
          <description>
LAC: 38 CID: 447:2 RNC: 0 PSC: 151
ACCURACY: 11
CHANGE_TYPE: DBM
TIMESTAMP: 26 may 2026 5:47:26 p.m.</description>
          <styleUrl>#style_80</styleUrl>
          <Point>
            <coordinates>-77.08636,-12.030988</coordinates>
          </Point>
        </Placemark>
        <Placemark>
          <name>-64</name>
          <description>
LAC: 38 CID: 447:2 RNC: 0 PSC: 151
ACCURACY: 11
CHANGE_TYPE: DBM
TIMESTAMP: 26 may 2026 5:47:27 p.m.</description>
          <styleUrl>#style_80</styleUrl>
          <Point>
            <coordinates>-77.08636,-12.030988</coordinates>
          </Point>
        </Placemark>
        <Placemark>
          <name>-64</name>
          <description>
LAC: 38 CID: 447:2 RNC: 0 PSC: 151
ACCURACY: 11
CHANGE_TYPE: DBM
TIMESTAMP: 26 may 2026 5:47:28 p.m.</description>
          <styleUrl>#style_80</styleUrl>
          <Point>
            <coordinates>-77.08636,-12.030988</coordinates>
          </Point>
        </Placemark>
        <Placemark>
          <name>-63</name>
          <description>
LAC: 38 CID: 447:2 RNC: 0 PSC: 151
ACCURACY: 11
CHANGE_TYPE: DBM
TIMESTAMP: 26 may 2026 5:47:29 p.m.</description>
          <styleUrl>#style_80</styleUrl>
          <Point>
            <coordinates>-77.086296,-12.031022</coordinates>
          </Point>
        </Placemark>
        <Placemark>
          <name>-1</name>
          <description>
LAC: 38 CID: 447:2 RNC: 0 PSC: 151
ACCURACY: 11
CHANGE_TYPE: DBM
TIMESTAMP: 26 may 2026 5:47:31 p.m.</description>
          <styleUrl>#style_0</styleUrl>
          <Point>
            <coordinates>-77.086296,-12.031022</coordinates>
          </Point>
        </Placemark>
        <Placemark>
          <name>-58</name>
          <description>
LAC: 38 CID: 447:2 RNC: 0 PSC: 151
ACCURACY: 11
CHANGE_TYPE: DBM
TIMESTAMP: 26 may 2026 5:47:33 p.m.</description>
          <styleUrl>#style_80</styleUrl>
          <Point>
            <coordinates>-77.086296,-12.031022</coordinates>
          </Point>
        </Placemark>
        <Placemark>
          <name>-62</name>
          <description>
LAC: 38 CID: 447:2 RNC: 0 PSC: 151
ACCURACY: 11
CHANGE_TYPE: DBM
TIMESTAMP: 26 may 2026 5:47:35 p.m.</description>
          <styleUrl>#style_80</styleUrl>
          <Point>
            <coordinates>-77.086296,-12.031022</coordinates>
          </Point>
        </Placemark>
        <Placemark>
          <name>-62</name>
          <description>
LAC: 38 CID: 447:2 RNC: 0 PSC: 151
ACCURACY: 11
CHANGE_TYPE: DBM
TIMESTAMP: 26 may 2026 5:47:36 p.m.</description>
          <styleUrl>#style_80</styleUrl>
          <Point>
            <coordinates>-77.086296,-12.031022</coordinates>
          </Point>
        </Placemark>
        <Placemark>
          <name>-61</name>
          <description>
LAC: 38 CID: 447:2 RNC: 0 PSC: 151
ACCURACY: 11
CHANGE_TYPE: DBM
TIMESTAMP: 26 may 2026 5:47:37 p.m.</description>
          <styleUrl>#style_80</styleUrl>
          <Point>
            <coordinates>-77.086296,-12.031022</coordinates>
          </Point>
        </Placemark>
        <Placemark>
          <name>-61</name>
          <description>
LAC: 38 CID: 447:2 RNC: 0 PSC: 151
ACCURACY: 11
CHANGE_TYPE: DBM
TIMESTAMP: 26 may 2026 5:47:38 p.m.</description>
          <styleUrl>#style_80</styleUrl>
          <Point>
            <coordinates>-77.086296,-12.031022</coordinates>
          </Point>
        </Placemark>
        <Placemark>
          <name>-63</name>
          <description>
LAC: 38 CID: 447:2 RNC: 0 PSC: 151
ACCURACY: 11
CHANGE_TYPE: DBM
TIMESTAMP: 26 may 2026 5:47:39 p.m.</description>
          <styleUrl>#style_80</styleUrl>
          <Point>
            <coordinates>-77.086338,-12.031102</coordinates>
          </Point>
        </Placemark>
        <Placemark>
          <name>-61</name>
          <description>
LAC: 38 CID: 447:2 RNC: 0 PSC: 151
ACCURACY: 11
CHANGE_TYPE: DBM
TIMESTAMP: 26 may 2026 5:47:41 p.m.</description>
          <styleUrl>#style_80</styleUrl>
          <Point>
            <coordinates>-77.086338,-12.031102</coordinates>
          </Point>
        </Placemark>
        <Placemark>
          <name>-61</name>
          <description>
LAC: 38 CID: 447:2 RNC: 0 PSC: 151
ACCURACY: 11
CHANGE_TYPE: DBM
TIMESTAMP: 26 may 2026 5:47:42 p.m.</description>
          <styleUrl>#style_80</styleUrl>
          <Point>
            <coordinates>-77.086338,-12.031102</coordinates>
          </Point>
        </Placemark>
        <Placemark>
          <name>-63</name>
          <description>
LAC: 38 CID: 447:2 RNC: 0 PSC: 151
ACCURACY: 11
CHANGE_TYPE: DBM
TIMESTAMP: 26 may 2026 5:47:43 p.m.</description>
          <styleUrl>#style_80</styleUrl>
          <Point>
            <coordinates>-77.086338,-12.031102</coordinates>
          </Point>
        </Placemark>
        <Placemark>
          <name>-63</name>
          <description>
LAC: 38 CID: 447:2 RNC: 0 PSC: 151
ACCURACY: 11
CHANGE_TYPE: DBM
TIMESTAMP: 26 may 2026 5:47:44 p.m.</description>
          <styleUrl>#style_80</styleUrl>
          <Point>
            <coordinates>-77.086356,-12.031145</coordinates>
          </Point>
        </Placemark>
        <Placemark>
          <name>-62</name>
          <description>
LAC: 38 CID: 447:2 RNC: 0 PSC: 151
ACCURACY: 11
CHANGE_TYPE: DBM
TIMESTAMP: 26 may 2026 5:47:45 p.m.</description>
          <styleUrl>#style_80</styleUrl>
          <Point>
            <coordinates>-77.086356,-12.031145</coordinates>
          </Point>
        </Placemark>
        <Placemark>
          <name>-62</name>
          <description>
LAC: 38 CID: 447:2 RNC: 0 PSC: 151
ACCURACY: 11
CHANGE_TYPE: DBM
TIMESTAMP: 26 may 2026 5:47:46 p.m.</description>
          <styleUrl>#style_80</styleUrl>
          <Point>
            <coordinates>-77.086356,-12.031145</coordinates>
          </Point>
        </Placemark>
        <Placemark>
          <name>-60</name>
          <description>
LAC: 38 CID: 447:2 RNC: 0 PSC: 151
ACCURACY: 11
CHANGE_TYPE: DBM
TIMESTAMP: 26 may 2026 5:47:48 p.m.</description>
          <styleUrl>#style_80</styleUrl>
          <Point>
            <coordinates>-77.086356,-12.031145</coordinates>
          </Point>
        </Placemark>
        <Placemark>
          <name>-60</name>
          <description>
LAC: 38 CID: 447:2 RNC: 0 PSC: 151
ACCURACY: 10
CHANGE_TYPE: DBM
TIMESTAMP: 26 may 2026 5:47:49 p.m.</description>
          <styleUrl>#style_80</styleUrl>
          <Point>
            <coordinates>-77.086406,-12.031195</coordinates>
          </Point>
        </Placemark>
        <Placemark>
          <name>-61</name>
          <description>
LAC: 38 CID: 447:2 RNC: 0 PSC: 151
ACCURACY: 10
CHANGE_TYPE: DBM
TIMESTAMP: 26 may 2026 5:47:50 p.m.</description>
          <styleUrl>#style_80</styleUrl>
          <Point>
            <coordinates>-77.086406,-12.031195</coordinates>
          </Point>
        </Placemark>
        <Placemark>
          <name>-61</name>
          <description>
LAC: 38 CID: 447:2 RNC: 0 PSC: 151
ACCURACY: 10
CHANGE_TYPE: DBM
TIMESTAMP: 26 may 2026 5:47:51 p.m.</description>
          <styleUrl>#style_80</styleUrl>
          <Point>
            <coordinates>-77.086406,-12.031195</coordinates>
          </Point>
        </Placemark>
        <Placemark>
          <name>-63</name>
          <description>
LAC: 38 CID: 447:2 RNC: 0 PSC: 151
ACCURACY: 10
CHANGE_TYPE: DBM
TIMESTAMP: 26 may 2026 5:47:52 p.m.</description>
          <styleUrl>#style_80</styleUrl>
          <Point>
            <coordinates>-77.086406,-12.031195</coordinates>
          </Point>
        </Placemark>
        <Placemark>
          <name>-64</name>
          <description>
LAC: 38 CID: 447:2 RNC: 0 PSC: 151
ACCURACY: 10
CHANGE_TYPE: DBM
TIMESTAMP: 26 may 2026 5:47:54 p.m.</description>
          <styleUrl>#style_80</styleUrl>
          <Point>
            <coordinates>-77.08644,-12.031227</coordinates>
          </Point>
        </Placemark>
        <Placemark>
          <name>-64</name>
          <description>
LAC: 38 CID: 447:2 RNC: 0 PSC: 151
ACCURACY: 10
CHANGE_TYPE: DBM
TIMESTAMP: 26 may 2026 5:47:55 p.m.</description>
          <styleUrl>#style_80</styleUrl>
          <Point>
            <coordinates>-77.08644,-12.031227</coordinates>
          </Point>
        </Placemark>
        <Placemark>
          <name>-71</name>
          <description>
LAC: 38 CID: 447:2 RNC: 0 PSC: 151
ACCURACY: 10
CHANGE_TYPE: DBM
TIMESTAMP: 26 may 2026 5:47:56 p.m.</description>
          <styleUrl>#style_70</styleUrl>
          <Point>
            <coordinates>-77.08644,-12.031227</coordinates>
          </Point>
        </Placemark>
        <Placemark>
          <name>-71</name>
          <description>
LAC: 38 CID: 447:2 RNC: 0 PSC: 151
ACCURACY: 10
CHANGE_TYPE: DBM
TIMESTAMP: 26 may 2026 5:47:57 p.m.</description>
          <styleUrl>#style_70</styleUrl>
          <Point>
            <coordinates>-77.08644,-12.031227</coordinates>
          </Point>
        </Placemark>
        <Placemark>
          <name>-69</name>
          <description>
LAC: 38 CID: 447:2 RNC: 0 PSC: 151
ACCURACY: 10
CHANGE_TYPE: DBM
TIMESTAMP: 26 may 2026 5:47:58 p.m.</description>
          <styleUrl>#style_70</styleUrl>
          <Point>
            <coordinates>-77.08644,-12.031227</coordinates>
          </Point>
        </Placemark>
        <Placemark>
          <name>-69</name>
          <description>
LAC: 38 CID: 447:2 RNC: 0 PSC: 151
ACCURACY: 10
CHANGE_TYPE: DBM
TIMESTAMP: 26 may 2026 5:47:59 p.m.</description>
          <styleUrl>#style_70</styleUrl>
          <Point>
            <coordinates>-77.086466,-12.031275</coordinates>
          </Point>
        </Placemark>
        <Placemark>
          <name>-71</name>
          <description>
LAC: 38 CID: 447:2 RNC: 0 PSC: 151
ACCURACY: 10
CHANGE_TYPE: DBM
TIMESTAMP: 26 may 2026 5:48:00 p.m.</description>
          <styleUrl>#style_70</styleUrl>
          <Point>
            <coordinates>-77.086466,-12.031275</coordinates>
          </Point>
        </Placemark>
        <Placemark>
          <name>-69</name>
          <description>
LAC: 38 CID: 447:2 RNC: 0 PSC: 151
ACCURACY: 10
CHANGE_TYPE: DBM
TIMESTAMP: 26 may 2026 5:48:02 p.m.</description>
          <styleUrl>#style_70</styleUrl>
          <Point>
            <coordinates>-77.086466,-12.031275</coordinates>
          </Point>
        </Placemark>
        <Placemark>
          <name>-69</name>
          <description>
LAC: 38 CID: 447:2 RNC: 0 PSC: 151
ACCURACY: 10
CHANGE_TYPE: DBM
TIMESTAMP: 26 may 2026 5:48:03 p.m.</description>
          <styleUrl>#style_70</styleUrl>
          <Point>
            <coordinates>-77.086466,-12.031275</coordinates>
          </Point>
        </Placemark>
        <Placemark>
          <name>-71</name>
          <description>
LAC: 38 CID: 447:2 RNC: 0 PSC: 151
ACCURACY: 10
CHANGE_TYPE: DBM
TIMESTAMP: 26 may 2026 5:48:04 p.m.</description>
          <styleUrl>#style_70</styleUrl>
          <Point>
            <coordinates>-77.086472,-12.031322</coordinates>
          </Point>
        </Placemark>
        <Placemark>
          <name>-71</name>
          <description>
LAC: 38 CID: 447:2 RNC: 0 PSC: 151
ACCURACY: 10
CHANGE_TYPE: DBM
TIMESTAMP: 26 may 2026 5:48:05 p.m.</description>
          <styleUrl>#style_70</styleUrl>
          <Point>
            <coordinates>-77.086472,-12.031322</coordinates>
          </Point>
        </Placemark>
        <Placemark>
          <name>-73</name>
          <description>
LAC: 38 CID: 447:2 RNC: 0 PSC: 151
ACCURACY: 10
CHANGE_TYPE: DBM
TIMESTAMP: 26 may 2026 5:48:06 p.m.</description>
          <styleUrl>#style_70</styleUrl>
          <Point>
            <coordinates>-77.086472,-12.031322</coordinates>
          </Point>
        </Placemark>
        <Placemark>
          <name>-73</name>
          <description>
LAC: 38 CID: 447:2 RNC: 0 PSC: 151
ACCURACY: 10
CHANGE_TYPE: DBM
TIMESTAMP: 26 may 2026 5:48:07 p.m.</description>
          <styleUrl>#style_70</styleUrl>
          <Point>
            <coordinates>-77.086472,-12.031322</coordinates>
          </Point>
        </Placemark>
        <Placemark>
          <name>-73</name>
          <description>
LAC: 38 CID: 447:2 RNC: 0 PSC: 151
ACCURACY: 10
CHANGE_TYPE: DBM
TIMESTAMP: 26 may 2026 5:48:08 p.m.</description>
          <styleUrl>#style_70</styleUrl>
          <Point>
            <coordinates>-77.086472,-12.031322</coordinates>
          </Point>
        </Placemark>
        <Placemark>
          <name>-73</name>
          <description>
LAC: 38 CID: 447:2 RNC: 0 PSC: 151
ACCURACY: 10
CHANGE_TYPE: DBM
TIMESTAMP: 26 may 2026 5:48:09 p.m.</description>
          <styleUrl>#style_70</styleUrl>
          <Point>
            <coordinates>-77.086472,-12.031322</coordinates>
          </Point>
        </Placemark>
        <Placemark>
          <name>-74</name>
          <description>
LAC: 38 CID: 447:2 RNC: 0 PSC: 151
ACCURACY: 10
CHANGE_TYPE: DBM
TIMESTAMP: 26 may 2026 5:48:10 p.m.</description>
          <styleUrl>#style_70</styleUrl>
          <Point>
            <coordinates>-77.086472,-12.031322</coordinates>
          </Point>
        </Placemark>
        <Placemark>
          <name>-74</name>
          <description>
LAC: 38 CID: 447:2 RNC: 0 PSC: 151
ACCURACY: 10
CHANGE_TYPE: DBM
TIMESTAMP: 26 may 2026 5:48:11 p.m.</description>
          <styleUrl>#style_70</styleUrl>
          <Point>
            <coordinates>-77.086472,-12.031322</coordinates>
          </Point>
        </Placemark>
        <Placemark>
          <name>-77</name>
          <description>
LAC: 38 CID: 447:2 RNC: 0 PSC: 151
ACCURACY: 10
CHANGE_TYPE: DBM
TIMESTAMP: 26 may 2026 5:51:15 p.m.</description>
          <styleUrl>#style_60</styleUrl>
          <Point>
            <coordinates>-77.086078,-12.032137</coordinates>
          </Point>
        </Placemark>
        <Placemark>
          <name>-77</name>
          <description>
LAC: 38 CID: 447:2 RNC: 0 PSC: 151
ACCURACY: 10
CHANGE_TYPE: DBM
TIMESTAMP: 26 may 2026 5:51:16 p.m.</description>
          <styleUrl>#style_60</styleUrl>
          <Point>
            <coordinates>-77.086078,-12.032137</coordinates>
          </Point>
        </Placemark>
        <Placemark>
          <name>-77</name>
          <description>
LAC: 38 CID: 447:2 RNC: 0 PSC: 151
ACCURACY: 10
CHANGE_TYPE: DBM
TIMESTAMP: 26 may 2026 5:51:17 p.m.</description>
          <styleUrl>#style_60</styleUrl>
          <Point>
            <coordinates>-77.086078,-12.032137</coordinates>
          </Point>
        </Placemark>
        <Placemark>
          <name>-77</name>
          <description>
LAC: 38 CID: 447:2 RNC: 0 PSC: 151
ACCURACY: 10
CHANGE_TYPE: DBM
TIMESTAMP: 26 may 2026 5:51:19 p.m.</description>
          <styleUrl>#style_60</styleUrl>
          <Point>
            <coordinates>-77.08607,-12.032089</coordinates>
          </Point>
        </Placemark>
        <Placemark>
          <name>-75</name>
          <description>
LAC: 38 CID: 447:2 RNC: 0 PSC: 151
ACCURACY: 10
CHANGE_TYPE: DBM
TIMESTAMP: 26 may 2026 5:51:20 p.m.</description>
          <styleUrl>#style_70</styleUrl>
          <Point>
            <coordinates>-77.08607,-12.032089</coordinates>
          </Point>
        </Placemark>
        <Placemark>
          <name>-75</name>
          <description>
LAC: 38 CID: 447:2 RNC: 0 PSC: 151
ACCURACY: 10
CHANGE_TYPE: DBM
TIMESTAMP: 26 may 2026 5:51:21 p.m.</description>
          <styleUrl>#style_70</styleUrl>
          <Point>
            <coordinates>-77.08607,-12.032089</coordinates>
          </Point>
        </Placemark>
        <Placemark>
          <name>-73</name>
          <description>
LAC: 38 CID: 447:2 RNC: 0 PSC: 151
ACCURACY: 10
CHANGE_TYPE: DBM
TIMESTAMP: 26 may 2026 5:51:22 p.m.</description>
          <styleUrl>#style_70</styleUrl>
          <Point>
            <coordinates>-77.08607,-12.032089</coordinates>
          </Point>
        </Placemark>
        <Placemark>
          <name>-73</name>
          <description>
LAC: 38 CID: 447:2 RNC: 0 PSC: 151
ACCURACY: 10
CHANGE_TYPE: DBM
TIMESTAMP: 26 may 2026 5:51:23 p.m.</description>
          <styleUrl>#style_70</styleUrl>
          <Point>
            <coordinates>-77.08607,-12.032089</coordinates>
          </Point>
        </Placemark>
        <Placemark>
          <name>-75</name>
          <description>
LAC: 38 CID: 447:2 RNC: 0 PSC: 151
ACCURACY: 11
CHANGE_TYPE: DBM
TIMESTAMP: 26 may 2026 5:51:24 p.m.</description>
          <styleUrl>#style_70</styleUrl>
          <Point>
            <coordinates>-77.086053,-12.032045</coordinates>
          </Point>
        </Placemark>
        <Placemark>
          <name>-75</name>
          <description>
LAC: 38 CID: 447:2 RNC: 0 PSC: 151
ACCURACY: 11
CHANGE_TYPE: DBM
TIMESTAMP: 26 may 2026 5:51:25 p.m.</description>
          <styleUrl>#style_70</styleUrl>
          <Point>
            <coordinates>-77.086053,-12.032045</coordinates>
          </Point>
        </Placemark>
        <Placemark>
          <name>-71</name>
          <description>
LAC: 38 CID: 447:2 RNC: 0 PSC: 151
ACCURACY: 11
CHANGE_TYPE: DBM
TIMESTAMP: 26 may 2026 5:51:26 p.m.</description>
          <styleUrl>#style_70</styleUrl>
          <Point>
            <coordinates>-77.086053,-12.032045</coordinates>
          </Point>
        </Placemark>
        <Placemark>
          <name>-73</name>
          <description>
LAC: 38 CID: 447:2 RNC: 0 PSC: 151
ACCURACY: 11
CHANGE_TYPE: DBM
TIMESTAMP: 26 may 2026 5:51:28 p.m.</description>
          <styleUrl>#style_70</styleUrl>
          <Point>
            <coordinates>-77.086053,-12.032045</coordinates>
          </Point>
        </Placemark>
        <Placemark>
          <name>-73</name>
          <description>
LAC: 38 CID: 447:2 RNC: 0 PSC: 151
ACCURACY: 10
CHANGE_TYPE: DBM
TIMESTAMP: 26 may 2026 5:51:29 p.m.</description>
          <styleUrl>#style_70</styleUrl>
          <Point>
            <coordinates>-77.086027,-12.032</coordinates>
          </Point>
        </Placemark>
        <Placemark>
          <name>-70</name>
          <description>
LAC: 38 CID: 447:2 RNC: 0 PSC: 151
ACCURACY: 10
CHANGE_TYPE: DBM
TIMESTAMP: 26 may 2026 5:51:30 p.m.</description>
          <styleUrl>#style_70</styleUrl>
          <Point>
            <coordinates>-77.086027,-12.032</coordinates>
          </Point>
        </Placemark>
        <Placemark>
          <name>-70</name>
          <description>
LAC: 38 CID: 447:2 RNC: 0 PSC: 151
ACCURACY: 10
CHANGE_TYPE: DBM
TIMESTAMP: 26 may 2026 5:51:31 p.m.</description>
          <styleUrl>#style_70</styleUrl>
          <Point>
            <coordinates>-77.086027,-12.032</coordinates>
          </Point>
        </Placemark>
        <Placemark>
          <name>-69</name>
          <description>
LAC: 38 CID: 447:2 RNC: 0 PSC: 151
ACCURACY: 10
CHANGE_TYPE: DBM
TIMESTAMP: 26 may 2026 5:51:32 p.m.</description>
          <styleUrl>#style_70</styleUrl>
          <Point>
            <coordinates>-77.086027,-12.032</coordinates>
          </Point>
        </Placemark>
        <Placemark>
          <name>-69</name>
          <description>
LAC: 38 CID: 447:2 RNC: 0 PSC: 151
ACCURACY: 10
CHANGE_TYPE: DBM
TIMESTAMP: 26 may 2026 5:51:33 p.m.</description>
          <styleUrl>#style_70</styleUrl>
          <Point>
            <coordinates>-77.086027,-12.032</coordinates>
          </Point>
        </Placemark>
        <Placemark>
          <name>-72</name>
          <description>
LAC: 38 CID: 447:2 RNC: 0 PSC: 151
ACCURACY: 10
CHANGE_TYPE: DBM
TIMESTAMP: 26 may 2026 5:51:34 p.m.</description>
          <styleUrl>#style_70</styleUrl>
          <Point>
            <coordinates>-77.086027,-12.032</coordinates>
          </Point>
        </Placemark>
        <Placemark>
          <name>-72</name>
          <description>
LAC: 38 CID: 447:2 RNC: 0 PSC: 151
ACCURACY: 10
CHANGE_TYPE: DBM
TIMESTAMP: 26 may 2026 5:51:35 p.m.</description>
          <styleUrl>#style_70</styleUrl>
          <Point>
            <coordinates>-77.086027,-12.032</coordinates>
          </Point>
        </Placemark>
        <Placemark>
          <name>-70</name>
          <description>
LAC: 38 CID: 447:2 RNC: 0 PSC: 151
ACCURACY: 10
CHANGE_TYPE: DBM
TIMESTAMP: 26 may 2026 5:51:36 p.m.</description>
          <styleUrl>#style_70</styleUrl>
          <Point>
            <coordinates>-77.086027,-12.032</coordinates>
          </Point>
        </Placemark>
        <Placemark>
          <name>-70</name>
          <description>
LAC: 38 CID: 447:2 RNC: 0 PSC: 151
ACCURACY: 10
CHANGE_TYPE: DBM
TIMESTAMP: 26 may 2026 5:51:37 p.m.</description>
          <styleUrl>#style_70</styleUrl>
          <Point>
            <coordinates>-77.086027,-12.032</coordinates>
          </Point>
        </Placemark>
        <Placemark>
          <name>-67</name>
          <description>
LAC: 38 CID: 447:2 RNC: 0 PSC: 151
ACCURACY: 10
CHANGE_TYPE: DBM
TIMESTAMP: 26 may 2026 5:51:38 p.m.</description>
          <styleUrl>#style_80</styleUrl>
          <Point>
            <coordinates>-77.086027,-12.032</coordinates>
          </Point>
        </Placemark>
        <Placemark>
          <name>-67</name>
          <description>
LAC: 38 CID: 447:2 RNC: 0 PSC: 151
ACCURACY: 10
CHANGE_TYPE: DBM
TIMESTAMP: 26 may 2026 5:51:39 p.m.</description>
          <styleUrl>#style_80</styleUrl>
          <Point>
            <coordinates>-77.086003,-12.031918</coordinates>
          </Point>
        </Placemark>
        <Placemark>
          <name>-66</name>
          <description>
LAC: 38 CID: 447:2 RNC: 0 PSC: 151
ACCURACY: 10
CHANGE_TYPE: DBM
TIMESTAMP: 26 may 2026 5:51:40 p.m.</description>
          <styleUrl>#style_80</styleUrl>
          <Point>
            <coordinates>-77.086003,-12.031918</coordinates>
          </Point>
        </Placemark>
        <Placemark>
          <name>-66</name>
          <description>
LAC: 38 CID: 447:2 RNC: 0 PSC: 151
ACCURACY: 10
CHANGE_TYPE: DBM
TIMESTAMP: 26 may 2026 5:51:41 p.m.</description>
          <styleUrl>#style_80</styleUrl>
          <Point>
            <coordinates>-77.086003,-12.031918</coordinates>
          </Point>
        </Placemark>
        <Placemark>
          <name>-66</name>
          <description>
LAC: 38 CID: 447:2 RNC: 0 PSC: 151
ACCURACY: 10
CHANGE_TYPE: DBM
TIMESTAMP: 26 may 2026 5:51:42 p.m.</description>
          <styleUrl>#style_80</styleUrl>
          <Point>
            <coordinates>-77.086003,-12.031918</coordinates>
          </Point>
        </Placemark>
        <Placemark>
          <name>-66</name>
          <description>
LAC: 38 CID: 447:2 RNC: 0 PSC: 151
ACCURACY: 10
CHANGE_TYPE: DBM
TIMESTAMP: 26 may 2026 5:51:44 p.m.</description>
          <styleUrl>#style_80</styleUrl>
          <Point>
            <coordinates>-77.086003,-12.031918</coordinates>
          </Point>
        </Placemark>
        <Placemark>
          <name>-65</name>
          <description>
LAC: 38 CID: 447:2 RNC: 0 PSC: 151
ACCURACY: 10
CHANGE_TYPE: DBM
TIMESTAMP: 26 may 2026 5:51:45 p.m.</description>
          <styleUrl>#style_80</styleUrl>
          <Point>
            <coordinates>-77.086003,-12.031918</coordinates>
          </Point>
        </Placemark>
        <Placemark>
          <name>-65</name>
          <description>
LAC: 38 CID: 447:2 RNC: 0 PSC: 151
ACCURACY: 10
CHANGE_TYPE: DBM
TIMESTAMP: 26 may 2026 5:51:46 p.m.</description>
          <styleUrl>#style_80</styleUrl>
          <Point>
            <coordinates>-77.086003,-12.031918</coordinates>
          </Point>
        </Placemark>
        <Placemark>
          <name>-63</name>
          <description>
LAC: 38 CID: 447:2 RNC: 0 PSC: 151
ACCURACY: 10
CHANGE_TYPE: DBM
TIMESTAMP: 26 may 2026 5:51:47 p.m.</description>
          <styleUrl>#style_80</styleUrl>
          <Point>
            <coordinates>-77.086003,-12.031918</coordinates>
          </Point>
        </Placemark>
        <Placemark>
          <name>-66</name>
          <description>
LAC: 38 CID: 447:2 RNC: 0 PSC: 151
ACCURACY: 10
CHANGE_TYPE: DBM
TIMESTAMP: 26 may 2026 5:51:49 p.m.</description>
          <styleUrl>#style_80</styleUrl>
          <Point>
            <coordinates>-77.085995,-12.03184</coordinates>
          </Point>
        </Placemark>
        <Placemark>
          <name>-66</name>
          <description>
LAC: 38 CID: 447:2 RNC: 0 PSC: 151
ACCURACY: 10
CHANGE_TYPE: DBM
TIMESTAMP: 26 may 2026 5:51:50 p.m.</description>
          <styleUrl>#style_80</styleUrl>
          <Point>
            <coordinates>-77.085995,-12.03184</coordinates>
          </Point>
        </Placemark>
        <Placemark>
          <name>-69</name>
          <description>
LAC: 38 CID: 447:2 RNC: 0 PSC: 151
ACCURACY: 10
CHANGE_TYPE: DBM
TIMESTAMP: 26 may 2026 5:51:51 p.m.</description>
          <styleUrl>#style_70</styleUrl>
          <Point>
            <coordinates>-77.085995,-12.03184</coordinates>
          </Point>
        </Placemark>
        <Placemark>
          <name>-69</name>
          <description>
LAC: 38 CID: 447:2 RNC: 0 PSC: 151
ACCURACY: 10
CHANGE_TYPE: DBM
TIMESTAMP: 26 may 2026 5:51:52 p.m.</description>
          <styleUrl>#style_70</styleUrl>
          <Point>
            <coordinates>-77.085995,-12.03184</coordinates>
          </Point>
        </Placemark>
        <Placemark>
          <name>-69</name>
          <description>
LAC: 38 CID: 447:2 RNC: 0 PSC: 151
ACCURACY: 10
CHANGE_TYPE: DBM
TIMESTAMP: 26 may 2026 5:51:53 p.m.</description>
          <styleUrl>#style_70</styleUrl>
          <Point>
            <coordinates>-77.085995,-12.03184</coordinates>
          </Point>
        </Placemark>
        <Placemark>
          <name>-69</name>
          <description>
LAC: 38 CID: 447:2 RNC: 0 PSC: 151
ACCURACY: 10
CHANGE_TYPE: DBM
TIMESTAMP: 26 may 2026 5:51:54 p.m.</description>
          <styleUrl>#style_70</styleUrl>
          <Point>
            <coordinates>-77.085995,-12.03184</coordinates>
          </Point>
        </Placemark>
        <Placemark>
          <name>-66</name>
          <description>
LAC: 38 CID: 447:2 RNC: 0 PSC: 151
ACCURACY: 10
CHANGE_TYPE: DBM
TIMESTAMP: 26 may 2026 5:51:55 p.m.</description>
          <styleUrl>#style_80</styleUrl>
          <Point>
            <coordinates>-77.085995,-12.03184</coordinates>
          </Point>
        </Placemark>
        <Placemark>
          <name>-63</name>
          <description>
LAC: 38 CID: 447:2 RNC: 0 PSC: 151
ACCURACY: 10
CHANGE_TYPE: DBM
TIMESTAMP: 26 may 2026 5:51:57 p.m.</description>
          <styleUrl>#style_80</styleUrl>
          <Point>
            <coordinates>-77.085995,-12.03184</coordinates>
          </Point>
        </Placemark>
        <Placemark>
          <name>-63</name>
          <description>
LAC: 38 CID: 447:2 RNC: 0 PSC: 151
ACCURACY: 10
CHANGE_TYPE: DBM
TIMESTAMP: 26 may 2026 5:51:58 p.m.</description>
          <styleUrl>#style_80</styleUrl>
          <Point>
            <coordinates>-77.085995,-12.03184</coordinates>
          </Point>
        </Placemark>
        <Placemark>
          <name>-65</name>
          <description>
LAC: 38 CID: 447:2 RNC: 0 PSC: 151
ACCURACY: 10
CHANGE_TYPE: DBM
TIMESTAMP: 26 may 2026 5:51:59 p.m.</description>
          <styleUrl>#style_80</styleUrl>
          <Point>
            <coordinates>-77.085942,-12.031763</coordinates>
          </Point>
        </Placemark>
        <Placemark>
          <name>-65</name>
          <description>
LAC: 38 CID: 447:2 RNC: 0 PSC: 151
ACCURACY: 10
CHANGE_TYPE: DBM
TIMESTAMP: 26 may 2026 5:52:00 p.m.</description>
          <styleUrl>#style_80</styleUrl>
          <Point>
            <coordinates>-77.085942,-12.031763</coordinates>
          </Point>
        </Placemark>
        <Placemark>
          <name>-70</name>
          <description>
LAC: 38 CID: 447:2 RNC: 0 PSC: 151
ACCURACY: 10
CHANGE_TYPE: DBM
TIMESTAMP: 26 may 2026 5:52:01 p.m.</description>
          <styleUrl>#style_70</styleUrl>
          <Point>
            <coordinates>-77.085942,-12.031763</coordinates>
          </Point>
        </Placemark>
        <Placemark>
          <name>-70</name>
          <description>
LAC: 38 CID: 447:2 RNC: 0 PSC: 151
ACCURACY: 10
CHANGE_TYPE: DBM
TIMESTAMP: 26 may 2026 5:52:02 p.m.</description>
          <styleUrl>#style_70</styleUrl>
          <Point>
            <coordinates>-77.085942,-12.031763</coordinates>
          </Point>
        </Placemark>
        <Placemark>
          <name>-72</name>
          <description>
LAC: 38 CID: 447:2 RNC: 0 PSC: 151
ACCURACY: 10
CHANGE_TYPE: DBM
TIMESTAMP: 26 may 2026 5:52:03 p.m.</description>
          <styleUrl>#style_70</styleUrl>
          <Point>
            <coordinates>-77.085942,-12.031763</coordinates>
          </Point>
        </Placemark>
        <Placemark>
          <name>-72</name>
          <description>
LAC: 38 CID: 447:2 RNC: 0 PSC: 151
ACCURACY: 10
CHANGE_TYPE: DBM
TIMESTAMP: 26 may 2026 5:52:04 p.m.</description>
          <styleUrl>#style_70</styleUrl>
          <Point>
            <coordinates>-77.085942,-12.031763</coordinates>
          </Point>
        </Placemark>
        <Placemark>
          <name>-65</name>
          <description>
LAC: 38 CID: 447:2 RNC: 0 PSC: 151
ACCURACY: 10
CHANGE_TYPE: DBM
TIMESTAMP: 26 may 2026 5:52:16 p.m.</description>
          <styleUrl>#style_80</styleUrl>
          <Point>
            <coordinates>-77.085924,-12.031693</coordinates>
          </Point>
        </Placemark>
        <Placemark>
          <name>-65</name>
          <description>
LAC: 38 CID: 447:2 RNC: 0 PSC: 151
ACCURACY: 10
CHANGE_TYPE: DBM
TIMESTAMP: 26 may 2026 5:52:17 p.m.</description>
          <styleUrl>#style_80</styleUrl>
          <Point>
            <coordinates>-77.085924,-12.031693</coordinates>
          </Point>
        </Placemark>
        <Placemark>
          <name>-65</name>
          <description>
LAC: 38 CID: 447:2 RNC: 0 PSC: 151
ACCURACY: 10
CHANGE_TYPE: DBM
TIMESTAMP: 26 may 2026 5:52:18 p.m.</description>
          <styleUrl>#style_80</styleUrl>
          <Point>
            <coordinates>-77.085924,-12.031693</coordinates>
          </Point>
        </Placemark>
        <Placemark>
          <name>-65</name>
          <description>
LAC: 38 CID: 447:2 RNC: 0 PSC: 151
ACCURACY: 10
CHANGE_TYPE: DBM
TIMESTAMP: 26 may 2026 5:52:19 p.m.</description>
          <styleUrl>#style_80</styleUrl>
          <Point>
            <coordinates>-77.085994,-12.031711</coordinates>
          </Point>
        </Placemark>
        <Placemark>
          <name>-66</name>
          <description>
LAC: 38 CID: 447:2 RNC: 0 PSC: 151
ACCURACY: 10
CHANGE_TYPE: DBM
TIMESTAMP: 26 may 2026 5:52:20 p.m.</description>
          <styleUrl>#style_80</styleUrl>
          <Point>
            <coordinates>-77.085994,-12.031711</coordinates>
          </Point>
        </Placemark>
        <Placemark>
          <name>-66</name>
          <description>
LAC: 38 CID: 447:2 RNC: 0 PSC: 151
ACCURACY: 10
CHANGE_TYPE: DBM
TIMESTAMP: 26 may 2026 5:52:21 p.m.</description>
          <styleUrl>#style_80</styleUrl>
          <Point>
            <coordinates>-77.085994,-12.031711</coordinates>
          </Point>
        </Placemark>
        <Placemark>
          <name>-68</name>
          <description>
LAC: 38 CID: 447:2 RNC: 0 PSC: 151
ACCURACY: 10
CHANGE_TYPE: DBM
TIMESTAMP: 26 may 2026 5:52:22 p.m.</description>
          <styleUrl>#style_70</styleUrl>
          <Point>
            <coordinates>-77.085994,-12.031711</coordinates>
          </Point>
        </Placemark>
        <Placemark>
          <name>-68</name>
          <description>
LAC: 38 CID: 447:2 RNC: 0 PSC: 151
ACCURACY: 10
CHANGE_TYPE: DBM
TIMESTAMP: 26 may 2026 5:52:23 p.m.</description>
          <styleUrl>#style_70</styleUrl>
          <Point>
            <coordinates>-77.085994,-12.031711</coordinates>
          </Point>
        </Placemark>
        <Placemark>
          <name>-63</name>
          <description>
LAC: 38 CID: 447:2 RNC: 0 PSC: 151
ACCURACY: 11
CHANGE_TYPE: DBM
TIMESTAMP: 26 may 2026 5:52:24 p.m.</description>
          <styleUrl>#style_80</styleUrl>
          <Point>
            <coordinates>-77.086047,-12.031725</coordinates>
          </Point>
        </Placemark>
        <Placemark>
          <name>-63</name>
          <description>
LAC: 38 CID: 447:2 RNC: 0 PSC: 151
ACCURACY: 11
CHANGE_TYPE: DBM
TIMESTAMP: 26 may 2026 5:52:25 p.m.</description>
          <styleUrl>#style_80</styleUrl>
          <Point>
            <coordinates>-77.086047,-12.031725</coordinates>
          </Point>
        </Placemark>
        <Placemark>
          <name>-63</name>
          <description>
LAC: 38 CID: 447:2 RNC: 0 PSC: 151
ACCURACY: 11
CHANGE_TYPE: DBM
TIMESTAMP: 26 may 2026 5:52:26 p.m.</description>
          <styleUrl>#style_80</styleUrl>
          <Point>
            <coordinates>-77.086047,-12.031725</coordinates>
          </Point>
        </Placemark>
        <Placemark>
          <name>-62</name>
          <description>
LAC: 38 CID: 447:2 RNC: 0 PSC: 151
ACCURACY: 11
CHANGE_TYPE: DBM
TIMESTAMP: 26 may 2026 5:52:28 p.m.</description>
          <styleUrl>#style_80</styleUrl>
          <Point>
            <coordinates>-77.086047,-12.031725</coordinates>
          </Point>
        </Placemark>
        <Placemark>
          <name>-59</name>
          <description>
LAC: 38 CID: 447:2 RNC: 0 PSC: 151
ACCURACY: 11
CHANGE_TYPE: DBM
TIMESTAMP: 26 may 2026 5:52:57 p.m.</description>
          <styleUrl>#style_80</styleUrl>
          <Point>
            <coordinates>-77.086139,-12.031618</coordinates>
          </Point>
        </Placemark>
        <Placemark>
          <name>-60</name>
          <description>
LAC: 38 CID: 447:2 RNC: 0 PSC: 151
ACCURACY: 11
CHANGE_TYPE: DBM
TIMESTAMP: 26 may 2026 5:52:59 p.m.</description>
          <styleUrl>#style_80</styleUrl>
          <Point>
            <coordinates>-77.086154,-12.031572</coordinates>
          </Point>
        </Placemark>
        <Placemark>
          <name>-63</name>
          <description>
LAC: 38 CID: 447:2 RNC: 0 PSC: 151
ACCURACY: 11
CHANGE_TYPE: DBM
TIMESTAMP: 26 may 2026 5:53:01 p.m.</description>
          <styleUrl>#style_80</styleUrl>
          <Point>
            <coordinates>-77.086154,-12.031572</coordinates>
          </Point>
        </Placemark>
        <Placemark>
          <name>-63</name>
          <description>
LAC: 38 CID: 447:2 RNC: 0 PSC: 151
ACCURACY: 11
CHANGE_TYPE: DBM
TIMESTAMP: 26 may 2026 5:53:02 p.m.</description>
          <styleUrl>#style_80</styleUrl>
          <Point>
            <coordinates>-77.086154,-12.031572</coordinates>
          </Point>
        </Placemark>
        <Placemark>
          <name>-61</name>
          <description>
LAC: 38 CID: 447:2 RNC: 0 PSC: 151
ACCURACY: 11
CHANGE_TYPE: DBM
TIMESTAMP: 26 may 2026 5:53:03 p.m.</description>
          <styleUrl>#style_80</styleUrl>
          <Point>
            <coordinates>-77.086195,-12.031533</coordinates>
          </Point>
        </Placemark>
        <Placemark>
          <name>-61</name>
          <description>
LAC: 38 CID: 447:2 RNC: 0 PSC: 151
ACCURACY: 11
CHANGE_TYPE: DBM
TIMESTAMP: 26 may 2026 5:53:05 p.m.</description>
          <styleUrl>#style_80</styleUrl>
          <Point>
            <coordinates>-77.086195,-12.031533</coordinates>
          </Point>
        </Placemark>
        <Placemark>
          <name>-63</name>
          <description>
LAC: 38 CID: 447:2 RNC: 0 PSC: 151
ACCURACY: 11
CHANGE_TYPE: DBM
TIMESTAMP: 26 may 2026 5:53:06 p.m.</description>
          <styleUrl>#style_80</styleUrl>
          <Point>
            <coordinates>-77.086195,-12.031533</coordinates>
          </Point>
        </Placemark>
        <Placemark>
          <name>-62</name>
          <description>
LAC: 38 CID: 447:2 RNC: 0 PSC: 151
ACCURACY: 11
CHANGE_TYPE: DBM
TIMESTAMP: 26 may 2026 5:53:08 p.m.</description>
          <styleUrl>#style_80</styleUrl>
          <Point>
            <coordinates>-77.086195,-12.031533</coordinates>
          </Point>
        </Placemark>
        <Placemark>
          <name>-62</name>
          <description>
LAC: 38 CID: 447:2 RNC: 0 PSC: 151
ACCURACY: 11
CHANGE_TYPE: DBM
TIMESTAMP: 26 may 2026 5:53:09 p.m.</description>
          <styleUrl>#style_80</styleUrl>
          <Point>
            <coordinates>-77.086195,-12.031533</coordinates>
          </Point>
        </Placemark>
        <Placemark>
          <name>-65</name>
          <description>
LAC: 38 CID: 447:2 RNC: 0 PSC: 151
ACCURACY: 11
CHANGE_TYPE: DBM
TIMESTAMP: 26 may 2026 5:53:10 p.m.</description>
          <styleUrl>#style_80</styleUrl>
          <Point>
            <coordinates>-77.086195,-12.031533</coordinates>
          </Point>
        </Placemark>
        <Placemark>
          <name>-65</name>
          <description>
LAC: 38 CID: 447:2 RNC: 0 PSC: 151
ACCURACY: 11
CHANGE_TYPE: DBM
TIMESTAMP: 26 may 2026 5:53:11 p.m.</description>
          <styleUrl>#style_80</styleUrl>
          <Point>
            <coordinates>-77.086195,-12.031533</coordinates>
          </Point>
        </Placemark>
        <Placemark>
          <name>-69</name>
          <description>
LAC: 38 CID: 447:2 RNC: 0 PSC: 151
ACCURACY: 11
CHANGE_TYPE: DBM
TIMESTAMP: 26 may 2026 5:53:12 p.m.</description>
          <styleUrl>#style_70</styleUrl>
          <Point>
            <coordinates>-77.086195,-12.031533</coordinates>
          </Point>
        </Placemark>
        <Placemark>
          <name>-69</name>
          <description>
LAC: 38 CID: 447:2 RNC: 0 PSC: 151
ACCURACY: 11
CHANGE_TYPE: DBM
TIMESTAMP: 26 may 2026 5:53:13 p.m.</description>
          <styleUrl>#style_70</styleUrl>
          <Point>
            <coordinates>-77.086195,-12.031533</coordinates>
          </Point>
        </Placemark>
        <Placemark>
          <name>-70</name>
          <description>
LAC: 38 CID: 447:2 RNC: 0 PSC: 151
ACCURACY: 10
CHANGE_TYPE: DBM
TIMESTAMP: 26 may 2026 5:53:14 p.m.</description>
          <styleUrl>#style_70</styleUrl>
          <Point>
            <coordinates>-77.086222,-12.031467</coordinates>
          </Point>
        </Placemark>
        <Placemark>
          <name>-70</name>
          <description>
LAC: 38 CID: 447:2 RNC: 0 PSC: 151
ACCURACY: 10
CHANGE_TYPE: DBM
TIMESTAMP: 26 may 2026 5:53:15 p.m.</description>
          <styleUrl>#style_70</styleUrl>
          <Point>
            <coordinates>-77.086222,-12.031467</coordinates>
          </Point>
        </Placemark>
        <Placemark>
          <name>-71</name>
          <description>
LAC: 38 CID: 447:2 RNC: 0 PSC: 151
ACCURACY: 10
CHANGE_TYPE: DBM
TIMESTAMP: 26 may 2026 5:53:16 p.m.</description>
          <styleUrl>#style_70</styleUrl>
          <Point>
            <coordinates>-77.086222,-12.031467</coordinates>
          </Point>
        </Placemark>
        <Placemark>
          <name>-71</name>
          <description>
LAC: 38 CID: 447:2 RNC: 0 PSC: 151
ACCURACY: 10
CHANGE_TYPE: DBM
TIMESTAMP: 26 may 2026 5:53:17 p.m.</description>
          <styleUrl>#style_70</styleUrl>
          <Point>
            <coordinates>-77.086222,-12.031467</coordinates>
          </Point>
        </Placemark>
        <Placemark>
          <name>-70</name>
          <description>
LAC: 38 CID: 447:2 RNC: 0 PSC: 151
ACCURACY: 10
CHANGE_TYPE: DBM
TIMESTAMP: 26 may 2026 5:53:18 p.m.</description>
          <styleUrl>#style_70</styleUrl>
          <Point>
            <coordinates>-77.086222,-12.031467</coordinates>
          </Point>
        </Placemark>
        <Placemark>
          <name>-70</name>
          <description>
LAC: 38 CID: 447:2 RNC: 0 PSC: 151
ACCURACY: 10
CHANGE_TYPE: DBM
TIMESTAMP: 26 may 2026 5:53:19 p.m.</description>
          <styleUrl>#style_70</styleUrl>
          <Point>
            <coordinates>-77.086222,-12.031467</coordinates>
          </Point>
        </Placemark>
        <Placemark>
          <name>-70</name>
          <description>
LAC: 38 CID: 447:2 RNC: 0 PSC: 151
ACCURACY: 10
CHANGE_TYPE: DBM
TIMESTAMP: 26 may 2026 5:53:20 p.m.</description>
          <styleUrl>#style_70</styleUrl>
          <Point>
            <coordinates>-77.086222,-12.031467</coordinates>
          </Point>
        </Placemark>
        <Placemark>
          <name>-74</name>
          <description>
LAC: 38 CID: 447:2 RNC: 0 PSC: 151
ACCURACY: 10
CHANGE_TYPE: DBM
TIMESTAMP: 26 may 2026 5:53:22 p.m.</description>
          <styleUrl>#style_70</styleUrl>
          <Point>
            <coordinates>-77.086222,-12.031467</coordinates>
          </Point>
        </Placemark>
        <Placemark>
          <name>-74</name>
          <description>
LAC: 38 CID: 447:2 RNC: 0 PSC: 151
ACCURACY: 10
CHANGE_TYPE: DBM
TIMESTAMP: 26 may 2026 5:53:23 p.m.</description>
          <styleUrl>#style_70</styleUrl>
          <Point>
            <coordinates>-77.086222,-12.031467</coordinates>
          </Point>
        </Placemark>
        <Placemark>
          <name>-74</name>
          <description>
LAC: 38 CID: 447:2 RNC: 0 PSC: 151
ACCURACY: 11
CHANGE_TYPE: DBM
TIMESTAMP: 26 may 2026 5:53:24 p.m.</description>
          <styleUrl>#style_70</styleUrl>
          <Point>
            <coordinates>-77.086213,-12.031399</coordinates>
          </Point>
        </Placemark>
        <Placemark>
          <name>-74</name>
          <description>
LAC: 38 CID: 447:2 RNC: 0 PSC: 151
ACCURACY: 11
CHANGE_TYPE: DBM
TIMESTAMP: 26 may 2026 5:53:25 p.m.</description>
          <styleUrl>#style_70</styleUrl>
          <Point>
            <coordinates>-77.086213,-12.031399</coordinates>
          </Point>
        </Placemark>
        <Placemark>
          <name>-72</name>
          <description>
LAC: 38 CID: 447:2 RNC: 0 PSC: 151
ACCURACY: 11
CHANGE_TYPE: DBM
TIMESTAMP: 26 may 2026 5:53:26 p.m.</description>
          <styleUrl>#style_70</styleUrl>
          <Point>
            <coordinates>-77.086213,-12.031399</coordinates>
          </Point>
        </Placemark>
        <Placemark>
          <name>-72</name>
          <description>
LAC: 38 CID: 447:2 RNC: 0 PSC: 151
ACCURACY: 11
CHANGE_TYPE: DBM
TIMESTAMP: 26 may 2026 5:53:27 p.m.</description>
          <styleUrl>#style_70</styleUrl>
          <Point>
            <coordinates>-77.086213,-12.031399</coordinates>
          </Point>
        </Placemark>
        <Placemark>
          <name>-72</name>
          <description>
LAC: 38 CID: 447:2 RNC: 0 PSC: 151
ACCURACY: 11
CHANGE_TYPE: DBM
TIMESTAMP: 26 may 2026 5:53:28 p.m.</description>
          <styleUrl>#style_70</styleUrl>
          <Point>
            <coordinates>-77.086213,-12.031399</coordinates>
          </Point>
        </Placemark>
        <Placemark>
          <name>-72</name>
          <description>
LAC: 38 CID: 447:2 RNC: 0 PSC: 151
ACCURACY: 10
CHANGE_TYPE: DBM
TIMESTAMP: 26 may 2026 5:53:29 p.m.</description>
          <styleUrl>#style_70</styleUrl>
          <Point>
            <coordinates>-77.086174,-12.031354</coordinates>
          </Point>
        </Placemark>
        <Placemark>
          <name>-75</name>
          <description>
LAC: 38 CID: 447:2 RNC: 0 PSC: 151
ACCURACY: 10
CHANGE_TYPE: DBM
TIMESTAMP: 26 may 2026 5:53:30 p.m.</description>
          <styleUrl>#style_70</styleUrl>
          <Point>
            <coordinates>-77.086174,-12.031354</coordinates>
          </Point>
        </Placemark>
        <Placemark>
          <name>-75</name>
          <description>
LAC: 38 CID: 447:2 RNC: 0 PSC: 151
ACCURACY: 10
CHANGE_TYPE: DBM
TIMESTAMP: 26 may 2026 5:53:31 p.m.</description>
          <styleUrl>#style_70</styleUrl>
          <Point>
            <coordinates>-77.086174,-12.031354</coordinates>
          </Point>
        </Placemark>
        <Placemark>
          <name>-72</name>
          <description>
LAC: 38 CID: 447:2 RNC: 0 PSC: 151
ACCURACY: 10
CHANGE_TYPE: DBM
TIMESTAMP: 26 may 2026 5:53:32 p.m.</description>
          <styleUrl>#style_70</styleUrl>
          <Point>
            <coordinates>-77.086174,-12.031354</coordinates>
          </Point>
        </Placemark>
        <Placemark>
          <name>-72</name>
          <description>
LAC: 38 CID: 447:2 RNC: 0 PSC: 151
ACCURACY: 10
CHANGE_TYPE: DBM
TIMESTAMP: 26 may 2026 5:53:33 p.m.</description>
          <styleUrl>#style_70</styleUrl>
          <Point>
            <coordinates>-77.086174,-12.031354</coordinates>
          </Point>
        </Placemark>
        <Placemark>
          <name>-72</name>
          <description>
LAC: 38 CID: 447:2 RNC: 0 PSC: 151
ACCURACY: 10
CHANGE_TYPE: DBM
TIMESTAMP: 26 may 2026 5:53:35 p.m.</description>
          <styleUrl>#style_70</styleUrl>
          <Point>
            <coordinates>-77.086174,-12.031354</coordinates>
          </Point>
        </Placemark>
        <Placemark>
          <name>-72</name>
          <description>
LAC: 38 CID: 447:2 RNC: 0 PSC: 151
ACCURACY: 10
CHANGE_TYPE: DBM
TIMESTAMP: 26 may 2026 5:53:37 p.m.</description>
          <styleUrl>#style_70</styleUrl>
          <Point>
            <coordinates>-77.086174,-12.031354</coordinates>
          </Point>
        </Placemark>
        <Placemark>
          <name>-71</name>
          <description>
LAC: 38 CID: 447:2 RNC: 0 PSC: 151
ACCURACY: 10
CHANGE_TYPE: DBM
TIMESTAMP: 26 may 2026 5:53:39 p.m.</description>
          <styleUrl>#style_70</styleUrl>
          <Point>
            <coordinates>-77.086118,-12.03132</coordinates>
          </Point>
        </Placemark>
        <Placemark>
          <name>-71</name>
          <description>
LAC: 38 CID: 447:2 RNC: 0 PSC: 151
ACCURACY: 10
CHANGE_TYPE: DBM
TIMESTAMP: 26 may 2026 5:53:40 p.m.</description>
          <styleUrl>#style_70</styleUrl>
          <Point>
            <coordinates>-77.086118,-12.03132</coordinates>
          </Point>
        </Placemark>
        <Placemark>
          <name>-69</name>
          <description>
LAC: 38 CID: 447:2 RNC: 0 PSC: 151
ACCURACY: 10
CHANGE_TYPE: DBM
TIMESTAMP: 26 may 2026 5:53:41 p.m.</description>
          <styleUrl>#style_70</styleUrl>
          <Point>
            <coordinates>-77.086118,-12.03132</coordinates>
          </Point>
        </Placemark>
        <Placemark>
          <name>-69</name>
          <description>
LAC: 38 CID: 447:2 RNC: 0 PSC: 151
ACCURACY: 10
CHANGE_TYPE: DBM
TIMESTAMP: 26 may 2026 5:53:42 p.m.</description>
          <styleUrl>#style_70</styleUrl>
          <Point>
            <coordinates>-77.086118,-12.03132</coordinates>
          </Point>
        </Placemark>
        <Placemark>
          <name>-69</name>
          <description>
LAC: 38 CID: 447:2 RNC: 0 PSC: 151
ACCURACY: 10
CHANGE_TYPE: DBM
TIMESTAMP: 26 may 2026 5:53:43 p.m.</description>
          <styleUrl>#style_70</styleUrl>
          <Point>
            <coordinates>-77.086118,-12.03132</coordinates>
          </Point>
        </Placemark>
        <Placemark>
          <name>-68</name>
          <description>
LAC: 38 CID: 447:2 RNC: 0 PSC: 151
ACCURACY: 10
CHANGE_TYPE: DBM
TIMESTAMP: 26 may 2026 5:53:45 p.m.</description>
          <styleUrl>#style_70</styleUrl>
          <Point>
            <coordinates>-77.086118,-12.03132</coordinates>
          </Point>
        </Placemark>
        <Placemark>
          <name>-68</name>
          <description>
LAC: 38 CID: 447:2 RNC: 0 PSC: 151
ACCURACY: 10
CHANGE_TYPE: DBM
TIMESTAMP: 26 may 2026 5:53:46 p.m.</description>
          <styleUrl>#style_70</styleUrl>
          <Point>
            <coordinates>-77.086118,-12.03132</coordinates>
          </Point>
        </Placemark>
        <Placemark>
          <name>-67</name>
          <description>
LAC: 38 CID: 447:2 RNC: 0 PSC: 151
ACCURACY: 10
CHANGE_TYPE: DBM
TIMESTAMP: 26 may 2026 5:53:47 p.m.</description>
          <styleUrl>#style_80</styleUrl>
          <Point>
            <coordinates>-77.086118,-12.03132</coordinates>
          </Point>
        </Placemark>
        <Placemark>
          <name>-67</name>
          <description>
LAC: 38 CID: 447:2 RNC: 0 PSC: 151
ACCURACY: 10
CHANGE_TYPE: DBM
TIMESTAMP: 26 may 2026 5:53:48 p.m.</description>
          <styleUrl>#style_80</styleUrl>
          <Point>
            <coordinates>-77.086118,-12.03132</coordinates>
          </Point>
        </Placemark>
        <Placemark>
          <name>-66</name>
          <description>
LAC: 38 CID: 447:2 RNC: 0 PSC: 151
ACCURACY: 10
CHANGE_TYPE: DBM
TIMESTAMP: 26 may 2026 5:53:49 p.m.</description>
          <styleUrl>#style_80</styleUrl>
          <Point>
            <coordinates>-77.086075,-12.031258</coordinates>
          </Point>
        </Placemark>
        <Placemark>
          <name>-66</name>
          <description>
LAC: 38 CID: 447:2 RNC: 0 PSC: 151
ACCURACY: 10
CHANGE_TYPE: DBM
TIMESTAMP: 26 may 2026 5:53:50 p.m.</description>
          <styleUrl>#style_80</styleUrl>
          <Point>
            <coordinates>-77.086075,-12.031258</coordinates>
          </Point>
        </Placemark>
        <Placemark>
          <name>-58</name>
          <description>
LAC: 38 CID: 447:2 RNC: 0 PSC: 151
ACCURACY: 10
CHANGE_TYPE: DBM
TIMESTAMP: 26 may 2026 5:53:51 p.m.</description>
          <styleUrl>#style_80</styleUrl>
          <Point>
            <coordinates>-77.086075,-12.031258</coordinates>
          </Point>
        </Placemark>
        <Placemark>
          <name>-58</name>
          <description>
LAC: 38 CID: 447:2 RNC: 0 PSC: 151
ACCURACY: 10
CHANGE_TYPE: DBM
TIMESTAMP: 26 may 2026 5:53:52 p.m.</description>
          <styleUrl>#style_80</styleUrl>
          <Point>
            <coordinates>-77.086075,-12.031258</coordinates>
          </Point>
        </Placemark>
        <Placemark>
          <name>-52</name>
          <description>
LAC: 38 CID: 447:2 RNC: 0 PSC: 151
ACCURACY: 10
CHANGE_TYPE: DBM
TIMESTAMP: 26 may 2026 5:53:53 p.m.</description>
          <styleUrl>#style_90</styleUrl>
          <Point>
            <coordinates>-77.086075,-12.031258</coordinates>
          </Point>
        </Placemark>
        <Placemark>
          <name>-51</name>
          <description>
LAC: 38 CID: 447:2 RNC: 0 PSC: 151
ACCURACY: 10
CHANGE_TYPE: DBM
TIMESTAMP: 26 may 2026 5:53:55 p.m.</description>
          <styleUrl>#style_90</styleUrl>
          <Point>
            <coordinates>-77.086075,-12.031258</coordinates>
          </Point>
        </Placemark>
        <Placemark>
          <name>-51</name>
          <description>
LAC: 38 CID: 447:2 RNC: 0 PSC: 151
ACCURACY: 10
CHANGE_TYPE: DBM
TIMESTAMP: 26 may 2026 5:53:56 p.m.</description>
          <styleUrl>#style_90</styleUrl>
          <Point>
            <coordinates>-77.086075,-12.031258</coordinates>
          </Point>
        </Placemark>
        <Placemark>
          <name>-52</name>
          <description>
LAC: 38 CID: 447:2 RNC: 0 PSC: 151
ACCURACY: 10
CHANGE_TYPE: DBM
TIMESTAMP: 26 may 2026 5:53:57 p.m.</description>
          <styleUrl>#style_90</styleUrl>
          <Point>
            <coordinates>-77.086075,-12.031258</coordinates>
          </Point>
        </Placemark>
        <Placemark>
          <name>-52</name>
          <description>
LAC: 38 CID: 447:2 RNC: 0 PSC: 151
ACCURACY: 10
CHANGE_TYPE: DBM
TIMESTAMP: 26 may 2026 5:53:58 p.m.</description>
          <styleUrl>#style_90</styleUrl>
          <Point>
            <coordinates>-77.086075,-12.031258</coordinates>
          </Point>
        </Placemark>
        <Placemark>
          <name>-62</name>
          <description>
LAC: 38 CID: 447:2 RNC: 0 PSC: 151
ACCURACY: 10
CHANGE_TYPE: DBM
TIMESTAMP: 26 may 2026 5:53:59 p.m.</description>
          <styleUrl>#style_80</styleUrl>
          <Point>
            <coordinates>-77.086075,-12.031258</coordinates>
          </Point>
        </Placemark>
        <Placemark>
          <name>-62</name>
          <description>
LAC: 38 CID: 447:2 RNC: 0 PSC: 151
ACCURACY: 10
CHANGE_TYPE: DBM
TIMESTAMP: 26 may 2026 5:54:01 p.m.</description>
          <styleUrl>#style_80</styleUrl>
          <Point>
            <coordinates>-77.086075,-12.031258</coordinates>
          </Point>
        </Placemark>
        <Placemark>
          <name>-62</name>
          <description>
LAC: 38 CID: 447:2 RNC: 0 PSC: 151
ACCURACY: 10
CHANGE_TYPE: DBM
TIMESTAMP: 26 may 2026 5:54:02 p.m.</description>
          <styleUrl>#style_80</styleUrl>
          <Point>
            <coordinates>-77.086075,-12.031258</coordinates>
          </Point>
        </Placemark>
        <Placemark>
          <name>-62</name>
          <description>
LAC: 38 CID: 447:2 RNC: 0 PSC: 151
ACCURACY: 10
CHANGE_TYPE: DBM
TIMESTAMP: 26 may 2026 5:54:03 p.m.</description>
          <styleUrl>#style_80</styleUrl>
          <Point>
            <coordinates>-77.086075,-12.031258</coordinates>
          </Point>
        </Placemark>
        <Placemark>
          <name>-66</name>
          <description>
LAC: 38 CID: 447:2 RNC: 0 PSC: 151
ACCURACY: 10
CHANGE_TYPE: DBM
TIMESTAMP: 26 may 2026 5:54:04 p.m.</description>
          <styleUrl>#style_80</styleUrl>
          <Point>
            <coordinates>-77.08601,-12.031209</coordinates>
          </Point>
        </Placemark>
        <Placemark>
          <name>-64</name>
          <description>
LAC: 38 CID: 447:2 RNC: 0 PSC: 151
ACCURACY: 10
CHANGE_TYPE: DBM
TIMESTAMP: 26 may 2026 5:54:06 p.m.</description>
          <styleUrl>#style_80</styleUrl>
          <Point>
            <coordinates>-77.08601,-12.031209</coordinates>
          </Point>
        </Placemark>
        <Placemark>
          <name>-64</name>
          <description>
LAC: 38 CID: 447:2 RNC: 0 PSC: 151
ACCURACY: 10
CHANGE_TYPE: DBM
TIMESTAMP: 26 may 2026 5:54:07 p.m.</description>
          <styleUrl>#style_80</styleUrl>
          <Point>
            <coordinates>-77.08601,-12.031209</coordinates>
          </Point>
        </Placemark>
        <Placemark>
          <name>-60</name>
          <description>
LAC: 38 CID: 447:2 RNC: 0 PSC: 151
ACCURACY: 10
CHANGE_TYPE: DBM
TIMESTAMP: 26 may 2026 5:54:08 p.m.</description>
          <styleUrl>#style_80</styleUrl>
          <Point>
            <coordinates>-77.08601,-12.031209</coordinates>
          </Point>
        </Placemark>
        <Placemark>
          <name>-60</name>
          <description>
LAC: 38 CID: 447:2 RNC: 0 PSC: 151
ACCURACY: 10
CHANGE_TYPE: DBM
TIMESTAMP: 26 may 2026 5:54:09 p.m.</description>
          <styleUrl>#style_80</styleUrl>
          <Point>
            <coordinates>-77.085937,-12.031209</coordinates>
          </Point>
        </Placemark>
        <Placemark>
          <name>-60</name>
          <description>
LAC: 38 CID: 447:2 RNC: 0 PSC: 151
ACCURACY: 10
CHANGE_TYPE: DBM
TIMESTAMP: 26 may 2026 5:54:10 p.m.</description>
          <styleUrl>#style_80</styleUrl>
          <Point>
            <coordinates>-77.085937,-12.031209</coordinates>
          </Point>
        </Placemark>
        <Placemark>
          <name>-61</name>
          <description>
LAC: 38 CID: 447:2 RNC: 0 PSC: 151
ACCURACY: 10
CHANGE_TYPE: DBM
TIMESTAMP: 26 may 2026 5:54:12 p.m.</description>
          <styleUrl>#style_80</styleUrl>
          <Point>
            <coordinates>-77.085937,-12.031209</coordinates>
          </Point>
        </Placemark>
        <Placemark>
          <name>-61</name>
          <description>
LAC: 38 CID: 447:2 RNC: 0 PSC: 151
ACCURACY: 10
CHANGE_TYPE: DBM
TIMESTAMP: 26 may 2026 5:54:13 p.m.</description>
          <styleUrl>#style_80</styleUrl>
          <Point>
            <coordinates>-77.085937,-12.031209</coordinates>
          </Point>
        </Placemark>
        <Placemark>
          <name>-59</name>
          <description>
LAC: 38 CID: 447:2 RNC: 0 PSC: 151
ACCURACY: 10
CHANGE_TYPE: DBM
TIMESTAMP: 26 may 2026 5:54:14 p.m.</description>
          <styleUrl>#style_80</styleUrl>
          <Point>
            <coordinates>-77.085889,-12.031211</coordinates>
          </Point>
        </Placemark>
        <Placemark>
          <name>-59</name>
          <description>
LAC: 38 CID: 447:2 RNC: 0 PSC: 151
ACCURACY: 10
CHANGE_TYPE: DBM
TIMESTAMP: 26 may 2026 5:54:15 p.m.</description>
          <styleUrl>#style_80</styleUrl>
          <Point>
            <coordinates>-77.085889,-12.031211</coordinates>
          </Point>
        </Placemark>
        <Placemark>
          <name>-62</name>
          <description>
LAC: 38 CID: 447:2 RNC: 0 PSC: 151
ACCURACY: 10
CHANGE_TYPE: DBM
TIMESTAMP: 26 may 2026 5:54:16 p.m.</description>
          <styleUrl>#style_80</styleUrl>
          <Point>
            <coordinates>-77.085889,-12.031211</coordinates>
          </Point>
        </Placemark>
        <Placemark>
          <name>-62</name>
          <description>
LAC: 38 CID: 447:2 RNC: 0 PSC: 151
ACCURACY: 10
CHANGE_TYPE: DBM
TIMESTAMP: 26 may 2026 5:54:17 p.m.</description>
          <styleUrl>#style_80</styleUrl>
          <Point>
            <coordinates>-77.085889,-12.031211</coordinates>
          </Point>
        </Placemark>
        <Placemark>
          <name>-62</name>
          <description>
LAC: 38 CID: 447:2 RNC: 0 PSC: 151
ACCURACY: 10
CHANGE_TYPE: DBM
TIMESTAMP: 26 may 2026 5:54:18 p.m.</description>
          <styleUrl>#style_80</styleUrl>
          <Point>
            <coordinates>-77.085889,-12.031211</coordinates>
          </Point>
        </Placemark>
        <Placemark>
          <name>-62</name>
          <description>
LAC: 38 CID: 447:2 RNC: 0 PSC: 151
ACCURACY: 10
CHANGE_TYPE: DBM
TIMESTAMP: 26 may 2026 5:54:19 p.m.</description>
          <styleUrl>#style_80</styleUrl>
          <Point>
            <coordinates>-77.085834,-12.031202</coordinates>
          </Point>
        </Placemark>
        <Placemark>
          <name>-62</name>
          <description>
LAC: 38 CID: 447:2 RNC: 0 PSC: 151
ACCURACY: 10
CHANGE_TYPE: DBM
TIMESTAMP: 26 may 2026 5:54:20 p.m.</description>
          <styleUrl>#style_80</styleUrl>
          <Point>
            <coordinates>-77.085834,-12.031202</coordinates>
          </Point>
        </Placemark>
        <Placemark>
          <name>-62</name>
          <description>
LAC: 38 CID: 447:2 RNC: 0 PSC: 151
ACCURACY: 10
CHANGE_TYPE: DBM
TIMESTAMP: 26 may 2026 5:54:21 p.m.</description>
          <styleUrl>#style_80</styleUrl>
          <Point>
            <coordinates>-77.085834,-12.031202</coordinates>
          </Point>
        </Placemark>
        <Placemark>
          <name>-58</name>
          <description>
LAC: 38 CID: 447:2 RNC: 0 PSC: 151
ACCURACY: 10
CHANGE_TYPE: DBM
TIMESTAMP: 26 may 2026 5:54:22 p.m.</description>
          <styleUrl>#style_80</styleUrl>
          <Point>
            <coordinates>-77.085834,-12.031202</coordinates>
          </Point>
        </Placemark>
        <Placemark>
          <name>-62</name>
          <description>
LAC: 38 CID: 447:2 RNC: 0 PSC: 151
ACCURACY: 11
CHANGE_TYPE: DBM
TIMESTAMP: 26 may 2026 5:54:24 p.m.</description>
          <styleUrl>#style_80</styleUrl>
          <Point>
            <coordinates>-77.085789,-12.031189</coordinates>
          </Point>
        </Placemark>
        <Placemark>
          <name>-62</name>
          <description>
LAC: 38 CID: 447:2 RNC: 0 PSC: 151
ACCURACY: 11
CHANGE_TYPE: DBM
TIMESTAMP: 26 may 2026 5:54:25 p.m.</description>
          <styleUrl>#style_80</styleUrl>
          <Point>
            <coordinates>-77.085789,-12.031189</coordinates>
          </Point>
        </Placemark>
        <Placemark>
          <name>-64</name>
          <description>
LAC: 38 CID: 447:2 RNC: 0 PSC: 151
ACCURACY: 11
CHANGE_TYPE: DBM
TIMESTAMP: 26 may 2026 5:54:27 p.m.</description>
          <styleUrl>#style_80</styleUrl>
          <Point>
            <coordinates>-77.085789,-12.031189</coordinates>
          </Point>
        </Placemark>
        <Placemark>
          <name>-64</name>
          <description>
LAC: 38 CID: 447:2 RNC: 0 PSC: 151
ACCURACY: 11
CHANGE_TYPE: DBM
TIMESTAMP: 26 may 2026 5:54:28 p.m.</description>
          <styleUrl>#style_80</styleUrl>
          <Point>
            <coordinates>-77.085789,-12.031189</coordinates>
          </Point>
        </Placemark>
        <Placemark>
          <name>-65</name>
          <description>
LAC: 38 CID: 447:2 RNC: 0 PSC: 151
ACCURACY: 11
CHANGE_TYPE: DBM
TIMESTAMP: 26 may 2026 5:54:29 p.m.</description>
          <styleUrl>#style_80</styleUrl>
          <Point>
            <coordinates>-77.085789,-12.031189</coordinates>
          </Point>
        </Placemark>
        <Placemark>
          <name>-65</name>
          <description>
LAC: 38 CID: 447:2 RNC: 0 PSC: 151
ACCURACY: 11
CHANGE_TYPE: DBM
TIMESTAMP: 26 may 2026 5:54:30 p.m.</description>
          <styleUrl>#style_80</styleUrl>
          <Point>
            <coordinates>-77.085789,-12.031189</coordinates>
          </Point>
        </Placemark>
        <Placemark>
          <name>-65</name>
          <description>
LAC: 38 CID: 447:2 RNC: 0 PSC: 151
ACCURACY: 11
CHANGE_TYPE: DBM
TIMESTAMP: 26 may 2026 5:54:31 p.m.</description>
          <styleUrl>#style_80</styleUrl>
          <Point>
            <coordinates>-77.085789,-12.031189</coordinates>
          </Point>
        </Placemark>
        <Placemark>
          <name>-65</name>
          <description>
LAC: 38 CID: 447:2 RNC: 0 PSC: 151
ACCURACY: 11
CHANGE_TYPE: DBM
TIMESTAMP: 26 may 2026 5:54:32 p.m.</description>
          <styleUrl>#style_80</styleUrl>
          <Point>
            <coordinates>-77.085789,-12.031189</coordinates>
          </Point>
        </Placemark>
        <Placemark>
          <name>-60</name>
          <description>
LAC: 38 CID: 447:2 RNC: 0 PSC: 151
ACCURACY: 11
CHANGE_TYPE: DBM
TIMESTAMP: 26 may 2026 5:54:33 p.m.</description>
          <styleUrl>#style_80</styleUrl>
          <Point>
            <coordinates>-77.085789,-12.031189</coordinates>
          </Point>
        </Placemark>
        <Placemark>
          <name>-60</name>
          <description>
LAC: 38 CID: 447:2 RNC: 0 PSC: 151
ACCURACY: 11
CHANGE_TYPE: DBM
TIMESTAMP: 26 may 2026 5:54:34 p.m.</description>
          <styleUrl>#style_80</styleUrl>
          <Point>
            <coordinates>-77.085727,-12.03119</coordinates>
          </Point>
        </Placemark>
        <Placemark>
          <name>-64</name>
          <description>
LAC: 38 CID: 447:2 RNC: 0 PSC: 151
ACCURACY: 11
CHANGE_TYPE: DBM
TIMESTAMP: 26 may 2026 5:54:35 p.m.</description>
          <styleUrl>#style_80</styleUrl>
          <Point>
            <coordinates>-77.085727,-12.03119</coordinates>
          </Point>
        </Placemark>
        <Placemark>
          <name>-64</name>
          <description>
LAC: 38 CID: 447:2 RNC: 0 PSC: 151
ACCURACY: 11
CHANGE_TYPE: DBM
TIMESTAMP: 26 may 2026 5:54:36 p.m.</description>
          <styleUrl>#style_80</styleUrl>
          <Point>
            <coordinates>-77.085727,-12.03119</coordinates>
          </Point>
        </Placemark>
        <Placemark>
          <name>-68</name>
          <description>
LAC: 38 CID: 447:2 RNC: 0 PSC: 151
ACCURACY: 11
CHANGE_TYPE: DBM
TIMESTAMP: 26 may 2026 5:54:37 p.m.</description>
          <styleUrl>#style_70</styleUrl>
          <Point>
            <coordinates>-77.085727,-12.03119</coordinates>
          </Point>
        </Placemark>
        <Placemark>
          <name>-68</name>
          <description>
LAC: 38 CID: 447:2 RNC: 0 PSC: 151
ACCURACY: 11
CHANGE_TYPE: DBM
TIMESTAMP: 26 may 2026 5:54:38 p.m.</description>
          <styleUrl>#style_70</styleUrl>
          <Point>
            <coordinates>-77.085727,-12.03119</coordinates>
          </Point>
        </Placemark>
        <Placemark>
          <name>-61</name>
          <description>
LAC: 38 CID: 447:2 RNC: 0 PSC: 151
ACCURACY: 11
CHANGE_TYPE: DBM
TIMESTAMP: 26 may 2026 5:54:39 p.m.</description>
          <styleUrl>#style_80</styleUrl>
          <Point>
            <coordinates>-77.085727,-12.03119</coordinates>
          </Point>
        </Placemark>
        <Placemark>
          <name>-61</name>
          <description>
LAC: 38 CID: 447:2 RNC: 0 PSC: 151
ACCURACY: 11
CHANGE_TYPE: DBM
TIMESTAMP: 26 may 2026 5:54:40 p.m.</description>
          <styleUrl>#style_80</styleUrl>
          <Point>
            <coordinates>-77.085727,-12.03119</coordinates>
          </Point>
        </Placemark>
        <Placemark>
          <name>-67</name>
          <description>
LAC: 38 CID: 447:2 RNC: 0 PSC: 151
ACCURACY: 11
CHANGE_TYPE: DBM
TIMESTAMP: 26 may 2026 5:54:41 p.m.</description>
          <styleUrl>#style_80</styleUrl>
          <Point>
            <coordinates>-77.085727,-12.03119</coordinates>
          </Point>
        </Placemark>
        <Placemark>
          <name>-67</name>
          <description>
LAC: 38 CID: 447:2 RNC: 0 PSC: 151
ACCURACY: 11
CHANGE_TYPE: DBM
TIMESTAMP: 26 may 2026 5:54:42 p.m.</description>
          <styleUrl>#style_80</styleUrl>
          <Point>
            <coordinates>-77.085727,-12.03119</coordinates>
          </Point>
        </Placemark>
        <Placemark>
          <name>-63</name>
          <description>
LAC: 38 CID: 447:2 RNC: 0 PSC: 151
ACCURACY: 11
CHANGE_TYPE: DBM
TIMESTAMP: 26 may 2026 5:54:43 p.m.</description>
          <styleUrl>#style_80</styleUrl>
          <Point>
            <coordinates>-77.085727,-12.03119</coordinates>
          </Point>
        </Placemark>
        <Placemark>
          <name>-63</name>
          <description>
LAC: 38 CID: 447:2 RNC: 0 PSC: 151
ACCURACY: 10
CHANGE_TYPE: DBM
TIMESTAMP: 26 may 2026 5:54:44 p.m.</description>
          <styleUrl>#style_80</styleUrl>
          <Point>
            <coordinates>-77.085672,-12.031165</coordinates>
          </Point>
        </Placemark>
        <Placemark>
          <name>-62</name>
          <description>
LAC: 38 CID: 447:2 RNC: 0 PSC: 151
ACCURACY: 10
CHANGE_TYPE: DBM
TIMESTAMP: 26 may 2026 5:54:45 p.m.</description>
          <styleUrl>#style_80</styleUrl>
          <Point>
            <coordinates>-77.085672,-12.031165</coordinates>
          </Point>
        </Placemark>
        <Placemark>
          <name>-62</name>
          <description>
LAC: 38 CID: 447:2 RNC: 0 PSC: 151
ACCURACY: 10
CHANGE_TYPE: DBM
TIMESTAMP: 26 may 2026 5:54:47 p.m.</description>
          <styleUrl>#style_80</styleUrl>
          <Point>
            <coordinates>-77.085672,-12.031165</coordinates>
          </Point>
        </Placemark>
        <Placemark>
          <name>-65</name>
          <description>
LAC: 38 CID: 447:2 RNC: 0 PSC: 151
ACCURACY: 11
CHANGE_TYPE: DBM
TIMESTAMP: 26 may 2026 5:54:49 p.m.</description>
          <styleUrl>#style_80</styleUrl>
          <Point>
            <coordinates>-77.085639,-12.031129</coordinates>
          </Point>
        </Placemark>
        <Placemark>
          <name>-65</name>
          <description>
LAC: 38 CID: 447:2 RNC: 0 PSC: 151
ACCURACY: 11
CHANGE_TYPE: DBM
TIMESTAMP: 26 may 2026 5:54:50 p.m.</description>
          <styleUrl>#style_80</styleUrl>
          <Point>
            <coordinates>-77.085639,-12.031129</coordinates>
          </Point>
        </Placemark>
        <Placemark>
          <name>-67</name>
          <description>
LAC: 38 CID: 447:2 RNC: 0 PSC: 151
ACCURACY: 11
CHANGE_TYPE: DBM
TIMESTAMP: 26 may 2026 5:54:52 p.m.</description>
          <styleUrl>#style_80</styleUrl>
          <Point>
            <coordinates>-77.085639,-12.031129</coordinates>
          </Point>
        </Placemark>
        <Placemark>
          <name>-68</name>
          <description>
LAC: 38 CID: 447:2 RNC: 0 PSC: 151
ACCURACY: 11
CHANGE_TYPE: DBM
TIMESTAMP: 26 may 2026 5:54:54 p.m.</description>
          <styleUrl>#style_70</styleUrl>
          <Point>
            <coordinates>-77.085639,-12.031129</coordinates>
          </Point>
        </Placemark>
        <Placemark>
          <name>-68</name>
          <description>
LAC: 38 CID: 447:2 RNC: 0 PSC: 151
ACCURACY: 11
CHANGE_TYPE: DBM
TIMESTAMP: 26 may 2026 5:54:55 p.m.</description>
          <styleUrl>#style_70</styleUrl>
          <Point>
            <coordinates>-77.085639,-12.031129</coordinates>
          </Point>
        </Placemark>
        <Placemark>
          <name>-67</name>
          <description>
LAC: 38 CID: 447:2 RNC: 0 PSC: 151
ACCURACY: 11
CHANGE_TYPE: DBM
TIMESTAMP: 26 may 2026 5:54:56 p.m.</description>
          <styleUrl>#style_80</styleUrl>
          <Point>
            <coordinates>-77.085639,-12.031129</coordinates>
          </Point>
        </Placemark>
        <Placemark>
          <name>-67</name>
          <description>
LAC: 38 CID: 447:2 RNC: 0 PSC: 151
ACCURACY: 11
CHANGE_TYPE: DBM
TIMESTAMP: 26 may 2026 5:54:57 p.m.</description>
          <styleUrl>#style_80</styleUrl>
          <Point>
            <coordinates>-77.085639,-12.031129</coordinates>
          </Point>
        </Placemark>
        <Placemark>
          <name>-69</name>
          <description>
LAC: 38 CID: 447:2 RNC: 0 PSC: 151
ACCURACY: 11
CHANGE_TYPE: DBM
TIMESTAMP: 26 may 2026 5:54:58 p.m.</description>
          <styleUrl>#style_70</styleUrl>
          <Point>
            <coordinates>-77.085639,-12.031129</coordinates>
          </Point>
        </Placemark>
        <Placemark>
          <name>-67</name>
          <description>
LAC: 38 CID: 447:2 RNC: 0 PSC: 151
ACCURACY: 10
CHANGE_TYPE: DBM
TIMESTAMP: 26 may 2026 5:55:00 p.m.</description>
          <styleUrl>#style_80</styleUrl>
          <Point>
            <coordinates>-77.085556,-12.031124</coordinates>
          </Point>
        </Placemark>
        <Placemark>
          <name>-67</name>
          <description>
LAC: 38 CID: 447:2 RNC: 0 PSC: 151
ACCURACY: 10
CHANGE_TYPE: DBM
TIMESTAMP: 26 may 2026 5:55:01 p.m.</description>
          <styleUrl>#style_80</styleUrl>
          <Point>
            <coordinates>-77.085556,-12.031124</coordinates>
          </Point>
        </Placemark>
        <Placemark>
          <name>-68</name>
          <description>
LAC: 38 CID: 447:2 RNC: 0 PSC: 151
ACCURACY: 10
CHANGE_TYPE: DBM
TIMESTAMP: 26 may 2026 5:55:02 p.m.</description>
          <styleUrl>#style_70</styleUrl>
          <Point>
            <coordinates>-77.085556,-12.031124</coordinates>
          </Point>
        </Placemark>
        <Placemark>
          <name>-68</name>
          <description>
LAC: 38 CID: 447:2 RNC: 0 PSC: 151
ACCURACY: 10
CHANGE_TYPE: DBM
TIMESTAMP: 26 may 2026 5:55:03 p.m.</description>
          <styleUrl>#style_70</styleUrl>
          <Point>
            <coordinates>-77.085556,-12.031124</coordinates>
          </Point>
        </Placemark>
        <Placemark>
          <name>-67</name>
          <description>
LAC: 38 CID: 447:2 RNC: 0 PSC: 151
ACCURACY: 10
CHANGE_TYPE: DBM
TIMESTAMP: 26 may 2026 5:55:04 p.m.</description>
          <styleUrl>#style_80</styleUrl>
          <Point>
            <coordinates>-77.085556,-12.031124</coordinates>
          </Point>
        </Placemark>
        <Placemark>
          <name>-67</name>
          <description>
LAC: 38 CID: 447:2 RNC: 0 PSC: 151
ACCURACY: 10
CHANGE_TYPE: DBM
TIMESTAMP: 26 may 2026 5:55:05 p.m.</description>
          <styleUrl>#style_80</styleUrl>
          <Point>
            <coordinates>-77.085556,-12.031124</coordinates>
          </Point>
        </Placemark>
        <Placemark>
          <name>-68</name>
          <description>
LAC: 38 CID: 447:2 RNC: 0 PSC: 151
ACCURACY: 10
CHANGE_TYPE: DBM
TIMESTAMP: 26 may 2026 5:55:06 p.m.</description>
          <styleUrl>#style_70</styleUrl>
          <Point>
            <coordinates>-77.085556,-12.031124</coordinates>
          </Point>
        </Placemark>
        <Placemark>
          <name>-68</name>
          <description>
LAC: 38 CID: 447:2 RNC: 0 PSC: 151
ACCURACY: 10
CHANGE_TYPE: DBM
TIMESTAMP: 26 may 2026 5:55:07 p.m.</description>
          <styleUrl>#style_70</styleUrl>
          <Point>
            <coordinates>-77.085556,-12.031124</coordinates>
          </Point>
        </Placemark>
        <Placemark>
          <name>-70</name>
          <description>
LAC: 38 CID: 447:2 RNC: 0 PSC: 151
ACCURACY: 10
CHANGE_TYPE: DBM
TIMESTAMP: 26 may 2026 5:55:08 p.m.</description>
          <styleUrl>#style_70</styleUrl>
          <Point>
            <coordinates>-77.085556,-12.031124</coordinates>
          </Point>
        </Placemark>
        <Placemark>
          <name>-70</name>
          <description>
LAC: 38 CID: 447:2 RNC: 0 PSC: 151
ACCURACY: 10
CHANGE_TYPE: DBM
TIMESTAMP: 26 may 2026 5:55:09 p.m.</description>
          <styleUrl>#style_70</styleUrl>
          <Point>
            <coordinates>-77.085556,-12.031124</coordinates>
          </Point>
        </Placemark>
        <Placemark>
          <name>-68</name>
          <description>
LAC: 38 CID: 447:2 RNC: 0 PSC: 151
ACCURACY: 10
CHANGE_TYPE: DBM
TIMESTAMP: 26 may 2026 5:55:10 p.m.</description>
          <styleUrl>#style_70</styleUrl>
          <Point>
            <coordinates>-77.085556,-12.031124</coordinates>
          </Point>
        </Placemark>
        <Placemark>
          <name>-68</name>
          <description>
LAC: 38 CID: 447:2 RNC: 0 PSC: 151
ACCURACY: 10
CHANGE_TYPE: DBM
TIMESTAMP: 26 may 2026 5:55:12 p.m.</description>
          <styleUrl>#style_70</styleUrl>
          <Point>
            <coordinates>-77.085556,-12.031124</coordinates>
          </Point>
        </Placemark>
        <Placemark>
          <name>-70</name>
          <description>
LAC: 38 CID: 447:2 RNC: 0 PSC: 151
ACCURACY: 10
CHANGE_TYPE: DBM
TIMESTAMP: 26 may 2026 5:55:14 p.m.</description>
          <styleUrl>#style_70</styleUrl>
          <Point>
            <coordinates>-77.085488,-12.031107</coordinates>
          </Point>
        </Placemark>
        <Placemark>
          <name>-70</name>
          <description>
LAC: 38 CID: 447:2 RNC: 0 PSC: 151
ACCURACY: 10
CHANGE_TYPE: DBM
TIMESTAMP: 26 may 2026 5:55:15 p.m.</description>
          <styleUrl>#style_70</styleUrl>
          <Point>
            <coordinates>-77.085488,-12.031107</coordinates>
          </Point>
        </Placemark>
        <Placemark>
          <name>-66</name>
          <description>
LAC: 38 CID: 447:2 RNC: 0 PSC: 151
ACCURACY: 10
CHANGE_TYPE: DBM
TIMESTAMP: 26 may 2026 5:55:16 p.m.</description>
          <styleUrl>#style_80</styleUrl>
          <Point>
            <coordinates>-77.085488,-12.031107</coordinates>
          </Point>
        </Placemark>
        <Placemark>
          <name>-65</name>
          <description>
LAC: 38 CID: 447:2 RNC: 0 PSC: 151
ACCURACY: 10
CHANGE_TYPE: DBM
TIMESTAMP: 26 may 2026 5:55:19 p.m.</description>
          <styleUrl>#style_80</styleUrl>
          <Point>
            <coordinates>-77.085439,-12.031121</coordinates>
          </Point>
        </Placemark>
        <Placemark>
          <name>-65</name>
          <description>
LAC: 38 CID: 447:2 RNC: 0 PSC: 151
ACCURACY: 10
CHANGE_TYPE: DBM
TIMESTAMP: 26 may 2026 5:55:20 p.m.</description>
          <styleUrl>#style_80</styleUrl>
          <Point>
            <coordinates>-77.085439,-12.031121</coordinates>
          </Point>
        </Placemark>
        <Placemark>
          <name>-68</name>
          <description>
LAC: 38 CID: 447:2 RNC: 0 PSC: 151
ACCURACY: 10
CHANGE_TYPE: DBM
TIMESTAMP: 26 may 2026 5:55:21 p.m.</description>
          <styleUrl>#style_70</styleUrl>
          <Point>
            <coordinates>-77.085439,-12.031121</coordinates>
          </Point>
        </Placemark>
        <Placemark>
          <name>-71</name>
          <description>
LAC: 38 CID: 447:2 RNC: 0 PSC: 151
ACCURACY: 10
CHANGE_TYPE: DBM
TIMESTAMP: 26 may 2026 5:55:23 p.m.</description>
          <styleUrl>#style_70</styleUrl>
          <Point>
            <coordinates>-77.085439,-12.031121</coordinates>
          </Point>
        </Placemark>
        <Placemark>
          <name>-67</name>
          <description>
LAC: 38 CID: 447:2 RNC: 0 PSC: 151
ACCURACY: 10
CHANGE_TYPE: DBM
TIMESTAMP: 26 may 2026 5:55:25 p.m.</description>
          <styleUrl>#style_80</styleUrl>
          <Point>
            <coordinates>-77.085439,-12.031121</coordinates>
          </Point>
        </Placemark>
        <Placemark>
          <name>-67</name>
          <description>
LAC: 38 CID: 447:2 RNC: 0 PSC: 151
ACCURACY: 10
CHANGE_TYPE: DBM
TIMESTAMP: 26 may 2026 5:55:26 p.m.</description>
          <styleUrl>#style_80</styleUrl>
          <Point>
            <coordinates>-77.085439,-12.031121</coordinates>
          </Point>
        </Placemark>
        <Placemark>
          <name>-65</name>
          <description>
LAC: 38 CID: 447:2 RNC: 0 PSC: 151
ACCURACY: 10
CHANGE_TYPE: DBM
TIMESTAMP: 26 may 2026 5:55:27 p.m.</description>
          <styleUrl>#style_80</styleUrl>
          <Point>
            <coordinates>-77.085439,-12.031121</coordinates>
          </Point>
        </Placemark>
        <Placemark>
          <name>-65</name>
          <description>
LAC: 38 CID: 447:2 RNC: 0 PSC: 151
ACCURACY: 10
CHANGE_TYPE: DBM
TIMESTAMP: 26 may 2026 5:55:28 p.m.</description>
          <styleUrl>#style_80</styleUrl>
          <Point>
            <coordinates>-77.085439,-12.031121</coordinates>
          </Point>
        </Placemark>
        <Placemark>
          <name>-68</name>
          <description>
LAC: 38 CID: 447:2 RNC: 0 PSC: 151
ACCURACY: 12
CHANGE_TYPE: DBM
TIMESTAMP: 26 may 2026 5:55:29 p.m.</description>
          <styleUrl>#style_70</styleUrl>
          <Point>
            <coordinates>-77.085357,-12.031146</coordinates>
          </Point>
        </Placemark>
        <Placemark>
          <name>-68</name>
          <description>
LAC: 38 CID: 447:2 RNC: 0 PSC: 151
ACCURACY: 12
CHANGE_TYPE: DBM
TIMESTAMP: 26 may 2026 5:55:30 p.m.</description>
          <styleUrl>#style_70</styleUrl>
          <Point>
            <coordinates>-77.085357,-12.031146</coordinates>
          </Point>
        </Placemark>
        <Placemark>
          <name>-61</name>
          <description>
LAC: 38 CID: 447:2 RNC: 0 PSC: 151
ACCURACY: 12
CHANGE_TYPE: DBM
TIMESTAMP: 26 may 2026 5:55:31 p.m.</description>
          <styleUrl>#style_80</styleUrl>
          <Point>
            <coordinates>-77.085357,-12.031146</coordinates>
          </Point>
        </Placemark>
        <Placemark>
          <name>-61</name>
          <description>
LAC: 38 CID: 447:2 RNC: 0 PSC: 151
ACCURACY: 12
CHANGE_TYPE: DBM
TIMESTAMP: 26 may 2026 5:55:32 p.m.</description>
          <styleUrl>#style_80</styleUrl>
          <Point>
            <coordinates>-77.085357,-12.031146</coordinates>
          </Point>
        </Placemark>
        <Placemark>
          <name>-60</name>
          <description>
LAC: 38 CID: 447:2 RNC: 0 PSC: 151
ACCURACY: 12
CHANGE_TYPE: DBM
TIMESTAMP: 26 may 2026 5:55:33 p.m.</description>
          <styleUrl>#style_80</styleUrl>
          <Point>
            <coordinates>-77.085357,-12.031146</coordinates>
          </Point>
        </Placemark>
        <Placemark>
          <name>-64</name>
          <description>
LAC: 38 CID: 447:2 RNC: 0 PSC: 151
ACCURACY: 12
CHANGE_TYPE: DBM
TIMESTAMP: 26 may 2026 5:55:35 p.m.</description>
          <styleUrl>#style_80</styleUrl>
          <Point>
            <coordinates>-77.085357,-12.031146</coordinates>
          </Point>
        </Placemark>
        <Placemark>
          <name>-64</name>
          <description>
LAC: 38 CID: 447:2 RNC: 0 PSC: 151
ACCURACY: 12
CHANGE_TYPE: DBM
TIMESTAMP: 26 may 2026 5:55:36 p.m.</description>
          <styleUrl>#style_80</styleUrl>
          <Point>
            <coordinates>-77.085357,-12.031146</coordinates>
          </Point>
        </Placemark>
        <Placemark>
          <name>-66</name>
          <description>
LAC: 38 CID: 447:2 RNC: 0 PSC: 151
ACCURACY: 12
CHANGE_TYPE: DBM
TIMESTAMP: 26 may 2026 5:55:37 p.m.</description>
          <styleUrl>#style_80</styleUrl>
          <Point>
            <coordinates>-77.085357,-12.031146</coordinates>
          </Point>
        </Placemark>
        <Placemark>
          <name>-72</name>
          <description>
LAC: 38 CID: 447:2 RNC: 0 PSC: 151
ACCURACY: 12
CHANGE_TYPE: DBM
TIMESTAMP: 26 may 2026 5:55:39 p.m.</description>
          <styleUrl>#style_70</styleUrl>
          <Point>
            <coordinates>-77.085357,-12.031146</coordinates>
          </Point>
        </Placemark>
        <Placemark>
          <name>-72</name>
          <description>
LAC: 38 CID: 447:2 RNC: 0 PSC: 151
ACCURACY: 12
CHANGE_TYPE: DBM
TIMESTAMP: 26 may 2026 5:55:40 p.m.</description>
          <styleUrl>#style_70</styleUrl>
          <Point>
            <coordinates>-77.085357,-12.031146</coordinates>
          </Point>
        </Placemark>
        <Placemark>
          <name>-69</name>
          <description>
LAC: 38 CID: 447:2 RNC: 0 PSC: 151
ACCURACY: 12
CHANGE_TYPE: DBM
TIMESTAMP: 26 may 2026 5:55:41 p.m.</description>
          <styleUrl>#style_70</styleUrl>
          <Point>
            <coordinates>-77.085357,-12.031146</coordinates>
          </Point>
        </Placemark>
        <Placemark>
          <name>-68</name>
          <description>
LAC: 38 CID: 447:2 RNC: 0 PSC: 151
ACCURACY: 12
CHANGE_TYPE: DBM
TIMESTAMP: 26 may 2026 5:55:44 p.m.</description>
          <styleUrl>#style_70</styleUrl>
          <Point>
            <coordinates>-77.085301,-12.031212</coordinates>
          </Point>
        </Placemark>
        <Placemark>
          <name>-68</name>
          <description>
LAC: 38 CID: 447:2 RNC: 0 PSC: 151
ACCURACY: 12
CHANGE_TYPE: DBM
TIMESTAMP: 26 may 2026 5:55:45 p.m.</description>
          <styleUrl>#style_70</styleUrl>
          <Point>
            <coordinates>-77.085301,-12.031212</coordinates>
          </Point>
        </Placemark>
        <Placemark>
          <name>-76</name>
          <description>
LAC: 38 CID: 447:2 RNC: 0 PSC: 151
ACCURACY: 12
CHANGE_TYPE: DBM
TIMESTAMP: 26 may 2026 5:55:46 p.m.</description>
          <styleUrl>#style_70</styleUrl>
          <Point>
            <coordinates>-77.085301,-12.031212</coordinates>
          </Point>
        </Placemark>
        <Placemark>
          <name>-78</name>
          <description>
LAC: 38 CID: 447:2 RNC: 0 PSC: 151
ACCURACY: 12
CHANGE_TYPE: DBM
TIMESTAMP: 26 may 2026 5:55:48 p.m.</description>
          <styleUrl>#style_60</styleUrl>
          <Point>
            <coordinates>-77.085301,-12.031212</coordinates>
          </Point>
        </Placemark>
        <Placemark>
          <name>-78</name>
          <description>
LAC: 38 CID: 447:2 RNC: 0 PSC: 151
ACCURACY: 12
CHANGE_TYPE: DBM
TIMESTAMP: 26 may 2026 5:55:49 p.m.</description>
          <styleUrl>#style_60</styleUrl>
          <Point>
            <coordinates>-77.085261,-12.031234</coordinates>
          </Point>
        </Placemark>
        <Placemark>
          <name>-78</name>
          <description>
LAC: 38 CID: 447:2 RNC: 0 PSC: 151
ACCURACY: 12
CHANGE_TYPE: DBM
TIMESTAMP: 26 may 2026 5:55:50 p.m.</description>
          <styleUrl>#style_60</styleUrl>
          <Point>
            <coordinates>-77.085261,-12.031234</coordinates>
          </Point>
        </Placemark>
        <Placemark>
          <name>-79</name>
          <description>
LAC: 38 CID: 447:2 RNC: 0 PSC: 151
ACCURACY: 12
CHANGE_TYPE: DBM
TIMESTAMP: 26 may 2026 5:55:52 p.m.</description>
          <styleUrl>#style_60</styleUrl>
          <Point>
            <coordinates>-77.085261,-12.031234</coordinates>
          </Point>
        </Placemark>
        <Placemark>
          <name>-79</name>
          <description>
LAC: 38 CID: 447:2 RNC: 0 PSC: 151
ACCURACY: 12
CHANGE_TYPE: DBM
TIMESTAMP: 26 may 2026 5:55:53 p.m.</description>
          <styleUrl>#style_60</styleUrl>
          <Point>
            <coordinates>-77.085261,-12.031234</coordinates>
          </Point>
        </Placemark>
        <Placemark>
          <name>-79</name>
          <description>
LAC: 38 CID: 447:2 RNC: 0 PSC: 151
ACCURACY: 12
CHANGE_TYPE: DBM
TIMESTAMP: 26 may 2026 5:55:54 p.m.</description>
          <styleUrl>#style_60</styleUrl>
          <Point>
            <coordinates>-77.085261,-12.031234</coordinates>
          </Point>
        </Placemark>
        <Placemark>
          <name>-80</name>
          <description>
LAC: 38 CID: 447:2 RNC: 0 PSC: 151
ACCURACY: 12
CHANGE_TYPE: DBM
TIMESTAMP: 26 may 2026 5:55:56 p.m.</description>
          <styleUrl>#style_60</styleUrl>
          <Point>
            <coordinates>-77.085261,-12.031234</coordinates>
          </Point>
        </Placemark>
        <Placemark>
          <name>-80</name>
          <description>
LAC: 38 CID: 447:2 RNC: 0 PSC: 151
ACCURACY: 12
CHANGE_TYPE: DBM
TIMESTAMP: 26 may 2026 5:55:57 p.m.</description>
          <styleUrl>#style_60</styleUrl>
          <Point>
            <coordinates>-77.085261,-12.031234</coordinates>
          </Point>
        </Placemark>
        <Placemark>
          <name>-79</name>
          <description>
LAC: 38 CID: 447:2 RNC: 0 PSC: 151
ACCURACY: 12
CHANGE_TYPE: DBM
TIMESTAMP: 26 may 2026 5:55:58 p.m.</description>
          <styleUrl>#style_60</styleUrl>
          <Point>
            <coordinates>-77.085261,-12.031234</coordinates>
          </Point>
        </Placemark>
        <Placemark>
          <name>-76</name>
          <description>
LAC: 38 CID: 447:2 RNC: 0 PSC: 151
ACCURACY: 12
CHANGE_TYPE: DBM
TIMESTAMP: 26 may 2026 5:56:00 p.m.</description>
          <styleUrl>#style_70</styleUrl>
          <Point>
            <coordinates>-77.085216,-12.031284</coordinates>
          </Point>
        </Placemark>
        <Placemark>
          <name>-73</name>
          <description>
LAC: 38 CID: 447:2 RNC: 0 PSC: 151
ACCURACY: 12
CHANGE_TYPE: DBM
TIMESTAMP: 26 may 2026 5:56:02 p.m.</description>
          <styleUrl>#style_70</styleUrl>
          <Point>
            <coordinates>-77.085216,-12.031284</coordinates>
          </Point>
        </Placemark>
        <Placemark>
          <name>-76</name>
          <description>
LAC: 38 CID: 447:2 RNC: 0 PSC: 151
ACCURACY: 13
CHANGE_TYPE: DBM
TIMESTAMP: 26 may 2026 5:56:04 p.m.</description>
          <styleUrl>#style_70</styleUrl>
          <Point>
            <coordinates>-77.085172,-12.031304</coordinates>
          </Point>
        </Placemark>
        <Placemark>
          <name>-76</name>
          <description>
LAC: 38 CID: 447:2 RNC: 0 PSC: 151
ACCURACY: 13
CHANGE_TYPE: DBM
TIMESTAMP: 26 may 2026 5:56:05 p.m.</description>
          <styleUrl>#style_70</styleUrl>
          <Point>
            <coordinates>-77.085172,-12.031304</coordinates>
          </Point>
        </Placemark>
        <Placemark>
          <name>-73</name>
          <description>
LAC: 38 CID: 447:2 RNC: 0 PSC: 151
ACCURACY: 13
CHANGE_TYPE: DBM
TIMESTAMP: 26 may 2026 5:56:06 p.m.</description>
          <styleUrl>#style_70</styleUrl>
          <Point>
            <coordinates>-77.085172,-12.031304</coordinates>
          </Point>
        </Placemark>
        <Placemark>
          <name>-73</name>
          <description>
LAC: 38 CID: 447:2 RNC: 0 PSC: 151
ACCURACY: 13
CHANGE_TYPE: DBM
TIMESTAMP: 26 may 2026 5:56:07 p.m.</description>
          <styleUrl>#style_70</styleUrl>
          <Point>
            <coordinates>-77.085172,-12.031304</coordinates>
          </Point>
        </Placemark>
        <Placemark>
          <name>-74</name>
          <description>
LAC: 38 CID: 447:2 RNC: 0 PSC: 151
ACCURACY: 13
CHANGE_TYPE: DBM
TIMESTAMP: 26 may 2026 5:56:08 p.m.</description>
          <styleUrl>#style_70</styleUrl>
          <Point>
            <coordinates>-77.085172,-12.031304</coordinates>
          </Point>
        </Placemark>
        <Placemark>
          <name>-74</name>
          <description>
LAC: 38 CID: 447:2 RNC: 0 PSC: 151
ACCURACY: 13
CHANGE_TYPE: DBM
TIMESTAMP: 26 may 2026 5:56:09 p.m.</description>
          <styleUrl>#style_70</styleUrl>
          <Point>
            <coordinates>-77.085172,-12.031304</coordinates>
          </Point>
        </Placemark>
        <Placemark>
          <name>-72</name>
          <description>
LAC: 38 CID: 447:2 RNC: 0 PSC: 151
ACCURACY: 13
CHANGE_TYPE: DBM
TIMESTAMP: 26 may 2026 5:56:11 p.m.</description>
          <styleUrl>#style_70</styleUrl>
          <Point>
            <coordinates>-77.085172,-12.031304</coordinates>
          </Point>
        </Placemark>
        <Placemark>
          <name>-72</name>
          <description>
LAC: 38 CID: 447:2 RNC: 0 PSC: 151
ACCURACY: 13
CHANGE_TYPE: DBM
TIMESTAMP: 26 may 2026 5:56:13 p.m.</description>
          <styleUrl>#style_70</styleUrl>
          <Point>
            <coordinates>-77.085172,-12.031304</coordinates>
          </Point>
        </Placemark>
        <Placemark>
          <name>-77</name>
          <description>
LAC: 38 CID: 447:2 RNC: 0 PSC: 151
ACCURACY: 13
CHANGE_TYPE: DBM
TIMESTAMP: 26 may 2026 5:56:15 p.m.</description>
          <styleUrl>#style_60</styleUrl>
          <Point>
            <coordinates>-77.085121,-12.031333</coordinates>
          </Point>
        </Placemark>
        <Placemark>
          <name>-77</name>
          <description>
LAC: 38 CID: 447:2 RNC: 0 PSC: 151
ACCURACY: 13
CHANGE_TYPE: DBM
TIMESTAMP: 26 may 2026 5:56:16 p.m.</description>
          <styleUrl>#style_60</styleUrl>
          <Point>
            <coordinates>-77.085121,-12.031333</coordinates>
          </Point>
        </Placemark>
        <Placemark>
          <name>-77</name>
          <description>
LAC: 38 CID: 447:2 RNC: 0 PSC: 151
ACCURACY: 13
CHANGE_TYPE: DBM
TIMESTAMP: 26 may 2026 5:56:17 p.m.</description>
          <styleUrl>#style_60</styleUrl>
          <Point>
            <coordinates>-77.085121,-12.031333</coordinates>
          </Point>
        </Placemark>
        <Placemark>
          <name>-75</name>
          <description>
LAC: 38 CID: 447:2 RNC: 0 PSC: 151
ACCURACY: 13
CHANGE_TYPE: DBM
TIMESTAMP: 26 may 2026 5:56:19 p.m.</description>
          <styleUrl>#style_70</styleUrl>
          <Point>
            <coordinates>-77.085121,-12.031333</coordinates>
          </Point>
        </Placemark>
        <Placemark>
          <name>-75</name>
          <description>
LAC: 38 CID: 447:2 RNC: 0 PSC: 151
ACCURACY: 13
CHANGE_TYPE: DBM
TIMESTAMP: 26 may 2026 5:56:20 p.m.</description>
          <styleUrl>#style_70</styleUrl>
          <Point>
            <coordinates>-77.085121,-12.031333</coordinates>
          </Point>
        </Placemark>
        <Placemark>
          <name>-79</name>
          <description>
LAC: 38 CID: 447:2 RNC: 0 PSC: 151
ACCURACY: 13
CHANGE_TYPE: DBM
TIMESTAMP: 26 may 2026 5:56:21 p.m.</description>
          <styleUrl>#style_60</styleUrl>
          <Point>
            <coordinates>-77.085121,-12.031333</coordinates>
          </Point>
        </Placemark>
        <Placemark>
          <name>-79</name>
          <description>
LAC: 38 CID: 447:2 RNC: 0 PSC: 151
ACCURACY: 13
CHANGE_TYPE: DBM
TIMESTAMP: 26 may 2026 5:56:23 p.m.</description>
          <styleUrl>#style_60</styleUrl>
          <Point>
            <coordinates>-77.085121,-12.031333</coordinates>
          </Point>
        </Placemark>
        <Placemark>
          <name>-79</name>
          <description>
LAC: 38 CID: 447:2 RNC: 0 PSC: 151
ACCURACY: 12
CHANGE_TYPE: DBM
TIMESTAMP: 26 may 2026 5:56:24 p.m.</description>
          <styleUrl>#style_60</styleUrl>
          <Point>
            <coordinates>-77.085066,-12.031345</coordinates>
          </Point>
        </Placemark>
        <Placemark>
          <name>-79</name>
          <description>
LAC: 38 CID: 447:2 RNC: 0 PSC: 151
ACCURACY: 12
CHANGE_TYPE: DBM
TIMESTAMP: 26 may 2026 5:56:25 p.m.</description>
          <styleUrl>#style_60</styleUrl>
          <Point>
            <coordinates>-77.085066,-12.031345</coordinates>
          </Point>
        </Placemark>
        <Placemark>
          <name>-79</name>
          <description>
LAC: 38 CID: 447:2 RNC: 0 PSC: 151
ACCURACY: 12
CHANGE_TYPE: DBM
TIMESTAMP: 26 may 2026 5:56:26 p.m.</description>
          <styleUrl>#style_60</styleUrl>
          <Point>
            <coordinates>-77.085066,-12.031345</coordinates>
          </Point>
        </Placemark>
        <Placemark>
          <name>-79</name>
          <description>
LAC: 38 CID: 447:2 RNC: 0 PSC: 151
ACCURACY: 12
CHANGE_TYPE: DBM
TIMESTAMP: 26 may 2026 5:56:27 p.m.</description>
          <styleUrl>#style_60</styleUrl>
          <Point>
            <coordinates>-77.085066,-12.031345</coordinates>
          </Point>
        </Placemark>
        <Placemark>
          <name>-79</name>
          <description>
LAC: 38 CID: 447:2 RNC: 0 PSC: 151
ACCURACY: 12
CHANGE_TYPE: DBM
TIMESTAMP: 26 may 2026 5:56:29 p.m.</description>
          <styleUrl>#style_60</styleUrl>
          <Point>
            <coordinates>-77.085066,-12.031345</coordinates>
          </Point>
        </Placemark>
        <Placemark>
          <name>-79</name>
          <description>
LAC: 38 CID: 447:2 RNC: 0 PSC: 151
ACCURACY: 12
CHANGE_TYPE: DBM
TIMESTAMP: 26 may 2026 5:56:31 p.m.</description>
          <styleUrl>#style_60</styleUrl>
          <Point>
            <coordinates>-77.085066,-12.031345</coordinates>
          </Point>
        </Placemark>
        <Placemark>
          <name>-75</name>
          <description>
LAC: 38 CID: 447:2 RNC: 0 PSC: 151
ACCURACY: 12
CHANGE_TYPE: DBM
TIMESTAMP: 26 may 2026 5:56:33 p.m.</description>
          <styleUrl>#style_70</styleUrl>
          <Point>
            <coordinates>-77.084993,-12.031363</coordinates>
          </Point>
        </Placemark>
        <Placemark>
          <name>-75</name>
          <description>
LAC: 38 CID: 447:2 RNC: 0 PSC: 151
ACCURACY: 12
CHANGE_TYPE: DBM
TIMESTAMP: 26 may 2026 5:56:34 p.m.</description>
          <styleUrl>#style_70</styleUrl>
          <Point>
            <coordinates>-77.084993,-12.031363</coordinates>
          </Point>
        </Placemark>
        <Placemark>
          <name>-76</name>
          <description>
LAC: 38 CID: 447:2 RNC: 0 PSC: 151
ACCURACY: 12
CHANGE_TYPE: DBM
TIMESTAMP: 26 may 2026 5:56:36 p.m.</description>
          <styleUrl>#style_70</styleUrl>
          <Point>
            <coordinates>-77.084993,-12.031363</coordinates>
          </Point>
        </Placemark>
        <Placemark>
          <name>-70</name>
          <description>
LAC: 38 CID: 447:2 RNC: 0 PSC: 151
ACCURACY: 13
CHANGE_TYPE: GPS
TIMESTAMP: 26 may 2026 5:33:54 p.m.</description>
          <styleUrl>#style_70</styleUrl>
          <Point>
            <coordinates>-77.08691,-12.030615</coordinates>
          </Point>
        </Placemark>
        <Placemark>
          <name>-70</name>
          <description>
LAC: 38 CID: 447:2 RNC: 0 PSC: 151
ACCURACY: 11
CHANGE_TYPE: GPS
TIMESTAMP: 26 may 2026 5:34:13 p.m.</description>
          <styleUrl>#style_70</styleUrl>
          <Point>
            <coordinates>-77.086788,-12.030552</coordinates>
          </Point>
        </Placemark>
        <Placemark>
          <name>-73</name>
          <description>
LAC: 38 CID: 447:2 RNC: 0 PSC: 151
ACCURACY: 12
CHANGE_TYPE: GPS
TIMESTAMP: 26 may 2026 5:34:18 p.m.</description>
          <styleUrl>#style_70</styleUrl>
          <Point>
            <coordinates>-77.086743,-12.030577</coordinates>
          </Point>
        </Placemark>
        <Placemark>
          <name>-71</name>
          <description>
LAC: 38 CID: 447:2 RNC: 0 PSC: 151
ACCURACY: 12
CHANGE_TYPE: GPS
TIMESTAMP: 26 may 2026 5:34:23 p.m.</description>
          <styleUrl>#style_70</styleUrl>
          <Point>
            <coordinates>-77.086692,-12.030596</coordinates>
          </Point>
        </Placemark>
        <Placemark>
          <name>-72</name>
          <description>
LAC: 38 CID: 447:2 RNC: 0 PSC: 151
ACCURACY: 13
CHANGE_TYPE: GPS
TIMESTAMP: 26 may 2026 5:34:28 p.m.</description>
          <styleUrl>#style_70</styleUrl>
          <Point>
            <coordinates>-77.086643,-12.030597</coordinates>
          </Point>
        </Placemark>
        <Placemark>
          <name>-68</name>
          <description>
LAC: 38 CID: 447:2 RNC: 0 PSC: 151
ACCURACY: 13
CHANGE_TYPE: GPS
TIMESTAMP: 26 may 2026 5:34:38 p.m.</description>
          <styleUrl>#style_70</styleUrl>
          <Point>
            <coordinates>-77.086561,-12.030588</coordinates>
          </Point>
        </Placemark>
        <Placemark>
          <name>-70</name>
          <description>
LAC: 38 CID: 447:2 RNC: 0 PSC: 151
ACCURACY: 12
CHANGE_TYPE: GPS
TIMESTAMP: 26 may 2026 5:34:48 p.m.</description>
          <styleUrl>#style_70</styleUrl>
          <Point>
            <coordinates>-77.086483,-12.030603</coordinates>
          </Point>
        </Placemark>
        <Placemark>
          <name>-70</name>
          <description>
LAC: 38 CID: 447:2 RNC: 0 PSC: 151
ACCURACY: 11
CHANGE_TYPE: GPS
TIMESTAMP: 26 may 2026 5:34:58 p.m.</description>
          <styleUrl>#style_70</styleUrl>
          <Point>
            <coordinates>-77.086398,-12.030608</coordinates>
          </Point>
        </Placemark>
        <Placemark>
          <name>-70</name>
          <description>
LAC: 38 CID: 447:2 RNC: 0 PSC: 151
ACCURACY: 12
CHANGE_TYPE: GPS
TIMESTAMP: 26 may 2026 5:35:08 p.m.</description>
          <styleUrl>#style_70</styleUrl>
          <Point>
            <coordinates>-77.086323,-12.030624</coordinates>
          </Point>
        </Placemark>
        <Placemark>
          <name>-75</name>
          <description>
LAC: 38 CID: 447:2 RNC: 0 PSC: 151
ACCURACY: 12
CHANGE_TYPE: GPS
TIMESTAMP: 26 may 2026 5:35:18 p.m.</description>
          <styleUrl>#style_70</styleUrl>
          <Point>
            <coordinates>-77.086265,-12.030617</coordinates>
          </Point>
        </Placemark>
        <Placemark>
          <name>-78</name>
          <description>
LAC: 38 CID: 447:2 RNC: 0 PSC: 151
ACCURACY: 12
CHANGE_TYPE: GPS
TIMESTAMP: 26 may 2026 5:35:28 p.m.</description>
          <styleUrl>#style_60</styleUrl>
          <Point>
            <coordinates>-77.086212,-12.030589</coordinates>
          </Point>
        </Placemark>
        <Placemark>
          <name>-77</name>
          <description>
LAC: 38 CID: 447:2 RNC: 0 PSC: 151
ACCURACY: 11
CHANGE_TYPE: GPS
TIMESTAMP: 26 may 2026 5:35:33 p.m.</description>
          <styleUrl>#style_60</styleUrl>
          <Point>
            <coordinates>-77.08617,-12.030609</coordinates>
          </Point>
        </Placemark>
        <Placemark>
          <name>-77</name>
          <description>
LAC: 38 CID: 447:2 RNC: 0 PSC: 151
ACCURACY: 11
CHANGE_TYPE: GPS
TIMESTAMP: 26 may 2026 5:35:38 p.m.</description>
          <styleUrl>#style_60</styleUrl>
          <Point>
            <coordinates>-77.086163,-12.030561</coordinates>
          </Point>
        </Placemark>
        <Placemark>
          <name>-82</name>
          <description>
LAC: 38 CID: 447:2 RNC: 0 PSC: 151
ACCURACY: 11
CHANGE_TYPE: GPS
TIMESTAMP: 26 may 2026 5:35:48 p.m.</description>
          <styleUrl>#style_60</styleUrl>
          <Point>
            <coordinates>-77.086156,-12.030495</coordinates>
          </Point>
        </Placemark>
        <Placemark>
          <name>-105</name>
          <description>
LAC: 38 CID: 447:2 RNC: 0 PSC: 151
ACCURACY: 12
CHANGE_TYPE: GPS
TIMESTAMP: 26 may 2026 5:42:08 p.m.</description>
          <styleUrl>#style_40</styleUrl>
          <Point>
            <coordinates>-77.085043,-12.029625</coordinates>
          </Point>
        </Placemark>
        <Placemark>
          <name>-102</name>
          <description>
LAC: 38 CID: 447:2 RNC: 0 PSC: 151
ACCURACY: 12
CHANGE_TYPE: GPS
TIMESTAMP: 26 may 2026 5:42:13 p.m.</description>
          <styleUrl>#style_40</styleUrl>
          <Point>
            <coordinates>-77.085049,-12.029674</coordinates>
          </Point>
        </Placemark>
        <Placemark>
          <name>-101</name>
          <description>
LAC: 38 CID: 447:2 RNC: 0 PSC: 151
ACCURACY: 12
CHANGE_TYPE: GPS
TIMESTAMP: 26 may 2026 5:42:18 p.m.</description>
          <styleUrl>#style_40</styleUrl>
          <Point>
            <coordinates>-77.085067,-12.029717</coordinates>
          </Point>
        </Placemark>
        <Placemark>
          <name>-102</name>
          <description>
LAC: 38 CID: 447:2 RNC: 0 PSC: 151
ACCURACY: 12
CHANGE_TYPE: GPS
TIMESTAMP: 26 may 2026 5:42:28 p.m.</description>
          <styleUrl>#style_40</styleUrl>
          <Point>
            <coordinates>-77.085116,-12.029787</coordinates>
          </Point>
        </Placemark>
        <Placemark>
          <name>-101</name>
          <description>
LAC: 38 CID: 447:2 RNC: 0 PSC: 151
ACCURACY: 12
CHANGE_TYPE: GPS
TIMESTAMP: 26 may 2026 5:42:38 p.m.</description>
          <styleUrl>#style_40</styleUrl>
          <Point>
            <coordinates>-77.085166,-12.029852</coordinates>
          </Point>
        </Placemark>
        <Placemark>
          <name>-99</name>
          <description>
LAC: 38 CID: 447:2 RNC: 0 PSC: 151
ACCURACY: 13
CHANGE_TYPE: GPS
TIMESTAMP: 26 may 2026 5:42:48 p.m.</description>
          <styleUrl>#style_40</styleUrl>
          <Point>
            <coordinates>-77.085195,-12.029915</coordinates>
          </Point>
        </Placemark>
        <Placemark>
          <name>-92</name>
          <description>
LAC: 38 CID: 447:2 RNC: 0 PSC: 151
ACCURACY: 13
CHANGE_TYPE: GPS
TIMESTAMP: 26 may 2026 5:42:58 p.m.</description>
          <styleUrl>#style_50</styleUrl>
          <Point>
            <coordinates>-77.085228,-12.029976</coordinates>
          </Point>
        </Placemark>
        <Placemark>
          <name>-93</name>
          <description>
LAC: 38 CID: 447:2 RNC: 0 PSC: 151
ACCURACY: 12
CHANGE_TYPE: GPS
TIMESTAMP: 26 may 2026 5:43:08 p.m.</description>
          <styleUrl>#style_50</styleUrl>
          <Point>
            <coordinates>-77.085246,-12.03006</coordinates>
          </Point>
        </Placemark>
        <Placemark>
          <name>-90</name>
          <description>
LAC: 38 CID: 447:2 RNC: 0 PSC: 151
ACCURACY: 12
CHANGE_TYPE: GPS
TIMESTAMP: 26 may 2026 5:43:13 p.m.</description>
          <styleUrl>#style_50</styleUrl>
          <Point>
            <coordinates>-77.08527,-12.030104</coordinates>
          </Point>
        </Placemark>
        <Placemark>
          <name>-94</name>
          <description>
LAC: 38 CID: 447:2 RNC: 0 PSC: 151
ACCURACY: 12
CHANGE_TYPE: GPS
TIMESTAMP: 26 may 2026 5:43:18 p.m.</description>
          <styleUrl>#style_50</styleUrl>
          <Point>
            <coordinates>-77.085276,-12.030152</coordinates>
          </Point>
        </Placemark>
        <Placemark>
          <name>-85</name>
          <description>
LAC: 38 CID: 447:2 RNC: 0 PSC: 151
ACCURACY: 12
CHANGE_TYPE: GPS
TIMESTAMP: 26 may 2026 5:43:28 p.m.</description>
          <styleUrl>#style_60</styleUrl>
          <Point>
            <coordinates>-77.085294,-12.030233</coordinates>
          </Point>
        </Placemark>
        <Placemark>
          <name>-87</name>
          <description>
LAC: 38 CID: 447:2 RNC: 0 PSC: 151
ACCURACY: 12
CHANGE_TYPE: GPS
TIMESTAMP: 26 may 2026 5:43:33 p.m.</description>
          <styleUrl>#style_50</styleUrl>
          <Point>
            <coordinates>-77.085323,-12.030279</coordinates>
          </Point>
        </Placemark>
        <Placemark>
          <name>-84</name>
          <description>
LAC: 38 CID: 447:2 RNC: 0 PSC: 151
ACCURACY: 13
CHANGE_TYPE: GPS
TIMESTAMP: 26 may 2026 5:43:38 p.m.</description>
          <styleUrl>#style_60</styleUrl>
          <Point>
            <coordinates>-77.085323,-12.030325</coordinates>
          </Point>
        </Placemark>
        <Placemark>
          <name>-82</name>
          <description>
LAC: 38 CID: 447:2 RNC: 0 PSC: 151
ACCURACY: 12
CHANGE_TYPE: GPS
TIMESTAMP: 26 may 2026 5:43:48 p.m.</description>
          <styleUrl>#style_60</styleUrl>
          <Point>
            <coordinates>-77.085348,-12.030401</coordinates>
          </Point>
        </Placemark>
        <Placemark>
          <name>-81</name>
          <description>
LAC: 38 CID: 447:2 RNC: 0 PSC: 151
ACCURACY: 12
CHANGE_TYPE: GPS
TIMESTAMP: 26 may 2026 5:43:53 p.m.</description>
          <styleUrl>#style_60</styleUrl>
          <Point>
            <coordinates>-77.085369,-12.030442</coordinates>
          </Point>
        </Placemark>
        <Placemark>
          <name>-67</name>
          <description>
LAC: 38 CID: 447:2 RNC: 0 PSC: 151
ACCURACY: 13
CHANGE_TYPE: GPS
TIMESTAMP: 26 may 2026 5:44:03 p.m.</description>
          <styleUrl>#style_80</styleUrl>
          <Point>
            <coordinates>-77.08539,-12.030521</coordinates>
          </Point>
        </Placemark>
        <Placemark>
          <name>-81</name>
          <description>
LAC: 38 CID: 447:2 RNC: 0 PSC: 151
ACCURACY: 12
CHANGE_TYPE: GPS
TIMESTAMP: 26 may 2026 5:44:13 p.m.</description>
          <styleUrl>#style_60</styleUrl>
          <Point>
            <coordinates>-77.085419,-12.0306</coordinates>
          </Point>
        </Placemark>
        <Placemark>
          <name>-78</name>
          <description>
LAC: 38 CID: 447:2 RNC: 0 PSC: 151
ACCURACY: 12
CHANGE_TYPE: GPS
TIMESTAMP: 26 may 2026 5:44:23 p.m.</description>
          <styleUrl>#style_60</styleUrl>
          <Point>
            <coordinates>-77.085435,-12.030682</coordinates>
          </Point>
        </Placemark>
        <Placemark>
          <name>-69</name>
          <description>
LAC: 38 CID: 447:2 RNC: 0 PSC: 151
ACCURACY: 11
CHANGE_TYPE: GPS
TIMESTAMP: 26 may 2026 5:44:33 p.m.</description>
          <styleUrl>#style_70</styleUrl>
          <Point>
            <coordinates>-77.085474,-12.030743</coordinates>
          </Point>
        </Placemark>
        <Placemark>
          <name>-67</name>
          <description>
LAC: 38 CID: 447:2 RNC: 0 PSC: 151
ACCURACY: 12
CHANGE_TYPE: GPS
TIMESTAMP: 26 may 2026 5:44:38 p.m.</description>
          <styleUrl>#style_80</styleUrl>
          <Point>
            <coordinates>-77.085531,-12.030728</coordinates>
          </Point>
        </Placemark>
        <Placemark>
          <name>-67</name>
          <description>
LAC: 38 CID: 447:2 RNC: 0 PSC: 151
ACCURACY: 11
CHANGE_TYPE: GPS
TIMESTAMP: 26 may 2026 5:44:48 p.m.</description>
          <styleUrl>#style_80</styleUrl>
          <Point>
            <coordinates>-77.085606,-12.030723</coordinates>
          </Point>
        </Placemark>
        <Placemark>
          <name>-69</name>
          <description>
LAC: 38 CID: 447:2 RNC: 0 PSC: 151
ACCURACY: 11
CHANGE_TYPE: GPS
TIMESTAMP: 26 may 2026 5:44:58 p.m.</description>
          <styleUrl>#style_70</styleUrl>
          <Point>
            <coordinates>-77.085701,-12.030693</coordinates>
          </Point>
        </Placemark>
        <Placemark>
          <name>-68</name>
          <description>
LAC: 38 CID: 447:2 RNC: 0 PSC: 151
ACCURACY: 11
CHANGE_TYPE: GPS
TIMESTAMP: 26 may 2026 5:45:03 p.m.</description>
          <styleUrl>#style_70</styleUrl>
          <Point>
            <coordinates>-77.085748,-12.030701</coordinates>
          </Point>
        </Placemark>
        <Placemark>
          <name>-70</name>
          <description>
LAC: 38 CID: 447:2 RNC: 0 PSC: 151
ACCURACY: 11
CHANGE_TYPE: GPS
TIMESTAMP: 26 may 2026 5:45:08 p.m.</description>
          <styleUrl>#style_70</styleUrl>
          <Point>
            <coordinates>-77.085804,-12.030709</coordinates>
          </Point>
        </Placemark>
        <Placemark>
          <name>-69</name>
          <description>
LAC: 38 CID: 447:2 RNC: 0 PSC: 151
ACCURACY: 11
CHANGE_TYPE: GPS
TIMESTAMP: 26 may 2026 5:45:18 p.m.</description>
          <styleUrl>#style_70</styleUrl>
          <Point>
            <coordinates>-77.085884,-12.030662</coordinates>
          </Point>
        </Placemark>
        <Placemark>
          <name>-70</name>
          <description>
LAC: 38 CID: 447:2 RNC: 0 PSC: 151
ACCURACY: 11
CHANGE_TYPE: GPS
TIMESTAMP: 26 may 2026 5:45:23 p.m.</description>
          <styleUrl>#style_70</styleUrl>
          <Point>
            <coordinates>-77.08594,-12.030681</coordinates>
          </Point>
        </Placemark>
        <Placemark>
          <name>-69</name>
          <description>
LAC: 38 CID: 447:2 RNC: 0 PSC: 151
ACCURACY: 11
CHANGE_TYPE: GPS
TIMESTAMP: 26 may 2026 5:45:33 p.m.</description>
          <styleUrl>#style_70</styleUrl>
          <Point>
            <coordinates>-77.086024,-12.030677</coordinates>
          </Point>
        </Placemark>
        <Placemark>
          <name>-70</name>
          <description>
LAC: 38 CID: 447:2 RNC: 0 PSC: 151
ACCURACY: 11
CHANGE_TYPE: GPS
TIMESTAMP: 26 may 2026 5:45:38 p.m.</description>
          <styleUrl>#style_70</styleUrl>
          <Point>
            <coordinates>-77.086086,-12.030676</coordinates>
          </Point>
        </Placemark>
        <Placemark>
          <name>-72</name>
          <description>
LAC: 38 CID: 447:2 RNC: 0 PSC: 151
ACCURACY: 11
CHANGE_TYPE: GPS
TIMESTAMP: 26 may 2026 5:45:43 p.m.</description>
          <styleUrl>#style_70</styleUrl>
          <Point>
            <coordinates>-77.086148,-12.030681</coordinates>
          </Point>
        </Placemark>
        <Placemark>
          <name>-71</name>
          <description>
LAC: 38 CID: 447:2 RNC: 0 PSC: 151
ACCURACY: 11
CHANGE_TYPE: GPS
TIMESTAMP: 26 may 2026 5:45:48 p.m.</description>
          <styleUrl>#style_70</styleUrl>
          <Point>
            <coordinates>-77.086208,-12.030682</coordinates>
          </Point>
        </Placemark>
        <Placemark>
          <name>-67</name>
          <description>
LAC: 38 CID: 447:2 RNC: 0 PSC: 151
ACCURACY: 11
CHANGE_TYPE: GPS
TIMESTAMP: 26 may 2026 5:45:58 p.m.</description>
          <styleUrl>#style_80</styleUrl>
          <Point>
            <coordinates>-77.086282,-12.030694</coordinates>
          </Point>
        </Placemark>
        <Placemark>
          <name>-60</name>
          <description>
LAC: 38 CID: 447:2 RNC: 0 PSC: 151
ACCURACY: 10
CHANGE_TYPE: GPS
TIMESTAMP: 26 may 2026 5:46:58 p.m.</description>
          <styleUrl>#style_80</styleUrl>
          <Point>
            <coordinates>-77.08629,-12.030802</coordinates>
          </Point>
        </Placemark>
        <Placemark>
          <name>-60</name>
          <description>
LAC: 38 CID: 447:2 RNC: 0 PSC: 151
ACCURACY: 11
CHANGE_TYPE: GPS
TIMESTAMP: 26 may 2026 5:47:03 p.m.</description>
          <styleUrl>#style_80</styleUrl>
          <Point>
            <coordinates>-77.086328,-12.030849</coordinates>
          </Point>
        </Placemark>
        <Placemark>
          <name>-60</name>
          <description>
LAC: 38 CID: 447:2 RNC: 0 PSC: 151
ACCURACY: 11
CHANGE_TYPE: GPS
TIMESTAMP: 26 may 2026 5:47:08 p.m.</description>
          <styleUrl>#style_80</styleUrl>
          <Point>
            <coordinates>-77.086352,-12.030916</coordinates>
          </Point>
        </Placemark>
        <Placemark>
          <name>-62</name>
          <description>
LAC: 38 CID: 447:2 RNC: 0 PSC: 151
ACCURACY: 11
CHANGE_TYPE: GPS
TIMESTAMP: 26 may 2026 5:47:18 p.m.</description>
          <styleUrl>#style_80</styleUrl>
          <Point>
            <coordinates>-77.08636,-12.030988</coordinates>
          </Point>
        </Placemark>
        <Placemark>
          <name>-64</name>
          <description>
LAC: 38 CID: 447:2 RNC: 0 PSC: 151
ACCURACY: 11
CHANGE_TYPE: GPS
TIMESTAMP: 26 may 2026 5:47:28 p.m.</description>
          <styleUrl>#style_80</styleUrl>
          <Point>
            <coordinates>-77.086296,-12.031022</coordinates>
          </Point>
        </Placemark>
        <Placemark>
          <name>-61</name>
          <description>
LAC: 38 CID: 447:2 RNC: 0 PSC: 151
ACCURACY: 11
CHANGE_TYPE: GPS
TIMESTAMP: 26 may 2026 5:47:38 p.m.</description>
          <styleUrl>#style_80</styleUrl>
          <Point>
            <coordinates>-77.086338,-12.031102</coordinates>
          </Point>
        </Placemark>
        <Placemark>
          <name>-63</name>
          <description>
LAC: 38 CID: 447:2 RNC: 0 PSC: 151
ACCURACY: 11
CHANGE_TYPE: GPS
TIMESTAMP: 26 may 2026 5:47:43 p.m.</description>
          <styleUrl>#style_80</styleUrl>
          <Point>
            <coordinates>-77.086356,-12.031145</coordinates>
          </Point>
        </Placemark>
        <Placemark>
          <name>-60</name>
          <description>
LAC: 38 CID: 447:2 RNC: 0 PSC: 151
ACCURACY: 10
CHANGE_TYPE: GPS
TIMESTAMP: 26 may 2026 5:47:48 p.m.</description>
          <styleUrl>#style_80</styleUrl>
          <Point>
            <coordinates>-77.086406,-12.031195</coordinates>
          </Point>
        </Placemark>
        <Placemark>
          <name>-63</name>
          <description>
LAC: 38 CID: 447:2 RNC: 0 PSC: 151
ACCURACY: 10
CHANGE_TYPE: GPS
TIMESTAMP: 26 may 2026 5:47:53 p.m.</description>
          <styleUrl>#style_80</styleUrl>
          <Point>
            <coordinates>-77.08644,-12.031227</coordinates>
          </Point>
        </Placemark>
        <Placemark>
          <name>-69</name>
          <description>
LAC: 38 CID: 447:2 RNC: 0 PSC: 151
ACCURACY: 10
CHANGE_TYPE: GPS
TIMESTAMP: 26 may 2026 5:47:58 p.m.</description>
          <styleUrl>#style_70</styleUrl>
          <Point>
            <coordinates>-77.086466,-12.031275</coordinates>
          </Point>
        </Placemark>
        <Placemark>
          <name>-69</name>
          <description>
LAC: 38 CID: 447:2 RNC: 0 PSC: 151
ACCURACY: 10
CHANGE_TYPE: GPS
TIMESTAMP: 26 may 2026 5:48:03 p.m.</description>
          <styleUrl>#style_70</styleUrl>
          <Point>
            <coordinates>-77.086472,-12.031322</coordinates>
          </Point>
        </Placemark>
        <Placemark>
          <name>-77</name>
          <description>
LAC: 38 CID: 447:2 RNC: 0 PSC: 151
ACCURACY: 10
CHANGE_TYPE: GPS
TIMESTAMP: 26 may 2026 5:51:18 p.m.</description>
          <styleUrl>#style_60</styleUrl>
          <Point>
            <coordinates>-77.08607,-12.032089</coordinates>
          </Point>
        </Placemark>
        <Placemark>
          <name>-73</name>
          <description>
LAC: 38 CID: 447:2 RNC: 0 PSC: 151
ACCURACY: 11
CHANGE_TYPE: GPS
TIMESTAMP: 26 may 2026 5:51:23 p.m.</description>
          <styleUrl>#style_70</styleUrl>
          <Point>
            <coordinates>-77.086053,-12.032045</coordinates>
          </Point>
        </Placemark>
        <Placemark>
          <name>-73</name>
          <description>
LAC: 38 CID: 447:2 RNC: 0 PSC: 151
ACCURACY: 10
CHANGE_TYPE: GPS
TIMESTAMP: 26 may 2026 5:51:28 p.m.</description>
          <styleUrl>#style_70</styleUrl>
          <Point>
            <coordinates>-77.086027,-12.032</coordinates>
          </Point>
        </Placemark>
        <Placemark>
          <name>-67</name>
          <description>
LAC: 38 CID: 447:2 RNC: 0 PSC: 151
ACCURACY: 10
CHANGE_TYPE: GPS
TIMESTAMP: 26 may 2026 5:51:38 p.m.</description>
          <styleUrl>#style_80</styleUrl>
          <Point>
            <coordinates>-77.086003,-12.031918</coordinates>
          </Point>
        </Placemark>
        <Placemark>
          <name>-63</name>
          <description>
LAC: 38 CID: 447:2 RNC: 0 PSC: 151
ACCURACY: 10
CHANGE_TYPE: GPS
TIMESTAMP: 26 may 2026 5:51:48 p.m.</description>
          <styleUrl>#style_80</styleUrl>
          <Point>
            <coordinates>-77.085995,-12.03184</coordinates>
          </Point>
        </Placemark>
        <Placemark>
          <name>-63</name>
          <description>
LAC: 38 CID: 447:2 RNC: 0 PSC: 151
ACCURACY: 10
CHANGE_TYPE: GPS
TIMESTAMP: 26 may 2026 5:51:58 p.m.</description>
          <styleUrl>#style_80</styleUrl>
          <Point>
            <coordinates>-77.085942,-12.031763</coordinates>
          </Point>
        </Placemark>
        <Placemark>
          <name>-65</name>
          <description>
LAC: 38 CID: 447:2 RNC: 0 PSC: 151
ACCURACY: 10
CHANGE_TYPE: GPS
TIMESTAMP: 26 may 2026 5:52:18 p.m.</description>
          <styleUrl>#style_80</styleUrl>
          <Point>
            <coordinates>-77.085994,-12.031711</coordinates>
          </Point>
        </Placemark>
        <Placemark>
          <name>-68</name>
          <description>
LAC: 38 CID: 447:2 RNC: 0 PSC: 151
ACCURACY: 11
CHANGE_TYPE: GPS
TIMESTAMP: 26 may 2026 5:52:23 p.m.</description>
          <styleUrl>#style_70</styleUrl>
          <Point>
            <coordinates>-77.086047,-12.031725</coordinates>
          </Point>
        </Placemark>
        <Placemark>
          <name>-59</name>
          <description>
LAC: 38 CID: 447:2 RNC: 0 PSC: 151
ACCURACY: 11
CHANGE_TYPE: GPS
TIMESTAMP: 26 may 2026 5:52:58 p.m.</description>
          <styleUrl>#style_80</styleUrl>
          <Point>
            <coordinates>-77.086154,-12.031572</coordinates>
          </Point>
        </Placemark>
        <Placemark>
          <name>-63</name>
          <description>
LAC: 38 CID: 447:2 RNC: 0 PSC: 151
ACCURACY: 11
CHANGE_TYPE: GPS
TIMESTAMP: 26 may 2026 5:53:03 p.m.</description>
          <styleUrl>#style_80</styleUrl>
          <Point>
            <coordinates>-77.086195,-12.031533</coordinates>
          </Point>
        </Placemark>
        <Placemark>
          <name>-69</name>
          <description>
LAC: 38 CID: 447:2 RNC: 0 PSC: 151
ACCURACY: 10
CHANGE_TYPE: GPS
TIMESTAMP: 26 may 2026 5:53:13 p.m.</description>
          <styleUrl>#style_70</styleUrl>
          <Point>
            <coordinates>-77.086222,-12.031467</coordinates>
          </Point>
        </Placemark>
        <Placemark>
          <name>-74</name>
          <description>
LAC: 38 CID: 447:2 RNC: 0 PSC: 151
ACCURACY: 11
CHANGE_TYPE: GPS
TIMESTAMP: 26 may 2026 5:53:23 p.m.</description>
          <styleUrl>#style_70</styleUrl>
          <Point>
            <coordinates>-77.086213,-12.031399</coordinates>
          </Point>
        </Placemark>
        <Placemark>
          <name>-72</name>
          <description>
LAC: 38 CID: 447:2 RNC: 0 PSC: 151
ACCURACY: 10
CHANGE_TYPE: GPS
TIMESTAMP: 26 may 2026 5:53:28 p.m.</description>
          <styleUrl>#style_70</styleUrl>
          <Point>
            <coordinates>-77.086174,-12.031354</coordinates>
          </Point>
        </Placemark>
        <Placemark>
          <name>-72</name>
          <description>
LAC: 38 CID: 447:2 RNC: 0 PSC: 151
ACCURACY: 10
CHANGE_TYPE: GPS
TIMESTAMP: 26 may 2026 5:53:38 p.m.</description>
          <styleUrl>#style_70</styleUrl>
          <Point>
            <coordinates>-77.086118,-12.03132</coordinates>
          </Point>
        </Placemark>
        <Placemark>
          <name>-67</name>
          <description>
LAC: 38 CID: 447:2 RNC: 0 PSC: 151
ACCURACY: 10
CHANGE_TYPE: GPS
TIMESTAMP: 26 may 2026 5:53:48 p.m.</description>
          <styleUrl>#style_80</styleUrl>
          <Point>
            <coordinates>-77.086075,-12.031258</coordinates>
          </Point>
        </Placemark>
        <Placemark>
          <name>-62</name>
          <description>
LAC: 38 CID: 447:2 RNC: 0 PSC: 151
ACCURACY: 10
CHANGE_TYPE: GPS
TIMESTAMP: 26 may 2026 5:54:03 p.m.</description>
          <styleUrl>#style_80</styleUrl>
          <Point>
            <coordinates>-77.08601,-12.031209</coordinates>
          </Point>
        </Placemark>
        <Placemark>
          <name>-60</name>
          <description>
LAC: 38 CID: 447:2 RNC: 0 PSC: 151
ACCURACY: 10
CHANGE_TYPE: GPS
TIMESTAMP: 26 may 2026 5:54:08 p.m.</description>
          <styleUrl>#style_80</styleUrl>
          <Point>
            <coordinates>-77.085937,-12.031209</coordinates>
          </Point>
        </Placemark>
        <Placemark>
          <name>-61</name>
          <description>
LAC: 38 CID: 447:2 RNC: 0 PSC: 151
ACCURACY: 10
CHANGE_TYPE: GPS
TIMESTAMP: 26 may 2026 5:54:13 p.m.</description>
          <styleUrl>#style_80</styleUrl>
          <Point>
            <coordinates>-77.085889,-12.031211</coordinates>
          </Point>
        </Placemark>
        <Placemark>
          <name>-62</name>
          <description>
LAC: 38 CID: 447:2 RNC: 0 PSC: 151
ACCURACY: 10
CHANGE_TYPE: GPS
TIMESTAMP: 26 may 2026 5:54:18 p.m.</description>
          <styleUrl>#style_80</styleUrl>
          <Point>
            <coordinates>-77.085834,-12.031202</coordinates>
          </Point>
        </Placemark>
        <Placemark>
          <name>-58</name>
          <description>
LAC: 38 CID: 447:2 RNC: 0 PSC: 151
ACCURACY: 11
CHANGE_TYPE: GPS
TIMESTAMP: 26 may 2026 5:54:23 p.m.</description>
          <styleUrl>#style_80</styleUrl>
          <Point>
            <coordinates>-77.085789,-12.031189</coordinates>
          </Point>
        </Placemark>
        <Placemark>
          <name>-60</name>
          <description>
LAC: 38 CID: 447:2 RNC: 0 PSC: 151
ACCURACY: 11
CHANGE_TYPE: GPS
TIMESTAMP: 26 may 2026 5:54:33 p.m.</description>
          <styleUrl>#style_80</styleUrl>
          <Point>
            <coordinates>-77.085727,-12.03119</coordinates>
          </Point>
        </Placemark>
        <Placemark>
          <name>-63</name>
          <description>
LAC: 38 CID: 447:2 RNC: 0 PSC: 151
ACCURACY: 10
CHANGE_TYPE: GPS
TIMESTAMP: 26 may 2026 5:54:43 p.m.</description>
          <styleUrl>#style_80</styleUrl>
          <Point>
            <coordinates>-77.085672,-12.031165</coordinates>
          </Point>
        </Placemark>
        <Placemark>
          <name>-62</name>
          <description>
LAC: 38 CID: 447:2 RNC: 0 PSC: 151
ACCURACY: 11
CHANGE_TYPE: GPS
TIMESTAMP: 26 may 2026 5:54:48 p.m.</description>
          <styleUrl>#style_80</styleUrl>
          <Point>
            <coordinates>-77.085639,-12.031129</coordinates>
          </Point>
        </Placemark>
        <Placemark>
          <name>-69</name>
          <description>
LAC: 38 CID: 447:2 RNC: 0 PSC: 151
ACCURACY: 10
CHANGE_TYPE: GPS
TIMESTAMP: 26 may 2026 5:54:58 p.m.</description>
          <styleUrl>#style_70</styleUrl>
          <Point>
            <coordinates>-77.085556,-12.031124</coordinates>
          </Point>
        </Placemark>
        <Placemark>
          <name>-68</name>
          <description>
LAC: 38 CID: 447:2 RNC: 0 PSC: 151
ACCURACY: 10
CHANGE_TYPE: GPS
TIMESTAMP: 26 may 2026 5:55:13 p.m.</description>
          <styleUrl>#style_70</styleUrl>
          <Point>
            <coordinates>-77.085488,-12.031107</coordinates>
          </Point>
        </Placemark>
        <Placemark>
          <name>-66</name>
          <description>
LAC: 38 CID: 447:2 RNC: 0 PSC: 151
ACCURACY: 10
CHANGE_TYPE: GPS
TIMESTAMP: 26 may 2026 5:55:18 p.m.</description>
          <styleUrl>#style_80</styleUrl>
          <Point>
            <coordinates>-77.085439,-12.031121</coordinates>
          </Point>
        </Placemark>
        <Placemark>
          <name>-65</name>
          <description>
LAC: 38 CID: 447:2 RNC: 0 PSC: 151
ACCURACY: 12
CHANGE_TYPE: GPS
TIMESTAMP: 26 may 2026 5:55:28 p.m.</description>
          <styleUrl>#style_80</styleUrl>
          <Point>
            <coordinates>-77.085357,-12.031146</coordinates>
          </Point>
        </Placemark>
        <Placemark>
          <name>-69</name>
          <description>
LAC: 38 CID: 447:2 RNC: 0 PSC: 151
ACCURACY: 12
CHANGE_TYPE: GPS
TIMESTAMP: 26 may 2026 5:55:43 p.m.</description>
          <styleUrl>#style_70</styleUrl>
          <Point>
            <coordinates>-77.085301,-12.031212</coordinates>
          </Point>
        </Placemark>
        <Placemark>
          <name>-78</name>
          <description>
LAC: 38 CID: 447:2 RNC: 0 PSC: 151
ACCURACY: 12
CHANGE_TYPE: GPS
TIMESTAMP: 26 may 2026 5:55:48 p.m.</description>
          <styleUrl>#style_60</styleUrl>
          <Point>
            <coordinates>-77.085261,-12.031234</coordinates>
          </Point>
        </Placemark>
        <Placemark>
          <name>-79</name>
          <description>
LAC: 38 CID: 447:2 RNC: 0 PSC: 151
ACCURACY: 12
CHANGE_TYPE: GPS
TIMESTAMP: 26 may 2026 5:55:58 p.m.</description>
          <styleUrl>#style_60</styleUrl>
          <Point>
            <coordinates>-77.085216,-12.031284</coordinates>
          </Point>
        </Placemark>
        <Placemark>
          <name>-73</name>
          <description>
LAC: 38 CID: 447:2 RNC: 0 PSC: 151
ACCURACY: 13
CHANGE_TYPE: GPS
TIMESTAMP: 26 may 2026 5:56:03 p.m.</description>
          <styleUrl>#style_70</styleUrl>
          <Point>
            <coordinates>-77.085172,-12.031304</coordinates>
          </Point>
        </Placemark>
        <Placemark>
          <name>-72</name>
          <description>
LAC: 38 CID: 447:2 RNC: 0 PSC: 151
ACCURACY: 13
CHANGE_TYPE: GPS
TIMESTAMP: 26 may 2026 5:56:13 p.m.</description>
          <styleUrl>#style_70</styleUrl>
          <Point>
            <coordinates>-77.085121,-12.031333</coordinates>
          </Point>
        </Placemark>
        <Placemark>
          <name>-79</name>
          <description>
LAC: 38 CID: 447:2 RNC: 0 PSC: 151
ACCURACY: 12
CHANGE_TYPE: GPS
TIMESTAMP: 26 may 2026 5:56:23 p.m.</description>
          <styleUrl>#style_60</styleUrl>
          <Point>
            <coordinates>-77.085066,-12.031345</coordinates>
          </Point>
        </Placemark>
        <Placemark>
          <name>-79</name>
          <description>
LAC: 38 CID: 447:2 RNC: 0 PSC: 151
ACCURACY: 12
CHANGE_TYPE: GPS
TIMESTAMP: 26 may 2026 5:56:33 p.m.</description>
          <styleUrl>#style_60</styleUrl>
          <Point>
            <coordinates>-77.084993,-12.031363</coordinates>
          </Point>
        </Placemark>
      </Folder>
      <Folder>
        <open>0</open>
        <name>LAC: 38 CID: 447:3 RNC: 0 PSC: 152</name>
        <Placemark>
          <name>38/114435 LTE</name>
          <description>~1811 (yd), Provincia de Lima, Jirón Junín 3758, Callao 15106, Perú</description>
          <styleUrl>#style_cur</styleUrl>
          <Point>
            <coordinates>-77.08919,-12.029948</coordinates>
          </Point>
        </Placemark>
        <Placemark>
          <name>-105</name>
          <description>
LAC: 38 CID: 447:3 RNC: 0 PSC: 152
ACCURACY: 17
CHANGE_TYPE: CELL
TIMESTAMP: 26 may 2026 5:26:39 p.m.</description>
          <styleUrl>#style_40</styleUrl>
          <Point>
            <coordinates>-77.090282,-12.030192</coordinates>
          </Point>
        </Placemark>
        <Placemark>
          <name>-103</name>
          <description>
LAC: 38 CID: 447:3 RNC: 0 PSC: 152
ACCURACY: 14
CHANGE_TYPE: CELL
TIMESTAMP: 26 may 2026 5:27:03 p.m.</description>
          <styleUrl>#style_40</styleUrl>
          <Point>
            <coordinates>-77.090049,-12.030194</coordinates>
          </Point>
        </Placemark>
        <Placemark>
          <name>-1</name>
          <description>
LAC: 38 CID: 447:3 RNC: 0 PSC: 152
ACCURACY: 16
CHANGE_TYPE: CELL
TIMESTAMP: 26 may 2026 5:27:32 p.m.</description>
          <styleUrl>#style_0</styleUrl>
          <Point>
            <coordinates>-77.089762,-12.030238</coordinates>
          </Point>
        </Placemark>
        <Placemark>
          <name>-1</name>
          <description>
LAC: 38 CID: 447:3 RNC: 0 PSC: 152
ACCURACY: 11
CHANGE_TYPE: CELL
TIMESTAMP: 26 may 2026 5:27:57 p.m.</description>
          <styleUrl>#style_0</styleUrl>
          <Point>
            <coordinates>-77.08952,-12.030276</coordinates>
          </Point>
        </Placemark>
        <Placemark>
          <name>-1</name>
          <description>
LAC: 38 CID: 447:3 RNC: 0 PSC: 152
ACCURACY: 13
CHANGE_TYPE: CELL
TIMESTAMP: 26 may 2026 5:28:39 p.m.</description>
          <styleUrl>#style_0</styleUrl>
          <Point>
            <coordinates>-77.089149,-12.030342</coordinates>
          </Point>
        </Placemark>
        <Placemark>
          <name>-71</name>
          <description>
LAC: 38 CID: 447:3 RNC: 0 PSC: 152
ACCURACY: 10
CHANGE_TYPE: CELL
TIMESTAMP: 26 may 2026 5:52:05 p.m.</description>
          <styleUrl>#style_70</styleUrl>
          <Point>
            <coordinates>-77.085942,-12.031763</coordinates>
          </Point>
        </Placemark>
        <Placemark>
          <name>-105</name>
          <description>
LAC: 38 CID: 447:3 RNC: 0 PSC: 152
ACCURACY: 17
CHANGE_TYPE: DBM
TIMESTAMP: 26 may 2026 5:26:39 p.m.</description>
          <styleUrl>#style_40</styleUrl>
          <Point>
            <coordinates>-77.090282,-12.030192</coordinates>
          </Point>
        </Placemark>
        <Placemark>
          <name>-105</name>
          <description>
LAC: 38 CID: 447:3 RNC: 0 PSC: 152
ACCURACY: 14
CHANGE_TYPE: DBM
TIMESTAMP: 26 may 2026 5:26:40 p.m.</description>
          <styleUrl>#style_40</styleUrl>
          <Point>
            <coordinates>-77.090229,-12.030227</coordinates>
          </Point>
        </Placemark>
        <Placemark>
          <name>-108</name>
          <description>
LAC: 38 CID: 447:3 RNC: 0 PSC: 152
ACCURACY: 14
CHANGE_TYPE: DBM
TIMESTAMP: 26 may 2026 5:26:41 p.m.</description>
          <styleUrl>#style_30</styleUrl>
          <Point>
            <coordinates>-77.090229,-12.030227</coordinates>
          </Point>
        </Placemark>
        <Placemark>
          <name>-103</name>
          <description>
LAC: 38 CID: 447:3 RNC: 0 PSC: 152
ACCURACY: 14
CHANGE_TYPE: DBM
TIMESTAMP: 26 may 2026 5:27:03 p.m.</description>
          <styleUrl>#style_40</styleUrl>
          <Point>
            <coordinates>-77.090049,-12.030194</coordinates>
          </Point>
        </Placemark>
        <Placemark>
          <name>-103</name>
          <description>
LAC: 38 CID: 447:3 RNC: 0 PSC: 152
ACCURACY: 14
CHANGE_TYPE: DBM
TIMESTAMP: 26 may 2026 5:27:05 p.m.</description>
          <styleUrl>#style_40</styleUrl>
          <Point>
            <coordinates>-77.090005,-12.030177</coordinates>
          </Point>
        </Placemark>
        <Placemark>
          <name>-103</name>
          <description>
LAC: 38 CID: 447:3 RNC: 0 PSC: 152
ACCURACY: 14
CHANGE_TYPE: DBM
TIMESTAMP: 26 may 2026 5:27:06 p.m.</description>
          <styleUrl>#style_40</styleUrl>
          <Point>
            <coordinates>-77.090005,-12.030177</coordinates>
          </Point>
        </Placemark>
        <Placemark>
          <name>-103</name>
          <description>
LAC: 38 CID: 447:3 RNC: 0 PSC: 152
ACCURACY: 14
CHANGE_TYPE: DBM
TIMESTAMP: 26 may 2026 5:27:07 p.m.</description>
          <styleUrl>#style_40</styleUrl>
          <Point>
            <coordinates>-77.090005,-12.030177</coordinates>
          </Point>
        </Placemark>
        <Placemark>
          <name>-105</name>
          <description>
LAC: 38 CID: 447:3 RNC: 0 PSC: 152
ACCURACY: 14
CHANGE_TYPE: DBM
TIMESTAMP: 26 may 2026 5:27:08 p.m.</description>
          <styleUrl>#style_40</styleUrl>
          <Point>
            <coordinates>-77.090005,-12.030177</coordinates>
          </Point>
        </Placemark>
        <Placemark>
          <name>-105</name>
          <description>
LAC: 38 CID: 447:3 RNC: 0 PSC: 152
ACCURACY: 14
CHANGE_TYPE: DBM
TIMESTAMP: 26 may 2026 5:27:09 p.m.</description>
          <styleUrl>#style_40</styleUrl>
          <Point>
            <coordinates>-77.090005,-12.030177</coordinates>
          </Point>
        </Placemark>
        <Placemark>
          <name>-102</name>
          <description>
LAC: 38 CID: 447:3 RNC: 0 PSC: 152
ACCURACY: 14
CHANGE_TYPE: DBM
TIMESTAMP: 26 may 2026 5:27:10 p.m.</description>
          <styleUrl>#style_40</styleUrl>
          <Point>
            <coordinates>-77.090005,-12.030177</coordinates>
          </Point>
        </Placemark>
        <Placemark>
          <name>-100</name>
          <description>
LAC: 38 CID: 447:3 RNC: 0 PSC: 152
ACCURACY: 14
CHANGE_TYPE: DBM
TIMESTAMP: 26 may 2026 5:27:12 p.m.</description>
          <styleUrl>#style_40</styleUrl>
          <Point>
            <coordinates>-77.090005,-12.030177</coordinates>
          </Point>
        </Placemark>
        <Placemark>
          <name>-100</name>
          <description>
LAC: 38 CID: 447:3 RNC: 0 PSC: 152
ACCURACY: 14
CHANGE_TYPE: DBM
TIMESTAMP: 26 may 2026 5:27:13 p.m.</description>
          <styleUrl>#style_40</styleUrl>
          <Point>
            <coordinates>-77.090005,-12.030177</coordinates>
          </Point>
        </Placemark>
        <Placemark>
          <name>-103</name>
          <description>
LAC: 38 CID: 447:3 RNC: 0 PSC: 152
ACCURACY: 14
CHANGE_TYPE: DBM
TIMESTAMP: 26 may 2026 5:27:14 p.m.</description>
          <styleUrl>#style_40</styleUrl>
          <Point>
            <coordinates>-77.090005,-12.030177</coordinates>
          </Point>
        </Placemark>
        <Placemark>
          <name>-103</name>
          <description>
LAC: 38 CID: 447:3 RNC: 0 PSC: 152
ACCURACY: 15
CHANGE_TYPE: DBM
TIMESTAMP: 26 may 2026 5:27:15 p.m.</description>
          <styleUrl>#style_40</styleUrl>
          <Point>
            <coordinates>-77.089932,-12.030163</coordinates>
          </Point>
        </Placemark>
        <Placemark>
          <name>-101</name>
          <description>
LAC: 38 CID: 447:3 RNC: 0 PSC: 152
ACCURACY: 15
CHANGE_TYPE: DBM
TIMESTAMP: 26 may 2026 5:27:16 p.m.</description>
          <styleUrl>#style_40</styleUrl>
          <Point>
            <coordinates>-77.089932,-12.030163</coordinates>
          </Point>
        </Placemark>
        <Placemark>
          <name>-103</name>
          <description>
LAC: 38 CID: 447:3 RNC: 0 PSC: 152
ACCURACY: 15
CHANGE_TYPE: DBM
TIMESTAMP: 26 may 2026 5:27:18 p.m.</description>
          <styleUrl>#style_40</styleUrl>
          <Point>
            <coordinates>-77.089932,-12.030163</coordinates>
          </Point>
        </Placemark>
        <Placemark>
          <name>-105</name>
          <description>
LAC: 38 CID: 447:3 RNC: 0 PSC: 152
ACCURACY: 15
CHANGE_TYPE: DBM
TIMESTAMP: 26 may 2026 5:27:20 p.m.</description>
          <styleUrl>#style_40</styleUrl>
          <Point>
            <coordinates>-77.089868,-12.030199</coordinates>
          </Point>
        </Placemark>
        <Placemark>
          <name>-105</name>
          <description>
LAC: 38 CID: 447:3 RNC: 0 PSC: 152
ACCURACY: 15
CHANGE_TYPE: DBM
TIMESTAMP: 26 may 2026 5:27:21 p.m.</description>
          <styleUrl>#style_40</styleUrl>
          <Point>
            <coordinates>-77.089868,-12.030199</coordinates>
          </Point>
        </Placemark>
        <Placemark>
          <name>-101</name>
          <description>
LAC: 38 CID: 447:3 RNC: 0 PSC: 152
ACCURACY: 15
CHANGE_TYPE: DBM
TIMESTAMP: 26 may 2026 5:27:22 p.m.</description>
          <styleUrl>#style_40</styleUrl>
          <Point>
            <coordinates>-77.089868,-12.030199</coordinates>
          </Point>
        </Placemark>
        <Placemark>
          <name>-101</name>
          <description>
LAC: 38 CID: 447:3 RNC: 0 PSC: 152
ACCURACY: 15
CHANGE_TYPE: DBM
TIMESTAMP: 26 may 2026 5:27:24 p.m.</description>
          <styleUrl>#style_40</styleUrl>
          <Point>
            <coordinates>-77.089868,-12.030199</coordinates>
          </Point>
        </Placemark>
        <Placemark>
          <name>-101</name>
          <description>
LAC: 38 CID: 447:3 RNC: 0 PSC: 152
ACCURACY: 14
CHANGE_TYPE: DBM
TIMESTAMP: 26 may 2026 5:27:25 p.m.</description>
          <styleUrl>#style_40</styleUrl>
          <Point>
            <coordinates>-77.089814,-12.030228</coordinates>
          </Point>
        </Placemark>
        <Placemark>
          <name>-102</name>
          <description>
LAC: 38 CID: 447:3 RNC: 0 PSC: 152
ACCURACY: 14
CHANGE_TYPE: DBM
TIMESTAMP: 26 may 2026 5:27:26 p.m.</description>
          <styleUrl>#style_40</styleUrl>
          <Point>
            <coordinates>-77.089814,-12.030228</coordinates>
          </Point>
        </Placemark>
        <Placemark>
          <name>-102</name>
          <description>
LAC: 38 CID: 447:3 RNC: 0 PSC: 152
ACCURACY: 14
CHANGE_TYPE: DBM
TIMESTAMP: 26 may 2026 5:27:27 p.m.</description>
          <styleUrl>#style_40</styleUrl>
          <Point>
            <coordinates>-77.089814,-12.030228</coordinates>
          </Point>
        </Placemark>
        <Placemark>
          <name>-1</name>
          <description>
LAC: 38 CID: 447:3 RNC: 0 PSC: 152
ACCURACY: 16
CHANGE_TYPE: DBM
TIMESTAMP: 26 may 2026 5:27:32 p.m.</description>
          <styleUrl>#style_0</styleUrl>
          <Point>
            <coordinates>-77.089762,-12.030238</coordinates>
          </Point>
        </Placemark>
        <Placemark>
          <name>-1</name>
          <description>
LAC: 38 CID: 447:3 RNC: 0 PSC: 152
ACCURACY: 16
CHANGE_TYPE: DBM
TIMESTAMP: 26 may 2026 5:27:33 p.m.</description>
          <styleUrl>#style_0</styleUrl>
          <Point>
            <coordinates>-77.089762,-12.030238</coordinates>
          </Point>
        </Placemark>
        <Placemark>
          <name>-98</name>
          <description>
LAC: 38 CID: 447:3 RNC: 0 PSC: 152
ACCURACY: 16
CHANGE_TYPE: DBM
TIMESTAMP: 26 may 2026 5:27:34 p.m.</description>
          <styleUrl>#style_40</styleUrl>
          <Point>
            <coordinates>-77.089762,-12.030238</coordinates>
          </Point>
        </Placemark>
        <Placemark>
          <name>-98</name>
          <description>
LAC: 38 CID: 447:3 RNC: 0 PSC: 152
ACCURACY: 14
CHANGE_TYPE: DBM
TIMESTAMP: 26 may 2026 5:27:35 p.m.</description>
          <styleUrl>#style_40</styleUrl>
          <Point>
            <coordinates>-77.08971,-12.030273</coordinates>
          </Point>
        </Placemark>
        <Placemark>
          <name>-104</name>
          <description>
LAC: 38 CID: 447:3 RNC: 0 PSC: 152
ACCURACY: 14
CHANGE_TYPE: DBM
TIMESTAMP: 26 may 2026 5:27:36 p.m.</description>
          <styleUrl>#style_40</styleUrl>
          <Point>
            <coordinates>-77.08971,-12.030273</coordinates>
          </Point>
        </Placemark>
        <Placemark>
          <name>-104</name>
          <description>
LAC: 38 CID: 447:3 RNC: 0 PSC: 152
ACCURACY: 14
CHANGE_TYPE: DBM
TIMESTAMP: 26 may 2026 5:27:37 p.m.</description>
          <styleUrl>#style_40</styleUrl>
          <Point>
            <coordinates>-77.08971,-12.030273</coordinates>
          </Point>
        </Placemark>
        <Placemark>
          <name>-101</name>
          <description>
LAC: 38 CID: 447:3 RNC: 0 PSC: 152
ACCURACY: 14
CHANGE_TYPE: DBM
TIMESTAMP: 26 may 2026 5:27:38 p.m.</description>
          <styleUrl>#style_40</styleUrl>
          <Point>
            <coordinates>-77.08971,-12.030273</coordinates>
          </Point>
        </Placemark>
        <Placemark>
          <name>-101</name>
          <description>
LAC: 38 CID: 447:3 RNC: 0 PSC: 152
ACCURACY: 13
CHANGE_TYPE: DBM
TIMESTAMP: 26 may 2026 5:27:39 p.m.</description>
          <styleUrl>#style_40</styleUrl>
          <Point>
            <coordinates>-77.089655,-12.03028</coordinates>
          </Point>
        </Placemark>
        <Placemark>
          <name>-103</name>
          <description>
LAC: 38 CID: 447:3 RNC: 0 PSC: 152
ACCURACY: 13
CHANGE_TYPE: DBM
TIMESTAMP: 26 may 2026 5:27:40 p.m.</description>
          <styleUrl>#style_40</styleUrl>
          <Point>
            <coordinates>-77.089655,-12.03028</coordinates>
          </Point>
        </Placemark>
        <Placemark>
          <name>-103</name>
          <description>
LAC: 38 CID: 447:3 RNC: 0 PSC: 152
ACCURACY: 13
CHANGE_TYPE: DBM
TIMESTAMP: 26 may 2026 5:27:42 p.m.</description>
          <styleUrl>#style_40</styleUrl>
          <Point>
            <coordinates>-77.089655,-12.03028</coordinates>
          </Point>
        </Placemark>
        <Placemark>
          <name>-100</name>
          <description>
LAC: 38 CID: 447:3 RNC: 0 PSC: 152
ACCURACY: 13
CHANGE_TYPE: DBM
TIMESTAMP: 26 may 2026 5:27:43 p.m.</description>
          <styleUrl>#style_40</styleUrl>
          <Point>
            <coordinates>-77.089655,-12.03028</coordinates>
          </Point>
        </Placemark>
        <Placemark>
          <name>-100</name>
          <description>
LAC: 38 CID: 447:3 RNC: 0 PSC: 152
ACCURACY: 13
CHANGE_TYPE: DBM
TIMESTAMP: 26 may 2026 5:27:44 p.m.</description>
          <styleUrl>#style_40</styleUrl>
          <Point>
            <coordinates>-77.089655,-12.03028</coordinates>
          </Point>
        </Placemark>
        <Placemark>
          <name>-104</name>
          <description>
LAC: 38 CID: 447:3 RNC: 0 PSC: 152
ACCURACY: 12
CHANGE_TYPE: DBM
TIMESTAMP: 26 may 2026 5:27:45 p.m.</description>
          <styleUrl>#style_40</styleUrl>
          <Point>
            <coordinates>-77.089602,-12.030294</coordinates>
          </Point>
        </Placemark>
        <Placemark>
          <name>-105</name>
          <description>
LAC: 38 CID: 447:3 RNC: 0 PSC: 152
ACCURACY: 12
CHANGE_TYPE: DBM
TIMESTAMP: 26 may 2026 5:27:47 p.m.</description>
          <styleUrl>#style_40</styleUrl>
          <Point>
            <coordinates>-77.089602,-12.030294</coordinates>
          </Point>
        </Placemark>
        <Placemark>
          <name>-105</name>
          <description>
LAC: 38 CID: 447:3 RNC: 0 PSC: 152
ACCURACY: 12
CHANGE_TYPE: DBM
TIMESTAMP: 26 may 2026 5:27:48 p.m.</description>
          <styleUrl>#style_40</styleUrl>
          <Point>
            <coordinates>-77.089602,-12.030294</coordinates>
          </Point>
        </Placemark>
        <Placemark>
          <name>-105</name>
          <description>
LAC: 38 CID: 447:3 RNC: 0 PSC: 152
ACCURACY: 12
CHANGE_TYPE: DBM
TIMESTAMP: 26 may 2026 5:27:49 p.m.</description>
          <styleUrl>#style_40</styleUrl>
          <Point>
            <coordinates>-77.089602,-12.030294</coordinates>
          </Point>
        </Placemark>
        <Placemark>
          <name>-105</name>
          <description>
LAC: 38 CID: 447:3 RNC: 0 PSC: 152
ACCURACY: 12
CHANGE_TYPE: DBM
TIMESTAMP: 26 may 2026 5:27:50 p.m.</description>
          <styleUrl>#style_40</styleUrl>
          <Point>
            <coordinates>-77.089602,-12.030294</coordinates>
          </Point>
        </Placemark>
        <Placemark>
          <name>-107</name>
          <description>
LAC: 38 CID: 447:3 RNC: 0 PSC: 152
ACCURACY: 12
CHANGE_TYPE: DBM
TIMESTAMP: 26 may 2026 5:27:51 p.m.</description>
          <styleUrl>#style_30</styleUrl>
          <Point>
            <coordinates>-77.089602,-12.030294</coordinates>
          </Point>
        </Placemark>
        <Placemark>
          <name>-107</name>
          <description>
LAC: 38 CID: 447:3 RNC: 0 PSC: 152
ACCURACY: 12
CHANGE_TYPE: DBM
TIMESTAMP: 26 may 2026 5:27:52 p.m.</description>
          <styleUrl>#style_30</styleUrl>
          <Point>
            <coordinates>-77.089602,-12.030294</coordinates>
          </Point>
        </Placemark>
        <Placemark>
          <name>-103</name>
          <description>
LAC: 38 CID: 447:3 RNC: 0 PSC: 152
ACCURACY: 12
CHANGE_TYPE: DBM
TIMESTAMP: 26 may 2026 5:27:53 p.m.</description>
          <styleUrl>#style_40</styleUrl>
          <Point>
            <coordinates>-77.089602,-12.030294</coordinates>
          </Point>
        </Placemark>
        <Placemark>
          <name>-103</name>
          <description>
LAC: 38 CID: 447:3 RNC: 0 PSC: 152
ACCURACY: 12
CHANGE_TYPE: DBM
TIMESTAMP: 26 may 2026 5:27:54 p.m.</description>
          <styleUrl>#style_40</styleUrl>
          <Point>
            <coordinates>-77.089602,-12.030294</coordinates>
          </Point>
        </Placemark>
        <Placemark>
          <name>-1</name>
          <description>
LAC: 38 CID: 447:3 RNC: 0 PSC: 152
ACCURACY: 11
CHANGE_TYPE: DBM
TIMESTAMP: 26 may 2026 5:27:57 p.m.</description>
          <styleUrl>#style_0</styleUrl>
          <Point>
            <coordinates>-77.08952,-12.030276</coordinates>
          </Point>
        </Placemark>
        <Placemark>
          <name>-1</name>
          <description>
LAC: 38 CID: 447:3 RNC: 0 PSC: 152
ACCURACY: 11
CHANGE_TYPE: DBM
TIMESTAMP: 26 may 2026 5:27:58 p.m.</description>
          <styleUrl>#style_0</styleUrl>
          <Point>
            <coordinates>-77.08952,-12.030276</coordinates>
          </Point>
        </Placemark>
        <Placemark>
          <name>-1</name>
          <description>
LAC: 38 CID: 447:3 RNC: 0 PSC: 152
ACCURACY: 11
CHANGE_TYPE: DBM
TIMESTAMP: 26 may 2026 5:27:59 p.m.</description>
          <styleUrl>#style_0</styleUrl>
          <Point>
            <coordinates>-77.08952,-12.030276</coordinates>
          </Point>
        </Placemark>
        <Placemark>
          <name>-1</name>
          <description>
LAC: 38 CID: 447:3 RNC: 0 PSC: 152
ACCURACY: 11
CHANGE_TYPE: DBM
TIMESTAMP: 26 may 2026 5:28:00 p.m.</description>
          <styleUrl>#style_0</styleUrl>
          <Point>
            <coordinates>-77.08952,-12.030276</coordinates>
          </Point>
        </Placemark>
        <Placemark>
          <name>-95</name>
          <description>
LAC: 38 CID: 447:3 RNC: 0 PSC: 152
ACCURACY: 11
CHANGE_TYPE: DBM
TIMESTAMP: 26 may 2026 5:28:01 p.m.</description>
          <styleUrl>#style_50</styleUrl>
          <Point>
            <coordinates>-77.08952,-12.030276</coordinates>
          </Point>
        </Placemark>
        <Placemark>
          <name>-95</name>
          <description>
LAC: 38 CID: 447:3 RNC: 0 PSC: 152
ACCURACY: 11
CHANGE_TYPE: DBM
TIMESTAMP: 26 may 2026 5:28:02 p.m.</description>
          <styleUrl>#style_50</styleUrl>
          <Point>
            <coordinates>-77.08952,-12.030276</coordinates>
          </Point>
        </Placemark>
        <Placemark>
          <name>-98</name>
          <description>
LAC: 38 CID: 447:3 RNC: 0 PSC: 152
ACCURACY: 11
CHANGE_TYPE: DBM
TIMESTAMP: 26 may 2026 5:28:03 p.m.</description>
          <styleUrl>#style_40</styleUrl>
          <Point>
            <coordinates>-77.08952,-12.030276</coordinates>
          </Point>
        </Placemark>
        <Placemark>
          <name>-98</name>
          <description>
LAC: 38 CID: 447:3 RNC: 0 PSC: 152
ACCURACY: 11
CHANGE_TYPE: DBM
TIMESTAMP: 26 may 2026 5:28:04 p.m.</description>
          <styleUrl>#style_40</styleUrl>
          <Point>
            <coordinates>-77.08952,-12.030276</coordinates>
          </Point>
        </Placemark>
        <Placemark>
          <name>-99</name>
          <description>
LAC: 38 CID: 447:3 RNC: 0 PSC: 152
ACCURACY: 11
CHANGE_TYPE: DBM
TIMESTAMP: 26 may 2026 5:28:05 p.m.</description>
          <styleUrl>#style_40</styleUrl>
          <Point>
            <coordinates>-77.089455,-12.030262</coordinates>
          </Point>
        </Placemark>
        <Placemark>
          <name>-94</name>
          <description>
LAC: 38 CID: 447:3 RNC: 0 PSC: 152
ACCURACY: 11
CHANGE_TYPE: DBM
TIMESTAMP: 26 may 2026 5:28:07 p.m.</description>
          <styleUrl>#style_50</styleUrl>
          <Point>
            <coordinates>-77.089455,-12.030262</coordinates>
          </Point>
        </Placemark>
        <Placemark>
          <name>-100</name>
          <description>
LAC: 38 CID: 447:3 RNC: 0 PSC: 152
ACCURACY: 11
CHANGE_TYPE: DBM
TIMESTAMP: 26 may 2026 5:28:09 p.m.</description>
          <styleUrl>#style_40</styleUrl>
          <Point>
            <coordinates>-77.089455,-12.030262</coordinates>
          </Point>
        </Placemark>
        <Placemark>
          <name>-100</name>
          <description>
LAC: 38 CID: 447:3 RNC: 0 PSC: 152
ACCURACY: 12
CHANGE_TYPE: DBM
TIMESTAMP: 26 may 2026 5:28:10 p.m.</description>
          <styleUrl>#style_40</styleUrl>
          <Point>
            <coordinates>-77.089405,-12.030264</coordinates>
          </Point>
        </Placemark>
        <Placemark>
          <name>-94</name>
          <description>
LAC: 38 CID: 447:3 RNC: 0 PSC: 152
ACCURACY: 12
CHANGE_TYPE: DBM
TIMESTAMP: 26 may 2026 5:28:11 p.m.</description>
          <styleUrl>#style_50</styleUrl>
          <Point>
            <coordinates>-77.089405,-12.030264</coordinates>
          </Point>
        </Placemark>
        <Placemark>
          <name>-94</name>
          <description>
LAC: 38 CID: 447:3 RNC: 0 PSC: 152
ACCURACY: 12
CHANGE_TYPE: DBM
TIMESTAMP: 26 may 2026 5:28:13 p.m.</description>
          <styleUrl>#style_50</styleUrl>
          <Point>
            <coordinates>-77.089405,-12.030264</coordinates>
          </Point>
        </Placemark>
        <Placemark>
          <name>-93</name>
          <description>
LAC: 38 CID: 447:3 RNC: 0 PSC: 152
ACCURACY: 12
CHANGE_TYPE: DBM
TIMESTAMP: 26 may 2026 5:28:14 p.m.</description>
          <styleUrl>#style_50</styleUrl>
          <Point>
            <coordinates>-77.089405,-12.030264</coordinates>
          </Point>
        </Placemark>
        <Placemark>
          <name>-88</name>
          <description>
LAC: 38 CID: 447:3 RNC: 0 PSC: 152
ACCURACY: 12
CHANGE_TYPE: DBM
TIMESTAMP: 26 may 2026 5:28:16 p.m.</description>
          <styleUrl>#style_50</styleUrl>
          <Point>
            <coordinates>-77.089405,-12.030264</coordinates>
          </Point>
        </Placemark>
        <Placemark>
          <name>-88</name>
          <description>
LAC: 38 CID: 447:3 RNC: 0 PSC: 152
ACCURACY: 12
CHANGE_TYPE: DBM
TIMESTAMP: 26 may 2026 5:28:17 p.m.</description>
          <styleUrl>#style_50</styleUrl>
          <Point>
            <coordinates>-77.089405,-12.030264</coordinates>
          </Point>
        </Placemark>
        <Placemark>
          <name>-89</name>
          <description>
LAC: 38 CID: 447:3 RNC: 0 PSC: 152
ACCURACY: 12
CHANGE_TYPE: DBM
TIMESTAMP: 26 may 2026 5:28:18 p.m.</description>
          <styleUrl>#style_50</styleUrl>
          <Point>
            <coordinates>-77.089405,-12.030264</coordinates>
          </Point>
        </Placemark>
        <Placemark>
          <name>-89</name>
          <description>
LAC: 38 CID: 447:3 RNC: 0 PSC: 152
ACCURACY: 12
CHANGE_TYPE: DBM
TIMESTAMP: 26 may 2026 5:28:19 p.m.</description>
          <styleUrl>#style_50</styleUrl>
          <Point>
            <coordinates>-77.089405,-12.030264</coordinates>
          </Point>
        </Placemark>
        <Placemark>
          <name>-91</name>
          <description>
LAC: 38 CID: 447:3 RNC: 0 PSC: 152
ACCURACY: 12
CHANGE_TYPE: DBM
TIMESTAMP: 26 may 2026 5:28:20 p.m.</description>
          <styleUrl>#style_50</styleUrl>
          <Point>
            <coordinates>-77.089332,-12.030258</coordinates>
          </Point>
        </Placemark>
        <Placemark>
          <name>-91</name>
          <description>
LAC: 38 CID: 447:3 RNC: 0 PSC: 152
ACCURACY: 12
CHANGE_TYPE: DBM
TIMESTAMP: 26 may 2026 5:28:21 p.m.</description>
          <styleUrl>#style_50</styleUrl>
          <Point>
            <coordinates>-77.089332,-12.030258</coordinates>
          </Point>
        </Placemark>
        <Placemark>
          <name>-94</name>
          <description>
LAC: 38 CID: 447:3 RNC: 0 PSC: 152
ACCURACY: 12
CHANGE_TYPE: DBM
TIMESTAMP: 26 may 2026 5:28:22 p.m.</description>
          <styleUrl>#style_50</styleUrl>
          <Point>
            <coordinates>-77.089332,-12.030258</coordinates>
          </Point>
        </Placemark>
        <Placemark>
          <name>-94</name>
          <description>
LAC: 38 CID: 447:3 RNC: 0 PSC: 152
ACCURACY: 12
CHANGE_TYPE: DBM
TIMESTAMP: 26 may 2026 5:28:23 p.m.</description>
          <styleUrl>#style_50</styleUrl>
          <Point>
            <coordinates>-77.089332,-12.030258</coordinates>
          </Point>
        </Placemark>
        <Placemark>
          <name>-92</name>
          <description>
LAC: 38 CID: 447:3 RNC: 0 PSC: 152
ACCURACY: 12
CHANGE_TYPE: DBM
TIMESTAMP: 26 may 2026 5:28:24 p.m.</description>
          <styleUrl>#style_50</styleUrl>
          <Point>
            <coordinates>-77.089332,-12.030258</coordinates>
          </Point>
        </Placemark>
        <Placemark>
          <name>-92</name>
          <description>
LAC: 38 CID: 447:3 RNC: 0 PSC: 152
ACCURACY: 12
CHANGE_TYPE: DBM
TIMESTAMP: 26 may 2026 5:28:25 p.m.</description>
          <styleUrl>#style_50</styleUrl>
          <Point>
            <coordinates>-77.089273,-12.030278</coordinates>
          </Point>
        </Placemark>
        <Placemark>
          <name>-91</name>
          <description>
LAC: 38 CID: 447:3 RNC: 0 PSC: 152
ACCURACY: 12
CHANGE_TYPE: DBM
TIMESTAMP: 26 may 2026 5:28:26 p.m.</description>
          <styleUrl>#style_50</styleUrl>
          <Point>
            <coordinates>-77.089273,-12.030278</coordinates>
          </Point>
        </Placemark>
        <Placemark>
          <name>-91</name>
          <description>
LAC: 38 CID: 447:3 RNC: 0 PSC: 152
ACCURACY: 12
CHANGE_TYPE: DBM
TIMESTAMP: 26 may 2026 5:28:27 p.m.</description>
          <styleUrl>#style_50</styleUrl>
          <Point>
            <coordinates>-77.089273,-12.030278</coordinates>
          </Point>
        </Placemark>
        <Placemark>
          <name>-89</name>
          <description>
LAC: 38 CID: 447:3 RNC: 0 PSC: 152
ACCURACY: 12
CHANGE_TYPE: DBM
TIMESTAMP: 26 may 2026 5:28:28 p.m.</description>
          <styleUrl>#style_50</styleUrl>
          <Point>
            <coordinates>-77.089273,-12.030278</coordinates>
          </Point>
        </Placemark>
        <Placemark>
          <name>-83</name>
          <description>
LAC: 38 CID: 447:3 RNC: 0 PSC: 152
ACCURACY: 12
CHANGE_TYPE: DBM
TIMESTAMP: 26 may 2026 5:28:30 p.m.</description>
          <styleUrl>#style_60</styleUrl>
          <Point>
            <coordinates>-77.089209,-12.030314</coordinates>
          </Point>
        </Placemark>
        <Placemark>
          <name>-87</name>
          <description>
LAC: 38 CID: 447:3 RNC: 0 PSC: 152
ACCURACY: 12
CHANGE_TYPE: DBM
TIMESTAMP: 26 may 2026 5:28:32 p.m.</description>
          <styleUrl>#style_50</styleUrl>
          <Point>
            <coordinates>-77.089209,-12.030314</coordinates>
          </Point>
        </Placemark>
        <Placemark>
          <name>-94</name>
          <description>
LAC: 38 CID: 447:3 RNC: 0 PSC: 152
ACCURACY: 12
CHANGE_TYPE: DBM
TIMESTAMP: 26 may 2026 5:28:34 p.m.</description>
          <styleUrl>#style_50</styleUrl>
          <Point>
            <coordinates>-77.089209,-12.030314</coordinates>
          </Point>
        </Placemark>
        <Placemark>
          <name>-94</name>
          <description>
LAC: 38 CID: 447:3 RNC: 0 PSC: 152
ACCURACY: 13
CHANGE_TYPE: DBM
TIMESTAMP: 26 may 2026 5:28:35 p.m.</description>
          <styleUrl>#style_50</styleUrl>
          <Point>
            <coordinates>-77.089149,-12.030342</coordinates>
          </Point>
        </Placemark>
        <Placemark>
          <name>-95</name>
          <description>
LAC: 38 CID: 447:3 RNC: 0 PSC: 152
ACCURACY: 13
CHANGE_TYPE: DBM
TIMESTAMP: 26 may 2026 5:28:36 p.m.</description>
          <styleUrl>#style_50</styleUrl>
          <Point>
            <coordinates>-77.089149,-12.030342</coordinates>
          </Point>
        </Placemark>
        <Placemark>
          <name>-95</name>
          <description>
LAC: 38 CID: 447:3 RNC: 0 PSC: 152
ACCURACY: 13
CHANGE_TYPE: DBM
TIMESTAMP: 26 may 2026 5:28:37 p.m.</description>
          <styleUrl>#style_50</styleUrl>
          <Point>
            <coordinates>-77.089149,-12.030342</coordinates>
          </Point>
        </Placemark>
        <Placemark>
          <name>-1</name>
          <description>
LAC: 38 CID: 447:3 RNC: 0 PSC: 152
ACCURACY: 13
CHANGE_TYPE: DBM
TIMESTAMP: 26 may 2026 5:28:39 p.m.</description>
          <styleUrl>#style_0</styleUrl>
          <Point>
            <coordinates>-77.089149,-12.030342</coordinates>
          </Point>
        </Placemark>
        <Placemark>
          <name>-1</name>
          <description>
LAC: 38 CID: 447:3 RNC: 0 PSC: 152
ACCURACY: 14
CHANGE_TYPE: DBM
TIMESTAMP: 26 may 2026 5:28:40 p.m.</description>
          <styleUrl>#style_0</styleUrl>
          <Point>
            <coordinates>-77.089092,-12.030327</coordinates>
          </Point>
        </Placemark>
        <Placemark>
          <name>-94</name>
          <description>
LAC: 38 CID: 447:3 RNC: 0 PSC: 152
ACCURACY: 14
CHANGE_TYPE: DBM
TIMESTAMP: 26 may 2026 5:28:41 p.m.</description>
          <styleUrl>#style_50</styleUrl>
          <Point>
            <coordinates>-77.089092,-12.030327</coordinates>
          </Point>
        </Placemark>
        <Placemark>
          <name>-87</name>
          <description>
LAC: 38 CID: 447:3 RNC: 0 PSC: 152
ACCURACY: 14
CHANGE_TYPE: DBM
TIMESTAMP: 26 may 2026 5:28:43 p.m.</description>
          <styleUrl>#style_50</styleUrl>
          <Point>
            <coordinates>-77.089092,-12.030327</coordinates>
          </Point>
        </Placemark>
        <Placemark>
          <name>-87</name>
          <description>
LAC: 38 CID: 447:3 RNC: 0 PSC: 152
ACCURACY: 14
CHANGE_TYPE: DBM
TIMESTAMP: 26 may 2026 5:28:45 p.m.</description>
          <styleUrl>#style_50</styleUrl>
          <Point>
            <coordinates>-77.089092,-12.030327</coordinates>
          </Point>
        </Placemark>
        <Placemark>
          <name>-89</name>
          <description>
LAC: 38 CID: 447:3 RNC: 0 PSC: 152
ACCURACY: 14
CHANGE_TYPE: DBM
TIMESTAMP: 26 may 2026 5:28:46 p.m.</description>
          <styleUrl>#style_50</styleUrl>
          <Point>
            <coordinates>-77.089092,-12.030327</coordinates>
          </Point>
        </Placemark>
        <Placemark>
          <name>-89</name>
          <description>
LAC: 38 CID: 447:3 RNC: 0 PSC: 152
ACCURACY: 14
CHANGE_TYPE: DBM
TIMESTAMP: 26 may 2026 5:28:47 p.m.</description>
          <styleUrl>#style_50</styleUrl>
          <Point>
            <coordinates>-77.089092,-12.030327</coordinates>
          </Point>
        </Placemark>
        <Placemark>
          <name>-93</name>
          <description>
LAC: 38 CID: 447:3 RNC: 0 PSC: 152
ACCURACY: 14
CHANGE_TYPE: DBM
TIMESTAMP: 26 may 2026 5:28:48 p.m.</description>
          <styleUrl>#style_50</styleUrl>
          <Point>
            <coordinates>-77.089092,-12.030327</coordinates>
          </Point>
        </Placemark>
        <Placemark>
          <name>-93</name>
          <description>
LAC: 38 CID: 447:3 RNC: 0 PSC: 152
ACCURACY: 14
CHANGE_TYPE: DBM
TIMESTAMP: 26 may 2026 5:28:49 p.m.</description>
          <styleUrl>#style_50</styleUrl>
          <Point>
            <coordinates>-77.089092,-12.030327</coordinates>
          </Point>
        </Placemark>
        <Placemark>
          <name>-93</name>
          <description>
LAC: 38 CID: 447:3 RNC: 0 PSC: 152
ACCURACY: 12
CHANGE_TYPE: DBM
TIMESTAMP: 26 may 2026 5:28:50 p.m.</description>
          <styleUrl>#style_50</styleUrl>
          <Point>
            <coordinates>-77.089011,-12.030326</coordinates>
          </Point>
        </Placemark>
        <Placemark>
          <name>-93</name>
          <description>
LAC: 38 CID: 447:3 RNC: 0 PSC: 152
ACCURACY: 12
CHANGE_TYPE: DBM
TIMESTAMP: 26 may 2026 5:28:51 p.m.</description>
          <styleUrl>#style_50</styleUrl>
          <Point>
            <coordinates>-77.089011,-12.030326</coordinates>
          </Point>
        </Placemark>
        <Placemark>
          <name>-87</name>
          <description>
LAC: 38 CID: 447:3 RNC: 0 PSC: 152
ACCURACY: 12
CHANGE_TYPE: DBM
TIMESTAMP: 26 may 2026 5:28:52 p.m.</description>
          <styleUrl>#style_50</styleUrl>
          <Point>
            <coordinates>-77.089011,-12.030326</coordinates>
          </Point>
        </Placemark>
        <Placemark>
          <name>-87</name>
          <description>
LAC: 38 CID: 447:3 RNC: 0 PSC: 152
ACCURACY: 12
CHANGE_TYPE: DBM
TIMESTAMP: 26 may 2026 5:28:53 p.m.</description>
          <styleUrl>#style_50</styleUrl>
          <Point>
            <coordinates>-77.089011,-12.030326</coordinates>
          </Point>
        </Placemark>
        <Placemark>
          <name>-87</name>
          <description>
LAC: 38 CID: 447:3 RNC: 0 PSC: 152
ACCURACY: 12
CHANGE_TYPE: DBM
TIMESTAMP: 26 may 2026 5:28:54 p.m.</description>
          <styleUrl>#style_50</styleUrl>
          <Point>
            <coordinates>-77.089011,-12.030326</coordinates>
          </Point>
        </Placemark>
        <Placemark>
          <name>-87</name>
          <description>
LAC: 38 CID: 447:3 RNC: 0 PSC: 152
ACCURACY: 13
CHANGE_TYPE: DBM
TIMESTAMP: 26 may 2026 5:28:55 p.m.</description>
          <styleUrl>#style_50</styleUrl>
          <Point>
            <coordinates>-77.088962,-12.030336</coordinates>
          </Point>
        </Placemark>
        <Placemark>
          <name>-86</name>
          <description>
LAC: 38 CID: 447:3 RNC: 0 PSC: 152
ACCURACY: 13
CHANGE_TYPE: DBM
TIMESTAMP: 26 may 2026 5:28:56 p.m.</description>
          <styleUrl>#style_60</styleUrl>
          <Point>
            <coordinates>-77.088962,-12.030336</coordinates>
          </Point>
        </Placemark>
        <Placemark>
          <name>-86</name>
          <description>
LAC: 38 CID: 447:3 RNC: 0 PSC: 152
ACCURACY: 13
CHANGE_TYPE: DBM
TIMESTAMP: 26 may 2026 5:28:57 p.m.</description>
          <styleUrl>#style_60</styleUrl>
          <Point>
            <coordinates>-77.088962,-12.030336</coordinates>
          </Point>
        </Placemark>
        <Placemark>
          <name>-81</name>
          <description>
LAC: 38 CID: 447:3 RNC: 0 PSC: 152
ACCURACY: 13
CHANGE_TYPE: DBM
TIMESTAMP: 26 may 2026 5:28:58 p.m.</description>
          <styleUrl>#style_60</styleUrl>
          <Point>
            <coordinates>-77.088962,-12.030336</coordinates>
          </Point>
        </Placemark>
        <Placemark>
          <name>-81</name>
          <description>
LAC: 38 CID: 447:3 RNC: 0 PSC: 152
ACCURACY: 13
CHANGE_TYPE: DBM
TIMESTAMP: 26 may 2026 5:28:59 p.m.</description>
          <styleUrl>#style_60</styleUrl>
          <Point>
            <coordinates>-77.088962,-12.030336</coordinates>
          </Point>
        </Placemark>
        <Placemark>
          <name>-83</name>
          <description>
LAC: 38 CID: 447:3 RNC: 0 PSC: 152
ACCURACY: 13
CHANGE_TYPE: DBM
TIMESTAMP: 26 may 2026 5:29:00 p.m.</description>
          <styleUrl>#style_60</styleUrl>
          <Point>
            <coordinates>-77.088962,-12.030336</coordinates>
          </Point>
        </Placemark>
        <Placemark>
          <name>-83</name>
          <description>
LAC: 38 CID: 447:3 RNC: 0 PSC: 152
ACCURACY: 13
CHANGE_TYPE: DBM
TIMESTAMP: 26 may 2026 5:29:01 p.m.</description>
          <styleUrl>#style_60</styleUrl>
          <Point>
            <coordinates>-77.088962,-12.030336</coordinates>
          </Point>
        </Placemark>
        <Placemark>
          <name>-81</name>
          <description>
LAC: 38 CID: 447:3 RNC: 0 PSC: 152
ACCURACY: 13
CHANGE_TYPE: DBM
TIMESTAMP: 26 may 2026 5:29:02 p.m.</description>
          <styleUrl>#style_60</styleUrl>
          <Point>
            <coordinates>-77.088962,-12.030336</coordinates>
          </Point>
        </Placemark>
        <Placemark>
          <name>-81</name>
          <description>
LAC: 38 CID: 447:3 RNC: 0 PSC: 152
ACCURACY: 13
CHANGE_TYPE: DBM
TIMESTAMP: 26 may 2026 5:29:03 p.m.</description>
          <styleUrl>#style_60</styleUrl>
          <Point>
            <coordinates>-77.088962,-12.030336</coordinates>
          </Point>
        </Placemark>
        <Placemark>
          <name>-82</name>
          <description>
LAC: 38 CID: 447:3 RNC: 0 PSC: 152
ACCURACY: 13
CHANGE_TYPE: DBM
TIMESTAMP: 26 may 2026 5:29:04 p.m.</description>
          <styleUrl>#style_60</styleUrl>
          <Point>
            <coordinates>-77.088962,-12.030336</coordinates>
          </Point>
        </Placemark>
        <Placemark>
          <name>-82</name>
          <description>
LAC: 38 CID: 447:3 RNC: 0 PSC: 152
ACCURACY: 13
CHANGE_TYPE: DBM
TIMESTAMP: 26 may 2026 5:29:05 p.m.</description>
          <styleUrl>#style_60</styleUrl>
          <Point>
            <coordinates>-77.088879,-12.03031</coordinates>
          </Point>
        </Placemark>
        <Placemark>
          <name>-84</name>
          <description>
LAC: 38 CID: 447:3 RNC: 0 PSC: 152
ACCURACY: 13
CHANGE_TYPE: DBM
TIMESTAMP: 26 may 2026 5:29:06 p.m.</description>
          <styleUrl>#style_60</styleUrl>
          <Point>
            <coordinates>-77.088879,-12.03031</coordinates>
          </Point>
        </Placemark>
        <Placemark>
          <name>-79</name>
          <description>
LAC: 38 CID: 447:3 RNC: 0 PSC: 152
ACCURACY: 13
CHANGE_TYPE: DBM
TIMESTAMP: 26 may 2026 5:29:08 p.m.</description>
          <styleUrl>#style_60</styleUrl>
          <Point>
            <coordinates>-77.088879,-12.03031</coordinates>
          </Point>
        </Placemark>
        <Placemark>
          <name>-79</name>
          <description>
LAC: 38 CID: 447:3 RNC: 0 PSC: 152
ACCURACY: 13
CHANGE_TYPE: DBM
TIMESTAMP: 26 may 2026 5:29:09 p.m.</description>
          <styleUrl>#style_60</styleUrl>
          <Point>
            <coordinates>-77.088879,-12.03031</coordinates>
          </Point>
        </Placemark>
        <Placemark>
          <name>-79</name>
          <description>
LAC: 38 CID: 447:3 RNC: 0 PSC: 152
ACCURACY: 13
CHANGE_TYPE: DBM
TIMESTAMP: 26 may 2026 5:29:10 p.m.</description>
          <styleUrl>#style_60</styleUrl>
          <Point>
            <coordinates>-77.088879,-12.03031</coordinates>
          </Point>
        </Placemark>
        <Placemark>
          <name>-82</name>
          <description>
LAC: 38 CID: 447:3 RNC: 0 PSC: 152
ACCURACY: 13
CHANGE_TYPE: DBM
TIMESTAMP: 26 may 2026 5:29:12 p.m.</description>
          <styleUrl>#style_60</styleUrl>
          <Point>
            <coordinates>-77.088879,-12.03031</coordinates>
          </Point>
        </Placemark>
        <Placemark>
          <name>-82</name>
          <description>
LAC: 38 CID: 447:3 RNC: 0 PSC: 152
ACCURACY: 13
CHANGE_TYPE: DBM
TIMESTAMP: 26 may 2026 5:29:13 p.m.</description>
          <styleUrl>#style_60</styleUrl>
          <Point>
            <coordinates>-77.088879,-12.03031</coordinates>
          </Point>
        </Placemark>
        <Placemark>
          <name>-95</name>
          <description>
LAC: 38 CID: 447:3 RNC: 0 PSC: 152
ACCURACY: 14
CHANGE_TYPE: DBM
TIMESTAMP: 26 may 2026 5:29:15 p.m.</description>
          <styleUrl>#style_50</styleUrl>
          <Point>
            <coordinates>-77.088803,-12.030304</coordinates>
          </Point>
        </Placemark>
        <Placemark>
          <name>-92</name>
          <description>
LAC: 38 CID: 447:3 RNC: 0 PSC: 152
ACCURACY: 14
CHANGE_TYPE: DBM
TIMESTAMP: 26 may 2026 5:29:17 p.m.</description>
          <styleUrl>#style_50</styleUrl>
          <Point>
            <coordinates>-77.088803,-12.030304</coordinates>
          </Point>
        </Placemark>
        <Placemark>
          <name>-92</name>
          <description>
LAC: 38 CID: 447:3 RNC: 0 PSC: 152
ACCURACY: 14
CHANGE_TYPE: DBM
TIMESTAMP: 26 may 2026 5:29:18 p.m.</description>
          <styleUrl>#style_50</styleUrl>
          <Point>
            <coordinates>-77.088803,-12.030304</coordinates>
          </Point>
        </Placemark>
        <Placemark>
          <name>-92</name>
          <description>
LAC: 38 CID: 447:3 RNC: 0 PSC: 152
ACCURACY: 14
CHANGE_TYPE: DBM
TIMESTAMP: 26 may 2026 5:29:19 p.m.</description>
          <styleUrl>#style_50</styleUrl>
          <Point>
            <coordinates>-77.088803,-12.030304</coordinates>
          </Point>
        </Placemark>
        <Placemark>
          <name>-92</name>
          <description>
LAC: 38 CID: 447:3 RNC: 0 PSC: 152
ACCURACY: 14
CHANGE_TYPE: DBM
TIMESTAMP: 26 may 2026 5:29:21 p.m.</description>
          <styleUrl>#style_50</styleUrl>
          <Point>
            <coordinates>-77.088803,-12.030304</coordinates>
          </Point>
        </Placemark>
        <Placemark>
          <name>-92</name>
          <description>
LAC: 38 CID: 447:3 RNC: 0 PSC: 152
ACCURACY: 14
CHANGE_TYPE: DBM
TIMESTAMP: 26 may 2026 5:29:22 p.m.</description>
          <styleUrl>#style_50</styleUrl>
          <Point>
            <coordinates>-77.088803,-12.030304</coordinates>
          </Point>
        </Placemark>
        <Placemark>
          <name>-89</name>
          <description>
LAC: 38 CID: 447:3 RNC: 0 PSC: 152
ACCURACY: 14
CHANGE_TYPE: DBM
TIMESTAMP: 26 may 2026 5:29:23 p.m.</description>
          <styleUrl>#style_50</styleUrl>
          <Point>
            <coordinates>-77.088803,-12.030304</coordinates>
          </Point>
        </Placemark>
        <Placemark>
          <name>-83</name>
          <description>
LAC: 38 CID: 447:3 RNC: 0 PSC: 152
ACCURACY: 13
CHANGE_TYPE: DBM
TIMESTAMP: 26 may 2026 5:29:25 p.m.</description>
          <styleUrl>#style_60</styleUrl>
          <Point>
            <coordinates>-77.088726,-12.030292</coordinates>
          </Point>
        </Placemark>
        <Placemark>
          <name>-82</name>
          <description>
LAC: 38 CID: 447:3 RNC: 0 PSC: 152
ACCURACY: 13
CHANGE_TYPE: DBM
TIMESTAMP: 26 may 2026 5:29:27 p.m.</description>
          <styleUrl>#style_60</styleUrl>
          <Point>
            <coordinates>-77.088726,-12.030292</coordinates>
          </Point>
        </Placemark>
        <Placemark>
          <name>-82</name>
          <description>
LAC: 38 CID: 447:3 RNC: 0 PSC: 152
ACCURACY: 13
CHANGE_TYPE: DBM
TIMESTAMP: 26 may 2026 5:29:28 p.m.</description>
          <styleUrl>#style_60</styleUrl>
          <Point>
            <coordinates>-77.088726,-12.030292</coordinates>
          </Point>
        </Placemark>
        <Placemark>
          <name>-85</name>
          <description>
LAC: 38 CID: 447:3 RNC: 0 PSC: 152
ACCURACY: 13
CHANGE_TYPE: DBM
TIMESTAMP: 26 may 2026 5:29:29 p.m.</description>
          <styleUrl>#style_60</styleUrl>
          <Point>
            <coordinates>-77.088726,-12.030292</coordinates>
          </Point>
        </Placemark>
        <Placemark>
          <name>-85</name>
          <description>
LAC: 38 CID: 447:3 RNC: 0 PSC: 152
ACCURACY: 12
CHANGE_TYPE: DBM
TIMESTAMP: 26 may 2026 5:29:30 p.m.</description>
          <styleUrl>#style_60</styleUrl>
          <Point>
            <coordinates>-77.088675,-12.030327</coordinates>
          </Point>
        </Placemark>
        <Placemark>
          <name>-88</name>
          <description>
LAC: 38 CID: 447:3 RNC: 0 PSC: 152
ACCURACY: 12
CHANGE_TYPE: DBM
TIMESTAMP: 26 may 2026 5:29:31 p.m.</description>
          <styleUrl>#style_50</styleUrl>
          <Point>
            <coordinates>-77.088675,-12.030327</coordinates>
          </Point>
        </Placemark>
        <Placemark>
          <name>-88</name>
          <description>
LAC: 38 CID: 447:3 RNC: 0 PSC: 152
ACCURACY: 12
CHANGE_TYPE: DBM
TIMESTAMP: 26 may 2026 5:29:32 p.m.</description>
          <styleUrl>#style_50</styleUrl>
          <Point>
            <coordinates>-77.088675,-12.030327</coordinates>
          </Point>
        </Placemark>
        <Placemark>
          <name>-91</name>
          <description>
LAC: 38 CID: 447:3 RNC: 0 PSC: 152
ACCURACY: 12
CHANGE_TYPE: DBM
TIMESTAMP: 26 may 2026 5:29:33 p.m.</description>
          <styleUrl>#style_50</styleUrl>
          <Point>
            <coordinates>-77.088675,-12.030327</coordinates>
          </Point>
        </Placemark>
        <Placemark>
          <name>-91</name>
          <description>
LAC: 38 CID: 447:3 RNC: 0 PSC: 152
ACCURACY: 12
CHANGE_TYPE: DBM
TIMESTAMP: 26 may 2026 5:29:34 p.m.</description>
          <styleUrl>#style_50</styleUrl>
          <Point>
            <coordinates>-77.088675,-12.030327</coordinates>
          </Point>
        </Placemark>
        <Placemark>
          <name>-87</name>
          <description>
LAC: 38 CID: 447:3 RNC: 0 PSC: 152
ACCURACY: 12
CHANGE_TYPE: DBM
TIMESTAMP: 26 may 2026 5:29:35 p.m.</description>
          <styleUrl>#style_50</styleUrl>
          <Point>
            <coordinates>-77.088612,-12.03036</coordinates>
          </Point>
        </Placemark>
        <Placemark>
          <name>-87</name>
          <description>
LAC: 38 CID: 447:3 RNC: 0 PSC: 152
ACCURACY: 12
CHANGE_TYPE: DBM
TIMESTAMP: 26 may 2026 5:29:36 p.m.</description>
          <styleUrl>#style_50</styleUrl>
          <Point>
            <coordinates>-77.088612,-12.03036</coordinates>
          </Point>
        </Placemark>
        <Placemark>
          <name>-88</name>
          <description>
LAC: 38 CID: 447:3 RNC: 0 PSC: 152
ACCURACY: 12
CHANGE_TYPE: DBM
TIMESTAMP: 26 may 2026 5:29:37 p.m.</description>
          <styleUrl>#style_50</styleUrl>
          <Point>
            <coordinates>-77.088612,-12.03036</coordinates>
          </Point>
        </Placemark>
        <Placemark>
          <name>-88</name>
          <description>
LAC: 38 CID: 447:3 RNC: 0 PSC: 152
ACCURACY: 12
CHANGE_TYPE: DBM
TIMESTAMP: 26 may 2026 5:29:38 p.m.</description>
          <styleUrl>#style_50</styleUrl>
          <Point>
            <coordinates>-77.088612,-12.03036</coordinates>
          </Point>
        </Placemark>
        <Placemark>
          <name>-80</name>
          <description>
LAC: 38 CID: 447:3 RNC: 0 PSC: 152
ACCURACY: 12
CHANGE_TYPE: DBM
TIMESTAMP: 26 may 2026 5:29:39 p.m.</description>
          <styleUrl>#style_60</styleUrl>
          <Point>
            <coordinates>-77.088612,-12.03036</coordinates>
          </Point>
        </Placemark>
        <Placemark>
          <name>-85</name>
          <description>
LAC: 38 CID: 447:3 RNC: 0 PSC: 152
ACCURACY: 14
CHANGE_TYPE: DBM
TIMESTAMP: 26 may 2026 5:29:41 p.m.</description>
          <styleUrl>#style_60</styleUrl>
          <Point>
            <coordinates>-77.088561,-12.030379</coordinates>
          </Point>
        </Placemark>
        <Placemark>
          <name>-85</name>
          <description>
LAC: 38 CID: 447:3 RNC: 0 PSC: 152
ACCURACY: 14
CHANGE_TYPE: DBM
TIMESTAMP: 26 may 2026 5:29:42 p.m.</description>
          <styleUrl>#style_60</styleUrl>
          <Point>
            <coordinates>-77.088561,-12.030379</coordinates>
          </Point>
        </Placemark>
        <Placemark>
          <name>-85</name>
          <description>
LAC: 38 CID: 447:3 RNC: 0 PSC: 152
ACCURACY: 14
CHANGE_TYPE: DBM
TIMESTAMP: 26 may 2026 5:29:43 p.m.</description>
          <styleUrl>#style_60</styleUrl>
          <Point>
            <coordinates>-77.088561,-12.030379</coordinates>
          </Point>
        </Placemark>
        <Placemark>
          <name>-85</name>
          <description>
LAC: 38 CID: 447:3 RNC: 0 PSC: 152
ACCURACY: 14
CHANGE_TYPE: DBM
TIMESTAMP: 26 may 2026 5:29:44 p.m.</description>
          <styleUrl>#style_60</styleUrl>
          <Point>
            <coordinates>-77.088561,-12.030379</coordinates>
          </Point>
        </Placemark>
        <Placemark>
          <name>-82</name>
          <description>
LAC: 38 CID: 447:3 RNC: 0 PSC: 152
ACCURACY: 14
CHANGE_TYPE: DBM
TIMESTAMP: 26 may 2026 5:29:45 p.m.</description>
          <styleUrl>#style_60</styleUrl>
          <Point>
            <coordinates>-77.088561,-12.030379</coordinates>
          </Point>
        </Placemark>
        <Placemark>
          <name>-82</name>
          <description>
LAC: 38 CID: 447:3 RNC: 0 PSC: 152
ACCURACY: 14
CHANGE_TYPE: DBM
TIMESTAMP: 26 may 2026 5:29:47 p.m.</description>
          <styleUrl>#style_60</styleUrl>
          <Point>
            <coordinates>-77.088561,-12.030379</coordinates>
          </Point>
        </Placemark>
        <Placemark>
          <name>-85</name>
          <description>
LAC: 38 CID: 447:3 RNC: 0 PSC: 152
ACCURACY: 14
CHANGE_TYPE: DBM
TIMESTAMP: 26 may 2026 5:29:48 p.m.</description>
          <styleUrl>#style_60</styleUrl>
          <Point>
            <coordinates>-77.088561,-12.030379</coordinates>
          </Point>
        </Placemark>
        <Placemark>
          <name>-85</name>
          <description>
LAC: 38 CID: 447:3 RNC: 0 PSC: 152
ACCURACY: 14
CHANGE_TYPE: DBM
TIMESTAMP: 26 may 2026 5:29:49 p.m.</description>
          <styleUrl>#style_60</styleUrl>
          <Point>
            <coordinates>-77.088561,-12.030379</coordinates>
          </Point>
        </Placemark>
        <Placemark>
          <name>-81</name>
          <description>
LAC: 38 CID: 447:3 RNC: 0 PSC: 152
ACCURACY: 11
CHANGE_TYPE: DBM
TIMESTAMP: 26 may 2026 5:29:50 p.m.</description>
          <styleUrl>#style_60</styleUrl>
          <Point>
            <coordinates>-77.088507,-12.030386</coordinates>
          </Point>
        </Placemark>
        <Placemark>
          <name>-79</name>
          <description>
LAC: 38 CID: 447:3 RNC: 0 PSC: 152
ACCURACY: 11
CHANGE_TYPE: DBM
TIMESTAMP: 26 may 2026 5:29:52 p.m.</description>
          <styleUrl>#style_60</styleUrl>
          <Point>
            <coordinates>-77.088507,-12.030386</coordinates>
          </Point>
        </Placemark>
        <Placemark>
          <name>-79</name>
          <description>
LAC: 38 CID: 447:3 RNC: 0 PSC: 152
ACCURACY: 11
CHANGE_TYPE: DBM
TIMESTAMP: 26 may 2026 5:29:53 p.m.</description>
          <styleUrl>#style_60</styleUrl>
          <Point>
            <coordinates>-77.088507,-12.030386</coordinates>
          </Point>
        </Placemark>
        <Placemark>
          <name>-80</name>
          <description>
LAC: 38 CID: 447:3 RNC: 0 PSC: 152
ACCURACY: 11
CHANGE_TYPE: DBM
TIMESTAMP: 26 may 2026 5:29:54 p.m.</description>
          <styleUrl>#style_60</styleUrl>
          <Point>
            <coordinates>-77.088507,-12.030386</coordinates>
          </Point>
        </Placemark>
        <Placemark>
          <name>-80</name>
          <description>
LAC: 38 CID: 447:3 RNC: 0 PSC: 152
ACCURACY: 12
CHANGE_TYPE: DBM
TIMESTAMP: 26 may 2026 5:29:55 p.m.</description>
          <styleUrl>#style_60</styleUrl>
          <Point>
            <coordinates>-77.088455,-12.030377</coordinates>
          </Point>
        </Placemark>
        <Placemark>
          <name>-78</name>
          <description>
LAC: 38 CID: 447:3 RNC: 0 PSC: 152
ACCURACY: 12
CHANGE_TYPE: DBM
TIMESTAMP: 26 may 2026 5:29:56 p.m.</description>
          <styleUrl>#style_60</styleUrl>
          <Point>
            <coordinates>-77.088455,-12.030377</coordinates>
          </Point>
        </Placemark>
        <Placemark>
          <name>-80</name>
          <description>
LAC: 38 CID: 447:3 RNC: 0 PSC: 152
ACCURACY: 12
CHANGE_TYPE: DBM
TIMESTAMP: 26 may 2026 5:29:58 p.m.</description>
          <styleUrl>#style_60</styleUrl>
          <Point>
            <coordinates>-77.088455,-12.030377</coordinates>
          </Point>
        </Placemark>
        <Placemark>
          <name>-79</name>
          <description>
LAC: 38 CID: 447:3 RNC: 0 PSC: 152
ACCURACY: 12
CHANGE_TYPE: DBM
TIMESTAMP: 26 may 2026 5:30:00 p.m.</description>
          <styleUrl>#style_60</styleUrl>
          <Point>
            <coordinates>-77.088405,-12.030361</coordinates>
          </Point>
        </Placemark>
        <Placemark>
          <name>-79</name>
          <description>
LAC: 38 CID: 447:3 RNC: 0 PSC: 152
ACCURACY: 12
CHANGE_TYPE: DBM
TIMESTAMP: 26 may 2026 5:30:02 p.m.</description>
          <styleUrl>#style_60</styleUrl>
          <Point>
            <coordinates>-77.088405,-12.030361</coordinates>
          </Point>
        </Placemark>
        <Placemark>
          <name>-84</name>
          <description>
LAC: 38 CID: 447:3 RNC: 0 PSC: 152
ACCURACY: 12
CHANGE_TYPE: DBM
TIMESTAMP: 26 may 2026 5:30:04 p.m.</description>
          <styleUrl>#style_60</styleUrl>
          <Point>
            <coordinates>-77.088405,-12.030361</coordinates>
          </Point>
        </Placemark>
        <Placemark>
          <name>-84</name>
          <description>
LAC: 38 CID: 447:3 RNC: 0 PSC: 152
ACCURACY: 12
CHANGE_TYPE: DBM
TIMESTAMP: 26 may 2026 5:30:05 p.m.</description>
          <styleUrl>#style_60</styleUrl>
          <Point>
            <coordinates>-77.08834,-12.030381</coordinates>
          </Point>
        </Placemark>
        <Placemark>
          <name>-83</name>
          <description>
LAC: 38 CID: 447:3 RNC: 0 PSC: 152
ACCURACY: 12
CHANGE_TYPE: DBM
TIMESTAMP: 26 may 2026 5:30:06 p.m.</description>
          <styleUrl>#style_60</styleUrl>
          <Point>
            <coordinates>-77.08834,-12.030381</coordinates>
          </Point>
        </Placemark>
        <Placemark>
          <name>-83</name>
          <description>
LAC: 38 CID: 447:3 RNC: 0 PSC: 152
ACCURACY: 12
CHANGE_TYPE: DBM
TIMESTAMP: 26 may 2026 5:30:07 p.m.</description>
          <styleUrl>#style_60</styleUrl>
          <Point>
            <coordinates>-77.08834,-12.030381</coordinates>
          </Point>
        </Placemark>
        <Placemark>
          <name>-84</name>
          <description>
LAC: 38 CID: 447:3 RNC: 0 PSC: 152
ACCURACY: 12
CHANGE_TYPE: DBM
TIMESTAMP: 26 may 2026 5:30:08 p.m.</description>
          <styleUrl>#style_60</styleUrl>
          <Point>
            <coordinates>-77.08834,-12.030381</coordinates>
          </Point>
        </Placemark>
        <Placemark>
          <name>-84</name>
          <description>
LAC: 38 CID: 447:3 RNC: 0 PSC: 152
ACCURACY: 12
CHANGE_TYPE: DBM
TIMESTAMP: 26 may 2026 5:30:09 p.m.</description>
          <styleUrl>#style_60</styleUrl>
          <Point>
            <coordinates>-77.08834,-12.030381</coordinates>
          </Point>
        </Placemark>
        <Placemark>
          <name>-79</name>
          <description>
LAC: 38 CID: 447:3 RNC: 0 PSC: 152
ACCURACY: 11
CHANGE_TYPE: DBM
TIMESTAMP: 26 may 2026 5:30:10 p.m.</description>
          <styleUrl>#style_60</styleUrl>
          <Point>
            <coordinates>-77.088281,-12.030395</coordinates>
          </Point>
        </Placemark>
        <Placemark>
          <name>-79</name>
          <description>
LAC: 38 CID: 447:3 RNC: 0 PSC: 152
ACCURACY: 11
CHANGE_TYPE: DBM
TIMESTAMP: 26 may 2026 5:30:11 p.m.</description>
          <styleUrl>#style_60</styleUrl>
          <Point>
            <coordinates>-77.088281,-12.030395</coordinates>
          </Point>
        </Placemark>
        <Placemark>
          <name>-76</name>
          <description>
LAC: 38 CID: 447:3 RNC: 0 PSC: 152
ACCURACY: 11
CHANGE_TYPE: DBM
TIMESTAMP: 26 may 2026 5:30:12 p.m.</description>
          <styleUrl>#style_70</styleUrl>
          <Point>
            <coordinates>-77.088281,-12.030395</coordinates>
          </Point>
        </Placemark>
        <Placemark>
          <name>-76</name>
          <description>
LAC: 38 CID: 447:3 RNC: 0 PSC: 152
ACCURACY: 11
CHANGE_TYPE: DBM
TIMESTAMP: 26 may 2026 5:30:13 p.m.</description>
          <styleUrl>#style_70</styleUrl>
          <Point>
            <coordinates>-77.088281,-12.030395</coordinates>
          </Point>
        </Placemark>
        <Placemark>
          <name>-80</name>
          <description>
LAC: 38 CID: 447:3 RNC: 0 PSC: 152
ACCURACY: 11
CHANGE_TYPE: DBM
TIMESTAMP: 26 may 2026 5:30:14 p.m.</description>
          <styleUrl>#style_60</styleUrl>
          <Point>
            <coordinates>-77.088281,-12.030395</coordinates>
          </Point>
        </Placemark>
        <Placemark>
          <name>-80</name>
          <description>
LAC: 38 CID: 447:3 RNC: 0 PSC: 152
ACCURACY: 11
CHANGE_TYPE: DBM
TIMESTAMP: 26 may 2026 5:30:15 p.m.</description>
          <styleUrl>#style_60</styleUrl>
          <Point>
            <coordinates>-77.088209,-12.030389</coordinates>
          </Point>
        </Placemark>
        <Placemark>
          <name>-81</name>
          <description>
LAC: 38 CID: 447:3 RNC: 0 PSC: 152
ACCURACY: 11
CHANGE_TYPE: DBM
TIMESTAMP: 26 may 2026 5:30:16 p.m.</description>
          <styleUrl>#style_60</styleUrl>
          <Point>
            <coordinates>-77.088209,-12.030389</coordinates>
          </Point>
        </Placemark>
        <Placemark>
          <name>-80</name>
          <description>
LAC: 38 CID: 447:3 RNC: 0 PSC: 152
ACCURACY: 11
CHANGE_TYPE: DBM
TIMESTAMP: 26 may 2026 5:30:18 p.m.</description>
          <styleUrl>#style_60</styleUrl>
          <Point>
            <coordinates>-77.088209,-12.030389</coordinates>
          </Point>
        </Placemark>
        <Placemark>
          <name>-80</name>
          <description>
LAC: 38 CID: 447:3 RNC: 0 PSC: 152
ACCURACY: 11
CHANGE_TYPE: DBM
TIMESTAMP: 26 may 2026 5:30:19 p.m.</description>
          <styleUrl>#style_60</styleUrl>
          <Point>
            <coordinates>-77.08815,-12.030396</coordinates>
          </Point>
        </Placemark>
        <Placemark>
          <name>-80</name>
          <description>
LAC: 38 CID: 447:3 RNC: 0 PSC: 152
ACCURACY: 11
CHANGE_TYPE: DBM
TIMESTAMP: 26 may 2026 5:30:20 p.m.</description>
          <styleUrl>#style_60</styleUrl>
          <Point>
            <coordinates>-77.08815,-12.030396</coordinates>
          </Point>
        </Placemark>
        <Placemark>
          <name>-80</name>
          <description>
LAC: 38 CID: 447:3 RNC: 0 PSC: 152
ACCURACY: 11
CHANGE_TYPE: DBM
TIMESTAMP: 26 may 2026 5:30:21 p.m.</description>
          <styleUrl>#style_60</styleUrl>
          <Point>
            <coordinates>-77.08815,-12.030396</coordinates>
          </Point>
        </Placemark>
        <Placemark>
          <name>-76</name>
          <description>
LAC: 38 CID: 447:3 RNC: 0 PSC: 152
ACCURACY: 11
CHANGE_TYPE: DBM
TIMESTAMP: 26 may 2026 5:30:23 p.m.</description>
          <styleUrl>#style_70</styleUrl>
          <Point>
            <coordinates>-77.08815,-12.030396</coordinates>
          </Point>
        </Placemark>
        <Placemark>
          <name>-76</name>
          <description>
LAC: 38 CID: 447:3 RNC: 0 PSC: 152
ACCURACY: 11
CHANGE_TYPE: DBM
TIMESTAMP: 26 may 2026 5:30:24 p.m.</description>
          <styleUrl>#style_70</styleUrl>
          <Point>
            <coordinates>-77.08815,-12.030396</coordinates>
          </Point>
        </Placemark>
        <Placemark>
          <name>-75</name>
          <description>
LAC: 38 CID: 447:3 RNC: 0 PSC: 152
ACCURACY: 11
CHANGE_TYPE: DBM
TIMESTAMP: 26 may 2026 5:30:25 p.m.</description>
          <styleUrl>#style_70</styleUrl>
          <Point>
            <coordinates>-77.088099,-12.03043</coordinates>
          </Point>
        </Placemark>
        <Placemark>
          <name>-78</name>
          <description>
LAC: 38 CID: 447:3 RNC: 0 PSC: 152
ACCURACY: 11
CHANGE_TYPE: DBM
TIMESTAMP: 26 may 2026 5:30:27 p.m.</description>
          <styleUrl>#style_60</styleUrl>
          <Point>
            <coordinates>-77.088099,-12.03043</coordinates>
          </Point>
        </Placemark>
        <Placemark>
          <name>-78</name>
          <description>
LAC: 38 CID: 447:3 RNC: 0 PSC: 152
ACCURACY: 11
CHANGE_TYPE: DBM
TIMESTAMP: 26 may 2026 5:30:28 p.m.</description>
          <styleUrl>#style_60</styleUrl>
          <Point>
            <coordinates>-77.088099,-12.03043</coordinates>
          </Point>
        </Placemark>
        <Placemark>
          <name>-77</name>
          <description>
LAC: 38 CID: 447:3 RNC: 0 PSC: 152
ACCURACY: 11
CHANGE_TYPE: DBM
TIMESTAMP: 26 may 2026 5:30:29 p.m.</description>
          <styleUrl>#style_60</styleUrl>
          <Point>
            <coordinates>-77.088099,-12.03043</coordinates>
          </Point>
        </Placemark>
        <Placemark>
          <name>-77</name>
          <description>
LAC: 38 CID: 447:3 RNC: 0 PSC: 152
ACCURACY: 11
CHANGE_TYPE: DBM
TIMESTAMP: 26 may 2026 5:30:30 p.m.</description>
          <styleUrl>#style_60</styleUrl>
          <Point>
            <coordinates>-77.088099,-12.03043</coordinates>
          </Point>
        </Placemark>
        <Placemark>
          <name>-75</name>
          <description>
LAC: 38 CID: 447:3 RNC: 0 PSC: 152
ACCURACY: 11
CHANGE_TYPE: DBM
TIMESTAMP: 26 may 2026 5:30:31 p.m.</description>
          <styleUrl>#style_70</styleUrl>
          <Point>
            <coordinates>-77.088099,-12.03043</coordinates>
          </Point>
        </Placemark>
        <Placemark>
          <name>-75</name>
          <description>
LAC: 38 CID: 447:3 RNC: 0 PSC: 152
ACCURACY: 11
CHANGE_TYPE: DBM
TIMESTAMP: 26 may 2026 5:30:32 p.m.</description>
          <styleUrl>#style_70</styleUrl>
          <Point>
            <coordinates>-77.088099,-12.03043</coordinates>
          </Point>
        </Placemark>
        <Placemark>
          <name>-73</name>
          <description>
LAC: 38 CID: 447:3 RNC: 0 PSC: 152
ACCURACY: 11
CHANGE_TYPE: DBM
TIMESTAMP: 26 may 2026 5:30:33 p.m.</description>
          <styleUrl>#style_70</styleUrl>
          <Point>
            <coordinates>-77.088099,-12.03043</coordinates>
          </Point>
        </Placemark>
        <Placemark>
          <name>-73</name>
          <description>
LAC: 38 CID: 447:3 RNC: 0 PSC: 152
ACCURACY: 11
CHANGE_TYPE: DBM
TIMESTAMP: 26 may 2026 5:30:34 p.m.</description>
          <styleUrl>#style_70</styleUrl>
          <Point>
            <coordinates>-77.088099,-12.03043</coordinates>
          </Point>
        </Placemark>
        <Placemark>
          <name>-74</name>
          <description>
LAC: 38 CID: 447:3 RNC: 0 PSC: 152
ACCURACY: 12
CHANGE_TYPE: DBM
TIMESTAMP: 26 may 2026 5:30:35 p.m.</description>
          <styleUrl>#style_70</styleUrl>
          <Point>
            <coordinates>-77.088035,-12.030427</coordinates>
          </Point>
        </Placemark>
        <Placemark>
          <name>-74</name>
          <description>
LAC: 38 CID: 447:3 RNC: 0 PSC: 152
ACCURACY: 12
CHANGE_TYPE: DBM
TIMESTAMP: 26 may 2026 5:30:36 p.m.</description>
          <styleUrl>#style_70</styleUrl>
          <Point>
            <coordinates>-77.088035,-12.030427</coordinates>
          </Point>
        </Placemark>
        <Placemark>
          <name>-74</name>
          <description>
LAC: 38 CID: 447:3 RNC: 0 PSC: 152
ACCURACY: 12
CHANGE_TYPE: DBM
TIMESTAMP: 26 may 2026 5:30:37 p.m.</description>
          <styleUrl>#style_70</styleUrl>
          <Point>
            <coordinates>-77.088035,-12.030427</coordinates>
          </Point>
        </Placemark>
        <Placemark>
          <name>-76</name>
          <description>
LAC: 38 CID: 447:3 RNC: 0 PSC: 152
ACCURACY: 12
CHANGE_TYPE: DBM
TIMESTAMP: 26 may 2026 5:30:39 p.m.</description>
          <styleUrl>#style_70</styleUrl>
          <Point>
            <coordinates>-77.088035,-12.030427</coordinates>
          </Point>
        </Placemark>
        <Placemark>
          <name>-76</name>
          <description>
LAC: 38 CID: 447:3 RNC: 0 PSC: 152
ACCURACY: 12
CHANGE_TYPE: DBM
TIMESTAMP: 26 may 2026 5:30:40 p.m.</description>
          <styleUrl>#style_70</styleUrl>
          <Point>
            <coordinates>-77.088035,-12.030427</coordinates>
          </Point>
        </Placemark>
        <Placemark>
          <name>-77</name>
          <description>
LAC: 38 CID: 447:3 RNC: 0 PSC: 152
ACCURACY: 12
CHANGE_TYPE: DBM
TIMESTAMP: 26 may 2026 5:30:41 p.m.</description>
          <styleUrl>#style_60</styleUrl>
          <Point>
            <coordinates>-77.088035,-12.030427</coordinates>
          </Point>
        </Placemark>
        <Placemark>
          <name>-81</name>
          <description>
LAC: 38 CID: 447:3 RNC: 0 PSC: 152
ACCURACY: 12
CHANGE_TYPE: DBM
TIMESTAMP: 26 may 2026 5:30:43 p.m.</description>
          <styleUrl>#style_60</styleUrl>
          <Point>
            <coordinates>-77.088035,-12.030427</coordinates>
          </Point>
        </Placemark>
        <Placemark>
          <name>-81</name>
          <description>
LAC: 38 CID: 447:3 RNC: 0 PSC: 152
ACCURACY: 12
CHANGE_TYPE: DBM
TIMESTAMP: 26 may 2026 5:30:44 p.m.</description>
          <styleUrl>#style_60</styleUrl>
          <Point>
            <coordinates>-77.088035,-12.030427</coordinates>
          </Point>
        </Placemark>
        <Placemark>
          <name>-80</name>
          <description>
LAC: 38 CID: 447:3 RNC: 0 PSC: 152
ACCURACY: 11
CHANGE_TYPE: DBM
TIMESTAMP: 26 may 2026 5:30:45 p.m.</description>
          <styleUrl>#style_60</styleUrl>
          <Point>
            <coordinates>-77.087963,-12.030425</coordinates>
          </Point>
        </Placemark>
        <Placemark>
          <name>-80</name>
          <description>
LAC: 38 CID: 447:3 RNC: 0 PSC: 152
ACCURACY: 11
CHANGE_TYPE: DBM
TIMESTAMP: 26 may 2026 5:30:46 p.m.</description>
          <styleUrl>#style_60</styleUrl>
          <Point>
            <coordinates>-77.087963,-12.030425</coordinates>
          </Point>
        </Placemark>
        <Placemark>
          <name>-76</name>
          <description>
LAC: 38 CID: 447:3 RNC: 0 PSC: 152
ACCURACY: 11
CHANGE_TYPE: DBM
TIMESTAMP: 26 may 2026 5:30:47 p.m.</description>
          <styleUrl>#style_70</styleUrl>
          <Point>
            <coordinates>-77.087963,-12.030425</coordinates>
          </Point>
        </Placemark>
        <Placemark>
          <name>-76</name>
          <description>
LAC: 38 CID: 447:3 RNC: 0 PSC: 152
ACCURACY: 11
CHANGE_TYPE: DBM
TIMESTAMP: 26 may 2026 5:30:48 p.m.</description>
          <styleUrl>#style_70</styleUrl>
          <Point>
            <coordinates>-77.087963,-12.030425</coordinates>
          </Point>
        </Placemark>
        <Placemark>
          <name>-78</name>
          <description>
LAC: 38 CID: 447:3 RNC: 0 PSC: 152
ACCURACY: 11
CHANGE_TYPE: DBM
TIMESTAMP: 26 may 2026 5:30:49 p.m.</description>
          <styleUrl>#style_60</styleUrl>
          <Point>
            <coordinates>-77.087963,-12.030425</coordinates>
          </Point>
        </Placemark>
        <Placemark>
          <name>-75</name>
          <description>
LAC: 38 CID: 447:3 RNC: 0 PSC: 152
ACCURACY: 11
CHANGE_TYPE: DBM
TIMESTAMP: 26 may 2026 5:30:51 p.m.</description>
          <styleUrl>#style_70</styleUrl>
          <Point>
            <coordinates>-77.087916,-12.030441</coordinates>
          </Point>
        </Placemark>
        <Placemark>
          <name>-75</name>
          <description>
LAC: 38 CID: 447:3 RNC: 0 PSC: 152
ACCURACY: 11
CHANGE_TYPE: DBM
TIMESTAMP: 26 may 2026 5:30:52 p.m.</description>
          <styleUrl>#style_70</styleUrl>
          <Point>
            <coordinates>-77.087916,-12.030441</coordinates>
          </Point>
        </Placemark>
        <Placemark>
          <name>-75</name>
          <description>
LAC: 38 CID: 447:3 RNC: 0 PSC: 152
ACCURACY: 11
CHANGE_TYPE: DBM
TIMESTAMP: 26 may 2026 5:30:53 p.m.</description>
          <styleUrl>#style_70</styleUrl>
          <Point>
            <coordinates>-77.087916,-12.030441</coordinates>
          </Point>
        </Placemark>
        <Placemark>
          <name>-78</name>
          <description>
LAC: 38 CID: 447:3 RNC: 0 PSC: 152
ACCURACY: 12
CHANGE_TYPE: DBM
TIMESTAMP: 26 may 2026 5:30:55 p.m.</description>
          <styleUrl>#style_60</styleUrl>
          <Point>
            <coordinates>-77.087861,-12.030451</coordinates>
          </Point>
        </Placemark>
        <Placemark>
          <name>-77</name>
          <description>
LAC: 38 CID: 447:3 RNC: 0 PSC: 152
ACCURACY: 12
CHANGE_TYPE: DBM
TIMESTAMP: 26 may 2026 5:30:58 p.m.</description>
          <styleUrl>#style_60</styleUrl>
          <Point>
            <coordinates>-77.087861,-12.030451</coordinates>
          </Point>
        </Placemark>
        <Placemark>
          <name>-77</name>
          <description>
LAC: 38 CID: 447:3 RNC: 0 PSC: 152
ACCURACY: 12
CHANGE_TYPE: DBM
TIMESTAMP: 26 may 2026 5:30:59 p.m.</description>
          <styleUrl>#style_60</styleUrl>
          <Point>
            <coordinates>-77.087861,-12.030451</coordinates>
          </Point>
        </Placemark>
        <Placemark>
          <name>-81</name>
          <description>
LAC: 38 CID: 447:3 RNC: 0 PSC: 152
ACCURACY: 11
CHANGE_TYPE: DBM
TIMESTAMP: 26 may 2026 5:31:00 p.m.</description>
          <styleUrl>#style_60</styleUrl>
          <Point>
            <coordinates>-77.087809,-12.030475</coordinates>
          </Point>
        </Placemark>
        <Placemark>
          <name>-81</name>
          <description>
LAC: 38 CID: 447:3 RNC: 0 PSC: 152
ACCURACY: 11
CHANGE_TYPE: DBM
TIMESTAMP: 26 may 2026 5:31:01 p.m.</description>
          <styleUrl>#style_60</styleUrl>
          <Point>
            <coordinates>-77.087809,-12.030475</coordinates>
          </Point>
        </Placemark>
        <Placemark>
          <name>-79</name>
          <description>
LAC: 38 CID: 447:3 RNC: 0 PSC: 152
ACCURACY: 11
CHANGE_TYPE: DBM
TIMESTAMP: 26 may 2026 5:31:02 p.m.</description>
          <styleUrl>#style_60</styleUrl>
          <Point>
            <coordinates>-77.087809,-12.030475</coordinates>
          </Point>
        </Placemark>
        <Placemark>
          <name>-79</name>
          <description>
LAC: 38 CID: 447:3 RNC: 0 PSC: 152
ACCURACY: 11
CHANGE_TYPE: DBM
TIMESTAMP: 26 may 2026 5:31:03 p.m.</description>
          <styleUrl>#style_60</styleUrl>
          <Point>
            <coordinates>-77.087809,-12.030475</coordinates>
          </Point>
        </Placemark>
        <Placemark>
          <name>-77</name>
          <description>
LAC: 38 CID: 447:3 RNC: 0 PSC: 152
ACCURACY: 11
CHANGE_TYPE: DBM
TIMESTAMP: 26 may 2026 5:31:04 p.m.</description>
          <styleUrl>#style_60</styleUrl>
          <Point>
            <coordinates>-77.087809,-12.030475</coordinates>
          </Point>
        </Placemark>
        <Placemark>
          <name>-77</name>
          <description>
LAC: 38 CID: 447:3 RNC: 0 PSC: 152
ACCURACY: 11
CHANGE_TYPE: DBM
TIMESTAMP: 26 may 2026 5:31:05 p.m.</description>
          <styleUrl>#style_60</styleUrl>
          <Point>
            <coordinates>-77.087763,-12.030491</coordinates>
          </Point>
        </Placemark>
        <Placemark>
          <name>-74</name>
          <description>
LAC: 38 CID: 447:3 RNC: 0 PSC: 152
ACCURACY: 11
CHANGE_TYPE: DBM
TIMESTAMP: 26 may 2026 5:31:06 p.m.</description>
          <styleUrl>#style_70</styleUrl>
          <Point>
            <coordinates>-77.087763,-12.030491</coordinates>
          </Point>
        </Placemark>
        <Placemark>
          <name>-74</name>
          <description>
LAC: 38 CID: 447:3 RNC: 0 PSC: 152
ACCURACY: 11
CHANGE_TYPE: DBM
TIMESTAMP: 26 may 2026 5:31:07 p.m.</description>
          <styleUrl>#style_70</styleUrl>
          <Point>
            <coordinates>-77.087763,-12.030491</coordinates>
          </Point>
        </Placemark>
        <Placemark>
          <name>-77</name>
          <description>
LAC: 38 CID: 447:3 RNC: 0 PSC: 152
ACCURACY: 11
CHANGE_TYPE: DBM
TIMESTAMP: 26 may 2026 5:31:08 p.m.</description>
          <styleUrl>#style_60</styleUrl>
          <Point>
            <coordinates>-77.087763,-12.030491</coordinates>
          </Point>
        </Placemark>
        <Placemark>
          <name>-76</name>
          <description>
LAC: 38 CID: 447:3 RNC: 0 PSC: 152
ACCURACY: 12
CHANGE_TYPE: DBM
TIMESTAMP: 26 may 2026 5:31:10 p.m.</description>
          <styleUrl>#style_70</styleUrl>
          <Point>
            <coordinates>-77.087717,-12.030482</coordinates>
          </Point>
        </Placemark>
        <Placemark>
          <name>-76</name>
          <description>
LAC: 38 CID: 447:3 RNC: 0 PSC: 152
ACCURACY: 12
CHANGE_TYPE: DBM
TIMESTAMP: 26 may 2026 5:31:11 p.m.</description>
          <styleUrl>#style_70</styleUrl>
          <Point>
            <coordinates>-77.087717,-12.030482</coordinates>
          </Point>
        </Placemark>
        <Placemark>
          <name>-76</name>
          <description>
LAC: 38 CID: 447:3 RNC: 0 PSC: 152
ACCURACY: 12
CHANGE_TYPE: DBM
TIMESTAMP: 26 may 2026 5:31:12 p.m.</description>
          <styleUrl>#style_70</styleUrl>
          <Point>
            <coordinates>-77.087717,-12.030482</coordinates>
          </Point>
        </Placemark>
        <Placemark>
          <name>-76</name>
          <description>
LAC: 38 CID: 447:3 RNC: 0 PSC: 152
ACCURACY: 12
CHANGE_TYPE: DBM
TIMESTAMP: 26 may 2026 5:31:13 p.m.</description>
          <styleUrl>#style_70</styleUrl>
          <Point>
            <coordinates>-77.087717,-12.030482</coordinates>
          </Point>
        </Placemark>
        <Placemark>
          <name>-73</name>
          <description>
LAC: 38 CID: 447:3 RNC: 0 PSC: 152
ACCURACY: 12
CHANGE_TYPE: DBM
TIMESTAMP: 26 may 2026 5:31:14 p.m.</description>
          <styleUrl>#style_70</styleUrl>
          <Point>
            <coordinates>-77.087717,-12.030482</coordinates>
          </Point>
        </Placemark>
        <Placemark>
          <name>-73</name>
          <description>
LAC: 38 CID: 447:3 RNC: 0 PSC: 152
ACCURACY: 12
CHANGE_TYPE: DBM
TIMESTAMP: 26 may 2026 5:31:15 p.m.</description>
          <styleUrl>#style_70</styleUrl>
          <Point>
            <coordinates>-77.087717,-12.030482</coordinates>
          </Point>
        </Placemark>
        <Placemark>
          <name>-74</name>
          <description>
LAC: 38 CID: 447:3 RNC: 0 PSC: 152
ACCURACY: 12
CHANGE_TYPE: DBM
TIMESTAMP: 26 may 2026 5:31:16 p.m.</description>
          <styleUrl>#style_70</styleUrl>
          <Point>
            <coordinates>-77.087717,-12.030482</coordinates>
          </Point>
        </Placemark>
        <Placemark>
          <name>-74</name>
          <description>
LAC: 38 CID: 447:3 RNC: 0 PSC: 152
ACCURACY: 12
CHANGE_TYPE: DBM
TIMESTAMP: 26 may 2026 5:31:17 p.m.</description>
          <styleUrl>#style_70</styleUrl>
          <Point>
            <coordinates>-77.087717,-12.030482</coordinates>
          </Point>
        </Placemark>
        <Placemark>
          <name>-76</name>
          <description>
LAC: 38 CID: 447:3 RNC: 0 PSC: 152
ACCURACY: 12
CHANGE_TYPE: DBM
TIMESTAMP: 26 may 2026 5:31:18 p.m.</description>
          <styleUrl>#style_70</styleUrl>
          <Point>
            <coordinates>-77.087717,-12.030482</coordinates>
          </Point>
        </Placemark>
        <Placemark>
          <name>-76</name>
          <description>
LAC: 38 CID: 447:3 RNC: 0 PSC: 152
ACCURACY: 12
CHANGE_TYPE: DBM
TIMESTAMP: 26 may 2026 5:31:19 p.m.</description>
          <styleUrl>#style_70</styleUrl>
          <Point>
            <coordinates>-77.087717,-12.030482</coordinates>
          </Point>
        </Placemark>
        <Placemark>
          <name>-69</name>
          <description>
LAC: 38 CID: 447:3 RNC: 0 PSC: 152
ACCURACY: 12
CHANGE_TYPE: DBM
TIMESTAMP: 26 may 2026 5:31:20 p.m.</description>
          <styleUrl>#style_70</styleUrl>
          <Point>
            <coordinates>-77.087656,-12.030473</coordinates>
          </Point>
        </Placemark>
        <Placemark>
          <name>-69</name>
          <description>
LAC: 38 CID: 447:3 RNC: 0 PSC: 152
ACCURACY: 12
CHANGE_TYPE: DBM
TIMESTAMP: 26 may 2026 5:31:21 p.m.</description>
          <styleUrl>#style_70</styleUrl>
          <Point>
            <coordinates>-77.087656,-12.030473</coordinates>
          </Point>
        </Placemark>
        <Placemark>
          <name>-68</name>
          <description>
LAC: 38 CID: 447:3 RNC: 0 PSC: 152
ACCURACY: 12
CHANGE_TYPE: DBM
TIMESTAMP: 26 may 2026 5:31:22 p.m.</description>
          <styleUrl>#style_70</styleUrl>
          <Point>
            <coordinates>-77.087656,-12.030473</coordinates>
          </Point>
        </Placemark>
        <Placemark>
          <name>-68</name>
          <description>
LAC: 38 CID: 447:3 RNC: 0 PSC: 152
ACCURACY: 12
CHANGE_TYPE: DBM
TIMESTAMP: 26 may 2026 5:31:23 p.m.</description>
          <styleUrl>#style_70</styleUrl>
          <Point>
            <coordinates>-77.087656,-12.030473</coordinates>
          </Point>
        </Placemark>
        <Placemark>
          <name>-67</name>
          <description>
LAC: 38 CID: 447:3 RNC: 0 PSC: 152
ACCURACY: 12
CHANGE_TYPE: DBM
TIMESTAMP: 26 may 2026 5:31:24 p.m.</description>
          <styleUrl>#style_80</styleUrl>
          <Point>
            <coordinates>-77.087656,-12.030473</coordinates>
          </Point>
        </Placemark>
        <Placemark>
          <name>-67</name>
          <description>
LAC: 38 CID: 447:3 RNC: 0 PSC: 152
ACCURACY: 12
CHANGE_TYPE: DBM
TIMESTAMP: 26 may 2026 5:31:25 p.m.</description>
          <styleUrl>#style_80</styleUrl>
          <Point>
            <coordinates>-77.087656,-12.030473</coordinates>
          </Point>
        </Placemark>
        <Placemark>
          <name>-68</name>
          <description>
LAC: 38 CID: 447:3 RNC: 0 PSC: 152
ACCURACY: 12
CHANGE_TYPE: DBM
TIMESTAMP: 26 may 2026 5:31:26 p.m.</description>
          <styleUrl>#style_70</styleUrl>
          <Point>
            <coordinates>-77.087656,-12.030473</coordinates>
          </Point>
        </Placemark>
        <Placemark>
          <name>-75</name>
          <description>
LAC: 38 CID: 447:3 RNC: 0 PSC: 152
ACCURACY: 12
CHANGE_TYPE: DBM
TIMESTAMP: 26 may 2026 5:31:28 p.m.</description>
          <styleUrl>#style_70</styleUrl>
          <Point>
            <coordinates>-77.087656,-12.030473</coordinates>
          </Point>
        </Placemark>
        <Placemark>
          <name>-75</name>
          <description>
LAC: 38 CID: 447:3 RNC: 0 PSC: 152
ACCURACY: 12
CHANGE_TYPE: DBM
TIMESTAMP: 26 may 2026 5:31:29 p.m.</description>
          <styleUrl>#style_70</styleUrl>
          <Point>
            <coordinates>-77.087584,-12.030433</coordinates>
          </Point>
        </Placemark>
        <Placemark>
          <name>-67</name>
          <description>
LAC: 38 CID: 447:3 RNC: 0 PSC: 152
ACCURACY: 12
CHANGE_TYPE: DBM
TIMESTAMP: 26 may 2026 5:31:30 p.m.</description>
          <styleUrl>#style_80</styleUrl>
          <Point>
            <coordinates>-77.087584,-12.030433</coordinates>
          </Point>
        </Placemark>
        <Placemark>
          <name>-67</name>
          <description>
LAC: 38 CID: 447:3 RNC: 0 PSC: 152
ACCURACY: 12
CHANGE_TYPE: DBM
TIMESTAMP: 26 may 2026 5:31:32 p.m.</description>
          <styleUrl>#style_80</styleUrl>
          <Point>
            <coordinates>-77.087584,-12.030433</coordinates>
          </Point>
        </Placemark>
        <Placemark>
          <name>-68</name>
          <description>
LAC: 38 CID: 447:3 RNC: 0 PSC: 152
ACCURACY: 12
CHANGE_TYPE: DBM
TIMESTAMP: 26 may 2026 5:31:33 p.m.</description>
          <styleUrl>#style_70</styleUrl>
          <Point>
            <coordinates>-77.087584,-12.030433</coordinates>
          </Point>
        </Placemark>
        <Placemark>
          <name>-68</name>
          <description>
LAC: 38 CID: 447:3 RNC: 0 PSC: 152
ACCURACY: 12
CHANGE_TYPE: DBM
TIMESTAMP: 26 may 2026 5:31:34 p.m.</description>
          <styleUrl>#style_70</styleUrl>
          <Point>
            <coordinates>-77.087584,-12.030433</coordinates>
          </Point>
        </Placemark>
        <Placemark>
          <name>-68</name>
          <description>
LAC: 38 CID: 447:3 RNC: 0 PSC: 152
ACCURACY: 12
CHANGE_TYPE: DBM
TIMESTAMP: 26 may 2026 5:31:35 p.m.</description>
          <styleUrl>#style_70</styleUrl>
          <Point>
            <coordinates>-77.087528,-12.030444</coordinates>
          </Point>
        </Placemark>
        <Placemark>
          <name>-68</name>
          <description>
LAC: 38 CID: 447:3 RNC: 0 PSC: 152
ACCURACY: 12
CHANGE_TYPE: DBM
TIMESTAMP: 26 may 2026 5:31:36 p.m.</description>
          <styleUrl>#style_70</styleUrl>
          <Point>
            <coordinates>-77.087528,-12.030444</coordinates>
          </Point>
        </Placemark>
        <Placemark>
          <name>-73</name>
          <description>
LAC: 38 CID: 447:3 RNC: 0 PSC: 152
ACCURACY: 12
CHANGE_TYPE: DBM
TIMESTAMP: 26 may 2026 5:31:37 p.m.</description>
          <styleUrl>#style_70</styleUrl>
          <Point>
            <coordinates>-77.087528,-12.030444</coordinates>
          </Point>
        </Placemark>
        <Placemark>
          <name>-69</name>
          <description>
LAC: 38 CID: 447:3 RNC: 0 PSC: 152
ACCURACY: 12
CHANGE_TYPE: DBM
TIMESTAMP: 26 may 2026 5:31:39 p.m.</description>
          <styleUrl>#style_70</styleUrl>
          <Point>
            <coordinates>-77.087528,-12.030444</coordinates>
          </Point>
        </Placemark>
        <Placemark>
          <name>-65</name>
          <description>
LAC: 38 CID: 447:3 RNC: 0 PSC: 152
ACCURACY: 11
CHANGE_TYPE: DBM
TIMESTAMP: 26 may 2026 5:31:41 p.m.</description>
          <styleUrl>#style_80</styleUrl>
          <Point>
            <coordinates>-77.087471,-12.030454</coordinates>
          </Point>
        </Placemark>
        <Placemark>
          <name>-65</name>
          <description>
LAC: 38 CID: 447:3 RNC: 0 PSC: 152
ACCURACY: 11
CHANGE_TYPE: DBM
TIMESTAMP: 26 may 2026 5:31:42 p.m.</description>
          <styleUrl>#style_80</styleUrl>
          <Point>
            <coordinates>-77.087471,-12.030454</coordinates>
          </Point>
        </Placemark>
        <Placemark>
          <name>-74</name>
          <description>
LAC: 38 CID: 447:3 RNC: 0 PSC: 152
ACCURACY: 11
CHANGE_TYPE: DBM
TIMESTAMP: 26 may 2026 5:31:43 p.m.</description>
          <styleUrl>#style_70</styleUrl>
          <Point>
            <coordinates>-77.087471,-12.030454</coordinates>
          </Point>
        </Placemark>
        <Placemark>
          <name>-71</name>
          <description>
LAC: 38 CID: 447:3 RNC: 0 PSC: 152
ACCURACY: 11
CHANGE_TYPE: DBM
TIMESTAMP: 26 may 2026 5:31:45 p.m.</description>
          <styleUrl>#style_70</styleUrl>
          <Point>
            <coordinates>-77.087471,-12.030454</coordinates>
          </Point>
        </Placemark>
        <Placemark>
          <name>-65</name>
          <description>
LAC: 38 CID: 447:3 RNC: 0 PSC: 152
ACCURACY: 11
CHANGE_TYPE: DBM
TIMESTAMP: 26 may 2026 5:31:46 p.m.</description>
          <styleUrl>#style_80</styleUrl>
          <Point>
            <coordinates>-77.087471,-12.030454</coordinates>
          </Point>
        </Placemark>
        <Placemark>
          <name>-65</name>
          <description>
LAC: 38 CID: 447:3 RNC: 0 PSC: 152
ACCURACY: 11
CHANGE_TYPE: DBM
TIMESTAMP: 26 may 2026 5:31:47 p.m.</description>
          <styleUrl>#style_80</styleUrl>
          <Point>
            <coordinates>-77.087471,-12.030454</coordinates>
          </Point>
        </Placemark>
        <Placemark>
          <name>-65</name>
          <description>
LAC: 38 CID: 447:3 RNC: 0 PSC: 152
ACCURACY: 11
CHANGE_TYPE: DBM
TIMESTAMP: 26 may 2026 5:31:48 p.m.</description>
          <styleUrl>#style_80</styleUrl>
          <Point>
            <coordinates>-77.087471,-12.030454</coordinates>
          </Point>
        </Placemark>
        <Placemark>
          <name>-65</name>
          <description>
LAC: 38 CID: 447:3 RNC: 0 PSC: 152
ACCURACY: 11
CHANGE_TYPE: DBM
TIMESTAMP: 26 may 2026 5:31:49 p.m.</description>
          <styleUrl>#style_80</styleUrl>
          <Point>
            <coordinates>-77.087471,-12.030454</coordinates>
          </Point>
        </Placemark>
        <Placemark>
          <name>-65</name>
          <description>
LAC: 38 CID: 447:3 RNC: 0 PSC: 152
ACCURACY: 11
CHANGE_TYPE: DBM
TIMESTAMP: 26 may 2026 5:31:50 p.m.</description>
          <styleUrl>#style_80</styleUrl>
          <Point>
            <coordinates>-77.087386,-12.03047</coordinates>
          </Point>
        </Placemark>
        <Placemark>
          <name>-71</name>
          <description>
LAC: 38 CID: 447:3 RNC: 0 PSC: 152
ACCURACY: 11
CHANGE_TYPE: DBM
TIMESTAMP: 26 may 2026 5:31:51 p.m.</description>
          <styleUrl>#style_70</styleUrl>
          <Point>
            <coordinates>-77.087386,-12.03047</coordinates>
          </Point>
        </Placemark>
        <Placemark>
          <name>-71</name>
          <description>
LAC: 38 CID: 447:3 RNC: 0 PSC: 152
ACCURACY: 11
CHANGE_TYPE: DBM
TIMESTAMP: 26 may 2026 5:31:52 p.m.</description>
          <styleUrl>#style_70</styleUrl>
          <Point>
            <coordinates>-77.087386,-12.03047</coordinates>
          </Point>
        </Placemark>
        <Placemark>
          <name>-69</name>
          <description>
LAC: 38 CID: 447:3 RNC: 0 PSC: 152
ACCURACY: 11
CHANGE_TYPE: DBM
TIMESTAMP: 26 may 2026 5:31:53 p.m.</description>
          <styleUrl>#style_70</styleUrl>
          <Point>
            <coordinates>-77.087386,-12.03047</coordinates>
          </Point>
        </Placemark>
        <Placemark>
          <name>-69</name>
          <description>
LAC: 38 CID: 447:3 RNC: 0 PSC: 152
ACCURACY: 11
CHANGE_TYPE: DBM
TIMESTAMP: 26 may 2026 5:31:54 p.m.</description>
          <styleUrl>#style_70</styleUrl>
          <Point>
            <coordinates>-77.087386,-12.03047</coordinates>
          </Point>
        </Placemark>
        <Placemark>
          <name>-67</name>
          <description>
LAC: 38 CID: 447:3 RNC: 0 PSC: 152
ACCURACY: 11
CHANGE_TYPE: DBM
TIMESTAMP: 26 may 2026 5:31:55 p.m.</description>
          <styleUrl>#style_80</styleUrl>
          <Point>
            <coordinates>-77.087386,-12.03047</coordinates>
          </Point>
        </Placemark>
        <Placemark>
          <name>-65</name>
          <description>
LAC: 38 CID: 447:3 RNC: 0 PSC: 152
ACCURACY: 11
CHANGE_TYPE: DBM
TIMESTAMP: 26 may 2026 5:31:57 p.m.</description>
          <styleUrl>#style_80</styleUrl>
          <Point>
            <coordinates>-77.087386,-12.03047</coordinates>
          </Point>
        </Placemark>
        <Placemark>
          <name>-68</name>
          <description>
LAC: 38 CID: 447:3 RNC: 0 PSC: 152
ACCURACY: 11
CHANGE_TYPE: DBM
TIMESTAMP: 26 may 2026 5:31:59 p.m.</description>
          <styleUrl>#style_70</styleUrl>
          <Point>
            <coordinates>-77.087386,-12.03047</coordinates>
          </Point>
        </Placemark>
        <Placemark>
          <name>-68</name>
          <description>
LAC: 38 CID: 447:3 RNC: 0 PSC: 152
ACCURACY: 12
CHANGE_TYPE: DBM
TIMESTAMP: 26 may 2026 5:32:00 p.m.</description>
          <styleUrl>#style_70</styleUrl>
          <Point>
            <coordinates>-77.087298,-12.03049</coordinates>
          </Point>
        </Placemark>
        <Placemark>
          <name>-61</name>
          <description>
LAC: 38 CID: 447:3 RNC: 0 PSC: 152
ACCURACY: 12
CHANGE_TYPE: DBM
TIMESTAMP: 26 may 2026 5:32:01 p.m.</description>
          <styleUrl>#style_80</styleUrl>
          <Point>
            <coordinates>-77.087298,-12.03049</coordinates>
          </Point>
        </Placemark>
        <Placemark>
          <name>-61</name>
          <description>
LAC: 38 CID: 447:3 RNC: 0 PSC: 152
ACCURACY: 12
CHANGE_TYPE: DBM
TIMESTAMP: 26 may 2026 5:32:02 p.m.</description>
          <styleUrl>#style_80</styleUrl>
          <Point>
            <coordinates>-77.087298,-12.03049</coordinates>
          </Point>
        </Placemark>
        <Placemark>
          <name>-63</name>
          <description>
LAC: 38 CID: 447:3 RNC: 0 PSC: 152
ACCURACY: 12
CHANGE_TYPE: DBM
TIMESTAMP: 26 may 2026 5:32:03 p.m.</description>
          <styleUrl>#style_80</styleUrl>
          <Point>
            <coordinates>-77.087298,-12.03049</coordinates>
          </Point>
        </Placemark>
        <Placemark>
          <name>-63</name>
          <description>
LAC: 38 CID: 447:3 RNC: 0 PSC: 152
ACCURACY: 12
CHANGE_TYPE: DBM
TIMESTAMP: 26 may 2026 5:32:04 p.m.</description>
          <styleUrl>#style_80</styleUrl>
          <Point>
            <coordinates>-77.087298,-12.03049</coordinates>
          </Point>
        </Placemark>
        <Placemark>
          <name>-61</name>
          <description>
LAC: 38 CID: 447:3 RNC: 0 PSC: 152
ACCURACY: 12
CHANGE_TYPE: DBM
TIMESTAMP: 26 may 2026 5:32:05 p.m.</description>
          <styleUrl>#style_80</styleUrl>
          <Point>
            <coordinates>-77.087298,-12.03049</coordinates>
          </Point>
        </Placemark>
        <Placemark>
          <name>-61</name>
          <description>
LAC: 38 CID: 447:3 RNC: 0 PSC: 152
ACCURACY: 12
CHANGE_TYPE: DBM
TIMESTAMP: 26 may 2026 5:32:06 p.m.</description>
          <styleUrl>#style_80</styleUrl>
          <Point>
            <coordinates>-77.087298,-12.03049</coordinates>
          </Point>
        </Placemark>
        <Placemark>
          <name>-56</name>
          <description>
LAC: 38 CID: 447:3 RNC: 0 PSC: 152
ACCURACY: 12
CHANGE_TYPE: DBM
TIMESTAMP: 26 may 2026 5:32:07 p.m.</description>
          <styleUrl>#style_90</styleUrl>
          <Point>
            <coordinates>-77.087298,-12.03049</coordinates>
          </Point>
        </Placemark>
        <Placemark>
          <name>-56</name>
          <description>
LAC: 38 CID: 447:3 RNC: 0 PSC: 152
ACCURACY: 12
CHANGE_TYPE: DBM
TIMESTAMP: 26 may 2026 5:32:09 p.m.</description>
          <styleUrl>#style_90</styleUrl>
          <Point>
            <coordinates>-77.087298,-12.03049</coordinates>
          </Point>
        </Placemark>
        <Placemark>
          <name>-61</name>
          <description>
LAC: 38 CID: 447:3 RNC: 0 PSC: 152
ACCURACY: 12
CHANGE_TYPE: DBM
TIMESTAMP: 26 may 2026 5:32:10 p.m.</description>
          <styleUrl>#style_80</styleUrl>
          <Point>
            <coordinates>-77.087195,-12.030518</coordinates>
          </Point>
        </Placemark>
        <Placemark>
          <name>-63</name>
          <description>
LAC: 38 CID: 447:3 RNC: 0 PSC: 152
ACCURACY: 12
CHANGE_TYPE: DBM
TIMESTAMP: 26 may 2026 5:32:12 p.m.</description>
          <styleUrl>#style_80</styleUrl>
          <Point>
            <coordinates>-77.087195,-12.030518</coordinates>
          </Point>
        </Placemark>
        <Placemark>
          <name>-63</name>
          <description>
LAC: 38 CID: 447:3 RNC: 0 PSC: 152
ACCURACY: 12
CHANGE_TYPE: DBM
TIMESTAMP: 26 may 2026 5:32:13 p.m.</description>
          <styleUrl>#style_80</styleUrl>
          <Point>
            <coordinates>-77.087195,-12.030518</coordinates>
          </Point>
        </Placemark>
        <Placemark>
          <name>-67</name>
          <description>
LAC: 38 CID: 447:3 RNC: 0 PSC: 152
ACCURACY: 12
CHANGE_TYPE: DBM
TIMESTAMP: 26 may 2026 5:32:14 p.m.</description>
          <styleUrl>#style_80</styleUrl>
          <Point>
            <coordinates>-77.087195,-12.030518</coordinates>
          </Point>
        </Placemark>
        <Placemark>
          <name>-59</name>
          <description>
LAC: 38 CID: 447:3 RNC: 0 PSC: 152
ACCURACY: 12
CHANGE_TYPE: DBM
TIMESTAMP: 26 may 2026 5:32:16 p.m.</description>
          <styleUrl>#style_80</styleUrl>
          <Point>
            <coordinates>-77.087148,-12.030521</coordinates>
          </Point>
        </Placemark>
        <Placemark>
          <name>-59</name>
          <description>
LAC: 38 CID: 447:3 RNC: 0 PSC: 152
ACCURACY: 12
CHANGE_TYPE: DBM
TIMESTAMP: 26 may 2026 5:32:17 p.m.</description>
          <styleUrl>#style_80</styleUrl>
          <Point>
            <coordinates>-77.087148,-12.030521</coordinates>
          </Point>
        </Placemark>
        <Placemark>
          <name>-54</name>
          <description>
LAC: 38 CID: 447:3 RNC: 0 PSC: 152
ACCURACY: 12
CHANGE_TYPE: DBM
TIMESTAMP: 26 may 2026 5:32:18 p.m.</description>
          <styleUrl>#style_90</styleUrl>
          <Point>
            <coordinates>-77.087148,-12.030521</coordinates>
          </Point>
        </Placemark>
        <Placemark>
          <name>-54</name>
          <description>
LAC: 38 CID: 447:3 RNC: 0 PSC: 152
ACCURACY: 12
CHANGE_TYPE: DBM
TIMESTAMP: 26 may 2026 5:32:19 p.m.</description>
          <styleUrl>#style_90</styleUrl>
          <Point>
            <coordinates>-77.087148,-12.030521</coordinates>
          </Point>
        </Placemark>
        <Placemark>
          <name>-56</name>
          <description>
LAC: 38 CID: 447:3 RNC: 0 PSC: 152
ACCURACY: 12
CHANGE_TYPE: DBM
TIMESTAMP: 26 may 2026 5:32:20 p.m.</description>
          <styleUrl>#style_90</styleUrl>
          <Point>
            <coordinates>-77.087148,-12.030521</coordinates>
          </Point>
        </Placemark>
        <Placemark>
          <name>-71</name>
          <description>
LAC: 38 CID: 447:3 RNC: 0 PSC: 152
ACCURACY: 12
CHANGE_TYPE: DBM
TIMESTAMP: 26 may 2026 5:32:22 p.m.</description>
          <styleUrl>#style_70</styleUrl>
          <Point>
            <coordinates>-77.087148,-12.030521</coordinates>
          </Point>
        </Placemark>
        <Placemark>
          <name>-71</name>
          <description>
LAC: 38 CID: 447:3 RNC: 0 PSC: 152
ACCURACY: 12
CHANGE_TYPE: DBM
TIMESTAMP: 26 may 2026 5:32:23 p.m.</description>
          <styleUrl>#style_70</styleUrl>
          <Point>
            <coordinates>-77.087148,-12.030521</coordinates>
          </Point>
        </Placemark>
        <Placemark>
          <name>-77</name>
          <description>
LAC: 38 CID: 447:3 RNC: 0 PSC: 152
ACCURACY: 12
CHANGE_TYPE: DBM
TIMESTAMP: 26 may 2026 5:32:24 p.m.</description>
          <styleUrl>#style_60</styleUrl>
          <Point>
            <coordinates>-77.087148,-12.030521</coordinates>
          </Point>
        </Placemark>
        <Placemark>
          <name>-77</name>
          <description>
LAC: 38 CID: 447:3 RNC: 0 PSC: 152
ACCURACY: 12
CHANGE_TYPE: DBM
TIMESTAMP: 26 may 2026 5:32:25 p.m.</description>
          <styleUrl>#style_60</styleUrl>
          <Point>
            <coordinates>-77.087148,-12.030521</coordinates>
          </Point>
        </Placemark>
        <Placemark>
          <name>-71</name>
          <description>
LAC: 38 CID: 447:3 RNC: 0 PSC: 152
ACCURACY: 12
CHANGE_TYPE: DBM
TIMESTAMP: 26 may 2026 5:32:26 p.m.</description>
          <styleUrl>#style_70</styleUrl>
          <Point>
            <coordinates>-77.087148,-12.030521</coordinates>
          </Point>
        </Placemark>
        <Placemark>
          <name>-71</name>
          <description>
LAC: 38 CID: 447:3 RNC: 0 PSC: 152
ACCURACY: 12
CHANGE_TYPE: DBM
TIMESTAMP: 26 may 2026 5:32:27 p.m.</description>
          <styleUrl>#style_70</styleUrl>
          <Point>
            <coordinates>-77.087148,-12.030521</coordinates>
          </Point>
        </Placemark>
        <Placemark>
          <name>-74</name>
          <description>
LAC: 38 CID: 447:3 RNC: 0 PSC: 152
ACCURACY: 12
CHANGE_TYPE: DBM
TIMESTAMP: 26 may 2026 5:32:28 p.m.</description>
          <styleUrl>#style_70</styleUrl>
          <Point>
            <coordinates>-77.087148,-12.030521</coordinates>
          </Point>
        </Placemark>
        <Placemark>
          <name>-73</name>
          <description>
LAC: 38 CID: 447:3 RNC: 0 PSC: 152
ACCURACY: 12
CHANGE_TYPE: DBM
TIMESTAMP: 26 may 2026 5:32:30 p.m.</description>
          <styleUrl>#style_70</styleUrl>
          <Point>
            <coordinates>-77.087148,-12.030521</coordinates>
          </Point>
        </Placemark>
        <Placemark>
          <name>-73</name>
          <description>
LAC: 38 CID: 447:3 RNC: 0 PSC: 152
ACCURACY: 12
CHANGE_TYPE: DBM
TIMESTAMP: 26 may 2026 5:32:31 p.m.</description>
          <styleUrl>#style_70</styleUrl>
          <Point>
            <coordinates>-77.087148,-12.030521</coordinates>
          </Point>
        </Placemark>
        <Placemark>
          <name>-72</name>
          <description>
LAC: 38 CID: 447:3 RNC: 0 PSC: 152
ACCURACY: 12
CHANGE_TYPE: DBM
TIMESTAMP: 26 may 2026 5:32:32 p.m.</description>
          <styleUrl>#style_70</styleUrl>
          <Point>
            <coordinates>-77.087148,-12.030521</coordinates>
          </Point>
        </Placemark>
        <Placemark>
          <name>-72</name>
          <description>
LAC: 38 CID: 447:3 RNC: 0 PSC: 152
ACCURACY: 12
CHANGE_TYPE: DBM
TIMESTAMP: 26 may 2026 5:32:33 p.m.</description>
          <styleUrl>#style_70</styleUrl>
          <Point>
            <coordinates>-77.087148,-12.030521</coordinates>
          </Point>
        </Placemark>
        <Placemark>
          <name>-74</name>
          <description>
LAC: 38 CID: 447:3 RNC: 0 PSC: 152
ACCURACY: 12
CHANGE_TYPE: DBM
TIMESTAMP: 26 may 2026 5:32:34 p.m.</description>
          <styleUrl>#style_70</styleUrl>
          <Point>
            <coordinates>-77.087148,-12.030521</coordinates>
          </Point>
        </Placemark>
        <Placemark>
          <name>-74</name>
          <description>
LAC: 38 CID: 447:3 RNC: 0 PSC: 152
ACCURACY: 12
CHANGE_TYPE: DBM
TIMESTAMP: 26 may 2026 5:32:35 p.m.</description>
          <styleUrl>#style_70</styleUrl>
          <Point>
            <coordinates>-77.087148,-12.030521</coordinates>
          </Point>
        </Placemark>
        <Placemark>
          <name>-72</name>
          <description>
LAC: 38 CID: 447:3 RNC: 0 PSC: 152
ACCURACY: 12
CHANGE_TYPE: DBM
TIMESTAMP: 26 may 2026 5:32:36 p.m.</description>
          <styleUrl>#style_70</styleUrl>
          <Point>
            <coordinates>-77.087148,-12.030521</coordinates>
          </Point>
        </Placemark>
        <Placemark>
          <name>-68</name>
          <description>
LAC: 38 CID: 447:3 RNC: 0 PSC: 152
ACCURACY: 12
CHANGE_TYPE: DBM
TIMESTAMP: 26 may 2026 5:32:39 p.m.</description>
          <styleUrl>#style_70</styleUrl>
          <Point>
            <coordinates>-77.087148,-12.030521</coordinates>
          </Point>
        </Placemark>
        <Placemark>
          <name>-68</name>
          <description>
LAC: 38 CID: 447:3 RNC: 0 PSC: 152
ACCURACY: 15
CHANGE_TYPE: DBM
TIMESTAMP: 26 may 2026 5:32:40 p.m.</description>
          <styleUrl>#style_70</styleUrl>
          <Point>
            <coordinates>-77.08713,-12.030578</coordinates>
          </Point>
        </Placemark>
        <Placemark>
          <name>-68</name>
          <description>
LAC: 38 CID: 447:3 RNC: 0 PSC: 152
ACCURACY: 15
CHANGE_TYPE: DBM
TIMESTAMP: 26 may 2026 5:32:41 p.m.</description>
          <styleUrl>#style_70</styleUrl>
          <Point>
            <coordinates>-77.08713,-12.030578</coordinates>
          </Point>
        </Placemark>
        <Placemark>
          <name>-68</name>
          <description>
LAC: 38 CID: 447:3 RNC: 0 PSC: 152
ACCURACY: 15
CHANGE_TYPE: DBM
TIMESTAMP: 26 may 2026 5:32:42 p.m.</description>
          <styleUrl>#style_70</styleUrl>
          <Point>
            <coordinates>-77.08713,-12.030578</coordinates>
          </Point>
        </Placemark>
        <Placemark>
          <name>-70</name>
          <description>
LAC: 38 CID: 447:3 RNC: 0 PSC: 152
ACCURACY: 15
CHANGE_TYPE: DBM
TIMESTAMP: 26 may 2026 5:32:43 p.m.</description>
          <styleUrl>#style_70</styleUrl>
          <Point>
            <coordinates>-77.08713,-12.030578</coordinates>
          </Point>
        </Placemark>
        <Placemark>
          <name>-70</name>
          <description>
LAC: 38 CID: 447:3 RNC: 0 PSC: 152
ACCURACY: 15
CHANGE_TYPE: DBM
TIMESTAMP: 26 may 2026 5:32:44 p.m.</description>
          <styleUrl>#style_70</styleUrl>
          <Point>
            <coordinates>-77.08713,-12.030578</coordinates>
          </Point>
        </Placemark>
        <Placemark>
          <name>-76</name>
          <description>
LAC: 38 CID: 447:3 RNC: 0 PSC: 152
ACCURACY: 15
CHANGE_TYPE: DBM
TIMESTAMP: 26 may 2026 5:32:45 p.m.</description>
          <styleUrl>#style_70</styleUrl>
          <Point>
            <coordinates>-77.08713,-12.030578</coordinates>
          </Point>
        </Placemark>
        <Placemark>
          <name>-76</name>
          <description>
LAC: 38 CID: 447:3 RNC: 0 PSC: 152
ACCURACY: 15
CHANGE_TYPE: DBM
TIMESTAMP: 26 may 2026 5:32:46 p.m.</description>
          <styleUrl>#style_70</styleUrl>
          <Point>
            <coordinates>-77.08713,-12.030578</coordinates>
          </Point>
        </Placemark>
        <Placemark>
          <name>-74</name>
          <description>
LAC: 38 CID: 447:3 RNC: 0 PSC: 152
ACCURACY: 15
CHANGE_TYPE: DBM
TIMESTAMP: 26 may 2026 5:32:47 p.m.</description>
          <styleUrl>#style_70</styleUrl>
          <Point>
            <coordinates>-77.08713,-12.030578</coordinates>
          </Point>
        </Placemark>
        <Placemark>
          <name>-74</name>
          <description>
LAC: 38 CID: 447:3 RNC: 0 PSC: 152
ACCURACY: 15
CHANGE_TYPE: DBM
TIMESTAMP: 26 may 2026 5:32:48 p.m.</description>
          <styleUrl>#style_70</styleUrl>
          <Point>
            <coordinates>-77.08713,-12.030578</coordinates>
          </Point>
        </Placemark>
        <Placemark>
          <name>-76</name>
          <description>
LAC: 38 CID: 447:3 RNC: 0 PSC: 152
ACCURACY: 15
CHANGE_TYPE: DBM
TIMESTAMP: 26 may 2026 5:32:49 p.m.</description>
          <styleUrl>#style_70</styleUrl>
          <Point>
            <coordinates>-77.08713,-12.030578</coordinates>
          </Point>
        </Placemark>
        <Placemark>
          <name>-76</name>
          <description>
LAC: 38 CID: 447:3 RNC: 0 PSC: 152
ACCURACY: 15
CHANGE_TYPE: DBM
TIMESTAMP: 26 may 2026 5:32:50 p.m.</description>
          <styleUrl>#style_70</styleUrl>
          <Point>
            <coordinates>-77.08713,-12.030578</coordinates>
          </Point>
        </Placemark>
        <Placemark>
          <name>-73</name>
          <description>
LAC: 38 CID: 447:3 RNC: 0 PSC: 152
ACCURACY: 15
CHANGE_TYPE: DBM
TIMESTAMP: 26 may 2026 5:32:51 p.m.</description>
          <styleUrl>#style_70</styleUrl>
          <Point>
            <coordinates>-77.08713,-12.030578</coordinates>
          </Point>
        </Placemark>
        <Placemark>
          <name>-73</name>
          <description>
LAC: 38 CID: 447:3 RNC: 0 PSC: 152
ACCURACY: 15
CHANGE_TYPE: DBM
TIMESTAMP: 26 may 2026 5:32:52 p.m.</description>
          <styleUrl>#style_70</styleUrl>
          <Point>
            <coordinates>-77.08713,-12.030578</coordinates>
          </Point>
        </Placemark>
        <Placemark>
          <name>-78</name>
          <description>
LAC: 38 CID: 447:3 RNC: 0 PSC: 152
ACCURACY: 15
CHANGE_TYPE: DBM
TIMESTAMP: 26 may 2026 5:32:53 p.m.</description>
          <styleUrl>#style_60</styleUrl>
          <Point>
            <coordinates>-77.08713,-12.030578</coordinates>
          </Point>
        </Placemark>
        <Placemark>
          <name>-78</name>
          <description>
LAC: 38 CID: 447:3 RNC: 0 PSC: 152
ACCURACY: 15
CHANGE_TYPE: DBM
TIMESTAMP: 26 may 2026 5:32:54 p.m.</description>
          <styleUrl>#style_60</styleUrl>
          <Point>
            <coordinates>-77.08713,-12.030578</coordinates>
          </Point>
        </Placemark>
        <Placemark>
          <name>-79</name>
          <description>
LAC: 38 CID: 447:3 RNC: 0 PSC: 152
ACCURACY: 15
CHANGE_TYPE: DBM
TIMESTAMP: 26 may 2026 5:32:55 p.m.</description>
          <styleUrl>#style_60</styleUrl>
          <Point>
            <coordinates>-77.08713,-12.030578</coordinates>
          </Point>
        </Placemark>
        <Placemark>
          <name>-79</name>
          <description>
LAC: 38 CID: 447:3 RNC: 0 PSC: 152
ACCURACY: 15
CHANGE_TYPE: DBM
TIMESTAMP: 26 may 2026 5:32:56 p.m.</description>
          <styleUrl>#style_60</styleUrl>
          <Point>
            <coordinates>-77.08713,-12.030578</coordinates>
          </Point>
        </Placemark>
        <Placemark>
          <name>-74</name>
          <description>
LAC: 38 CID: 447:3 RNC: 0 PSC: 152
ACCURACY: 15
CHANGE_TYPE: DBM
TIMESTAMP: 26 may 2026 5:32:57 p.m.</description>
          <styleUrl>#style_70</styleUrl>
          <Point>
            <coordinates>-77.08713,-12.030578</coordinates>
          </Point>
        </Placemark>
        <Placemark>
          <name>-72</name>
          <description>
LAC: 38 CID: 447:3 RNC: 0 PSC: 152
ACCURACY: 15
CHANGE_TYPE: DBM
TIMESTAMP: 26 may 2026 5:32:59 p.m.</description>
          <styleUrl>#style_70</styleUrl>
          <Point>
            <coordinates>-77.08713,-12.030578</coordinates>
          </Point>
        </Placemark>
        <Placemark>
          <name>-72</name>
          <description>
LAC: 38 CID: 447:3 RNC: 0 PSC: 152
ACCURACY: 15
CHANGE_TYPE: DBM
TIMESTAMP: 26 may 2026 5:33:00 p.m.</description>
          <styleUrl>#style_70</styleUrl>
          <Point>
            <coordinates>-77.08713,-12.030578</coordinates>
          </Point>
        </Placemark>
        <Placemark>
          <name>-72</name>
          <description>
LAC: 38 CID: 447:3 RNC: 0 PSC: 152
ACCURACY: 15
CHANGE_TYPE: DBM
TIMESTAMP: 26 may 2026 5:33:01 p.m.</description>
          <styleUrl>#style_70</styleUrl>
          <Point>
            <coordinates>-77.08713,-12.030578</coordinates>
          </Point>
        </Placemark>
        <Placemark>
          <name>-73</name>
          <description>
LAC: 38 CID: 447:3 RNC: 0 PSC: 152
ACCURACY: 15
CHANGE_TYPE: DBM
TIMESTAMP: 26 may 2026 5:33:03 p.m.</description>
          <styleUrl>#style_70</styleUrl>
          <Point>
            <coordinates>-77.08713,-12.030578</coordinates>
          </Point>
        </Placemark>
        <Placemark>
          <name>-73</name>
          <description>
LAC: 38 CID: 447:3 RNC: 0 PSC: 152
ACCURACY: 16
CHANGE_TYPE: DBM
TIMESTAMP: 26 may 2026 5:33:05 p.m.</description>
          <styleUrl>#style_70</styleUrl>
          <Point>
            <coordinates>-77.087098,-12.030544</coordinates>
          </Point>
        </Placemark>
        <Placemark>
          <name>-73</name>
          <description>
LAC: 38 CID: 447:3 RNC: 0 PSC: 152
ACCURACY: 16
CHANGE_TYPE: DBM
TIMESTAMP: 26 may 2026 5:33:06 p.m.</description>
          <styleUrl>#style_70</styleUrl>
          <Point>
            <coordinates>-77.087098,-12.030544</coordinates>
          </Point>
        </Placemark>
        <Placemark>
          <name>-73</name>
          <description>
LAC: 38 CID: 447:3 RNC: 0 PSC: 152
ACCURACY: 16
CHANGE_TYPE: DBM
TIMESTAMP: 26 may 2026 5:33:07 p.m.</description>
          <styleUrl>#style_70</styleUrl>
          <Point>
            <coordinates>-77.087098,-12.030544</coordinates>
          </Point>
        </Placemark>
        <Placemark>
          <name>-75</name>
          <description>
LAC: 38 CID: 447:3 RNC: 0 PSC: 152
ACCURACY: 16
CHANGE_TYPE: DBM
TIMESTAMP: 26 may 2026 5:33:08 p.m.</description>
          <styleUrl>#style_70</styleUrl>
          <Point>
            <coordinates>-77.087098,-12.030544</coordinates>
          </Point>
        </Placemark>
        <Placemark>
          <name>-75</name>
          <description>
LAC: 38 CID: 447:3 RNC: 0 PSC: 152
ACCURACY: 16
CHANGE_TYPE: DBM
TIMESTAMP: 26 may 2026 5:33:09 p.m.</description>
          <styleUrl>#style_70</styleUrl>
          <Point>
            <coordinates>-77.087098,-12.030544</coordinates>
          </Point>
        </Placemark>
        <Placemark>
          <name>-72</name>
          <description>
LAC: 38 CID: 447:3 RNC: 0 PSC: 152
ACCURACY: 16
CHANGE_TYPE: DBM
TIMESTAMP: 26 may 2026 5:33:10 p.m.</description>
          <styleUrl>#style_70</styleUrl>
          <Point>
            <coordinates>-77.087098,-12.030544</coordinates>
          </Point>
        </Placemark>
        <Placemark>
          <name>-72</name>
          <description>
LAC: 38 CID: 447:3 RNC: 0 PSC: 152
ACCURACY: 16
CHANGE_TYPE: DBM
TIMESTAMP: 26 may 2026 5:33:12 p.m.</description>
          <styleUrl>#style_70</styleUrl>
          <Point>
            <coordinates>-77.087098,-12.030544</coordinates>
          </Point>
        </Placemark>
        <Placemark>
          <name>-72</name>
          <description>
LAC: 38 CID: 447:3 RNC: 0 PSC: 152
ACCURACY: 16
CHANGE_TYPE: DBM
TIMESTAMP: 26 may 2026 5:33:13 p.m.</description>
          <styleUrl>#style_70</styleUrl>
          <Point>
            <coordinates>-77.087098,-12.030544</coordinates>
          </Point>
        </Placemark>
        <Placemark>
          <name>-71</name>
          <description>
LAC: 38 CID: 447:3 RNC: 0 PSC: 152
ACCURACY: 16
CHANGE_TYPE: DBM
TIMESTAMP: 26 may 2026 5:33:14 p.m.</description>
          <styleUrl>#style_70</styleUrl>
          <Point>
            <coordinates>-77.087098,-12.030544</coordinates>
          </Point>
        </Placemark>
        <Placemark>
          <name>-73</name>
          <description>
LAC: 38 CID: 447:3 RNC: 0 PSC: 152
ACCURACY: 16
CHANGE_TYPE: DBM
TIMESTAMP: 26 may 2026 5:33:16 p.m.</description>
          <styleUrl>#style_70</styleUrl>
          <Point>
            <coordinates>-77.087098,-12.030544</coordinates>
          </Point>
        </Placemark>
        <Placemark>
          <name>-71</name>
          <description>
LAC: 38 CID: 447:3 RNC: 0 PSC: 152
ACCURACY: 16
CHANGE_TYPE: DBM
TIMESTAMP: 26 may 2026 5:33:18 p.m.</description>
          <styleUrl>#style_70</styleUrl>
          <Point>
            <coordinates>-77.087098,-12.030544</coordinates>
          </Point>
        </Placemark>
        <Placemark>
          <name>-75</name>
          <description>
LAC: 38 CID: 447:3 RNC: 0 PSC: 152
ACCURACY: 16
CHANGE_TYPE: DBM
TIMESTAMP: 26 may 2026 5:33:20 p.m.</description>
          <styleUrl>#style_70</styleUrl>
          <Point>
            <coordinates>-77.087098,-12.030544</coordinates>
          </Point>
        </Placemark>
        <Placemark>
          <name>-75</name>
          <description>
LAC: 38 CID: 447:3 RNC: 0 PSC: 152
ACCURACY: 16
CHANGE_TYPE: DBM
TIMESTAMP: 26 may 2026 5:33:21 p.m.</description>
          <styleUrl>#style_70</styleUrl>
          <Point>
            <coordinates>-77.087098,-12.030544</coordinates>
          </Point>
        </Placemark>
        <Placemark>
          <name>-74</name>
          <description>
LAC: 38 CID: 447:3 RNC: 0 PSC: 152
ACCURACY: 16
CHANGE_TYPE: DBM
TIMESTAMP: 26 may 2026 5:33:22 p.m.</description>
          <styleUrl>#style_70</styleUrl>
          <Point>
            <coordinates>-77.087098,-12.030544</coordinates>
          </Point>
        </Placemark>
        <Placemark>
          <name>-76</name>
          <description>
LAC: 38 CID: 447:3 RNC: 0 PSC: 152
ACCURACY: 16
CHANGE_TYPE: DBM
TIMESTAMP: 26 may 2026 5:33:24 p.m.</description>
          <styleUrl>#style_70</styleUrl>
          <Point>
            <coordinates>-77.087098,-12.030544</coordinates>
          </Point>
        </Placemark>
        <Placemark>
          <name>-76</name>
          <description>
LAC: 38 CID: 447:3 RNC: 0 PSC: 152
ACCURACY: 15
CHANGE_TYPE: DBM
TIMESTAMP: 26 may 2026 5:33:25 p.m.</description>
          <styleUrl>#style_70</styleUrl>
          <Point>
            <coordinates>-77.087171,-12.030469</coordinates>
          </Point>
        </Placemark>
        <Placemark>
          <name>-69</name>
          <description>
LAC: 38 CID: 447:3 RNC: 0 PSC: 152
ACCURACY: 15
CHANGE_TYPE: DBM
TIMESTAMP: 26 may 2026 5:33:26 p.m.</description>
          <styleUrl>#style_70</styleUrl>
          <Point>
            <coordinates>-77.087171,-12.030469</coordinates>
          </Point>
        </Placemark>
        <Placemark>
          <name>-69</name>
          <description>
LAC: 38 CID: 447:3 RNC: 0 PSC: 152
ACCURACY: 15
CHANGE_TYPE: DBM
TIMESTAMP: 26 may 2026 5:33:27 p.m.</description>
          <styleUrl>#style_70</styleUrl>
          <Point>
            <coordinates>-77.087171,-12.030469</coordinates>
          </Point>
        </Placemark>
        <Placemark>
          <name>-66</name>
          <description>
LAC: 38 CID: 447:3 RNC: 0 PSC: 152
ACCURACY: 15
CHANGE_TYPE: DBM
TIMESTAMP: 26 may 2026 5:33:28 p.m.</description>
          <styleUrl>#style_80</styleUrl>
          <Point>
            <coordinates>-77.087171,-12.030469</coordinates>
          </Point>
        </Placemark>
        <Placemark>
          <name>-62</name>
          <description>
LAC: 38 CID: 447:3 RNC: 0 PSC: 152
ACCURACY: 14
CHANGE_TYPE: DBM
TIMESTAMP: 26 may 2026 5:33:31 p.m.</description>
          <styleUrl>#style_80</styleUrl>
          <Point>
            <coordinates>-77.087117,-12.03054</coordinates>
          </Point>
        </Placemark>
        <Placemark>
          <name>-62</name>
          <description>
LAC: 38 CID: 447:3 RNC: 0 PSC: 152
ACCURACY: 14
CHANGE_TYPE: DBM
TIMESTAMP: 26 may 2026 5:33:32 p.m.</description>
          <styleUrl>#style_80</styleUrl>
          <Point>
            <coordinates>-77.087117,-12.03054</coordinates>
          </Point>
        </Placemark>
        <Placemark>
          <name>-62</name>
          <description>
LAC: 38 CID: 447:3 RNC: 0 PSC: 152
ACCURACY: 14
CHANGE_TYPE: DBM
TIMESTAMP: 26 may 2026 5:33:33 p.m.</description>
          <styleUrl>#style_80</styleUrl>
          <Point>
            <coordinates>-77.087117,-12.03054</coordinates>
          </Point>
        </Placemark>
        <Placemark>
          <name>-62</name>
          <description>
LAC: 38 CID: 447:3 RNC: 0 PSC: 152
ACCURACY: 14
CHANGE_TYPE: DBM
TIMESTAMP: 26 may 2026 5:33:34 p.m.</description>
          <styleUrl>#style_80</styleUrl>
          <Point>
            <coordinates>-77.087117,-12.03054</coordinates>
          </Point>
        </Placemark>
        <Placemark>
          <name>-62</name>
          <description>
LAC: 38 CID: 447:3 RNC: 0 PSC: 152
ACCURACY: 12
CHANGE_TYPE: DBM
TIMESTAMP: 26 may 2026 5:33:35 p.m.</description>
          <styleUrl>#style_80</styleUrl>
          <Point>
            <coordinates>-77.087061,-12.030576</coordinates>
          </Point>
        </Placemark>
        <Placemark>
          <name>-62</name>
          <description>
LAC: 38 CID: 447:3 RNC: 0 PSC: 152
ACCURACY: 12
CHANGE_TYPE: DBM
TIMESTAMP: 26 may 2026 5:33:36 p.m.</description>
          <styleUrl>#style_80</styleUrl>
          <Point>
            <coordinates>-77.087061,-12.030576</coordinates>
          </Point>
        </Placemark>
        <Placemark>
          <name>-62</name>
          <description>
LAC: 38 CID: 447:3 RNC: 0 PSC: 152
ACCURACY: 12
CHANGE_TYPE: DBM
TIMESTAMP: 26 may 2026 5:33:37 p.m.</description>
          <styleUrl>#style_80</styleUrl>
          <Point>
            <coordinates>-77.087061,-12.030576</coordinates>
          </Point>
        </Placemark>
        <Placemark>
          <name>-62</name>
          <description>
LAC: 38 CID: 447:3 RNC: 0 PSC: 152
ACCURACY: 12
CHANGE_TYPE: DBM
TIMESTAMP: 26 may 2026 5:33:38 p.m.</description>
          <styleUrl>#style_80</styleUrl>
          <Point>
            <coordinates>-77.087061,-12.030576</coordinates>
          </Point>
        </Placemark>
        <Placemark>
          <name>-62</name>
          <description>
LAC: 38 CID: 447:3 RNC: 0 PSC: 152
ACCURACY: 12
CHANGE_TYPE: DBM
TIMESTAMP: 26 may 2026 5:33:39 p.m.</description>
          <styleUrl>#style_80</styleUrl>
          <Point>
            <coordinates>-77.087061,-12.030576</coordinates>
          </Point>
        </Placemark>
        <Placemark>
          <name>-62</name>
          <description>
LAC: 38 CID: 447:3 RNC: 0 PSC: 152
ACCURACY: 12
CHANGE_TYPE: DBM
TIMESTAMP: 26 may 2026 5:33:40 p.m.</description>
          <styleUrl>#style_80</styleUrl>
          <Point>
            <coordinates>-77.087017,-12.030597</coordinates>
          </Point>
        </Placemark>
        <Placemark>
          <name>-71</name>
          <description>
LAC: 38 CID: 447:3 RNC: 0 PSC: 152
ACCURACY: 12
CHANGE_TYPE: DBM
TIMESTAMP: 26 may 2026 5:33:41 p.m.</description>
          <styleUrl>#style_70</styleUrl>
          <Point>
            <coordinates>-77.087017,-12.030597</coordinates>
          </Point>
        </Placemark>
        <Placemark>
          <name>-60</name>
          <description>
LAC: 38 CID: 447:3 RNC: 0 PSC: 152
ACCURACY: 12
CHANGE_TYPE: DBM
TIMESTAMP: 26 may 2026 5:33:43 p.m.</description>
          <styleUrl>#style_80</styleUrl>
          <Point>
            <coordinates>-77.087017,-12.030597</coordinates>
          </Point>
        </Placemark>
        <Placemark>
          <name>-67</name>
          <description>
LAC: 38 CID: 447:3 RNC: 0 PSC: 152
ACCURACY: 12
CHANGE_TYPE: DBM
TIMESTAMP: 26 may 2026 5:33:45 p.m.</description>
          <styleUrl>#style_80</styleUrl>
          <Point>
            <coordinates>-77.087017,-12.030597</coordinates>
          </Point>
        </Placemark>
        <Placemark>
          <name>-67</name>
          <description>
LAC: 38 CID: 447:3 RNC: 0 PSC: 152
ACCURACY: 12
CHANGE_TYPE: DBM
TIMESTAMP: 26 may 2026 5:33:46 p.m.</description>
          <styleUrl>#style_80</styleUrl>
          <Point>
            <coordinates>-77.087017,-12.030597</coordinates>
          </Point>
        </Placemark>
        <Placemark>
          <name>-71</name>
          <description>
LAC: 38 CID: 447:3 RNC: 0 PSC: 152
ACCURACY: 10
CHANGE_TYPE: DBM
TIMESTAMP: 26 may 2026 5:52:05 p.m.</description>
          <styleUrl>#style_70</styleUrl>
          <Point>
            <coordinates>-77.085942,-12.031763</coordinates>
          </Point>
        </Placemark>
        <Placemark>
          <name>-71</name>
          <description>
LAC: 38 CID: 447:3 RNC: 0 PSC: 152
ACCURACY: 10
CHANGE_TYPE: DBM
TIMESTAMP: 26 may 2026 5:52:06 p.m.</description>
          <styleUrl>#style_70</styleUrl>
          <Point>
            <coordinates>-77.085942,-12.031763</coordinates>
          </Point>
        </Placemark>
        <Placemark>
          <name>-71</name>
          <description>
LAC: 38 CID: 447:3 RNC: 0 PSC: 152
ACCURACY: 10
CHANGE_TYPE: DBM
TIMESTAMP: 26 may 2026 5:52:07 p.m.</description>
          <styleUrl>#style_70</styleUrl>
          <Point>
            <coordinates>-77.085942,-12.031763</coordinates>
          </Point>
        </Placemark>
        <Placemark>
          <name>-71</name>
          <description>
LAC: 38 CID: 447:3 RNC: 0 PSC: 152
ACCURACY: 10
CHANGE_TYPE: DBM
TIMESTAMP: 26 may 2026 5:52:08 p.m.</description>
          <styleUrl>#style_70</styleUrl>
          <Point>
            <coordinates>-77.085942,-12.031763</coordinates>
          </Point>
        </Placemark>
        <Placemark>
          <name>-64</name>
          <description>
LAC: 38 CID: 447:3 RNC: 0 PSC: 152
ACCURACY: 10
CHANGE_TYPE: DBM
TIMESTAMP: 26 may 2026 5:52:09 p.m.</description>
          <styleUrl>#style_80</styleUrl>
          <Point>
            <coordinates>-77.085924,-12.031693</coordinates>
          </Point>
        </Placemark>
        <Placemark>
          <name>-65</name>
          <description>
LAC: 38 CID: 447:3 RNC: 0 PSC: 152
ACCURACY: 10
CHANGE_TYPE: DBM
TIMESTAMP: 26 may 2026 5:52:11 p.m.</description>
          <styleUrl>#style_80</styleUrl>
          <Point>
            <coordinates>-77.085924,-12.031693</coordinates>
          </Point>
        </Placemark>
        <Placemark>
          <name>-65</name>
          <description>
LAC: 38 CID: 447:3 RNC: 0 PSC: 152
ACCURACY: 10
CHANGE_TYPE: DBM
TIMESTAMP: 26 may 2026 5:52:13 p.m.</description>
          <styleUrl>#style_80</styleUrl>
          <Point>
            <coordinates>-77.085924,-12.031693</coordinates>
          </Point>
        </Placemark>
        <Placemark>
          <name>-64</name>
          <description>
LAC: 38 CID: 447:3 RNC: 0 PSC: 152
ACCURACY: 10
CHANGE_TYPE: DBM
TIMESTAMP: 26 may 2026 5:52:14 p.m.</description>
          <styleUrl>#style_80</styleUrl>
          <Point>
            <coordinates>-77.085924,-12.031693</coordinates>
          </Point>
        </Placemark>
        <Placemark>
          <name>-64</name>
          <description>
LAC: 38 CID: 447:3 RNC: 0 PSC: 152
ACCURACY: 10
CHANGE_TYPE: DBM
TIMESTAMP: 26 may 2026 5:52:15 p.m.</description>
          <styleUrl>#style_80</styleUrl>
          <Point>
            <coordinates>-77.085924,-12.031693</coordinates>
          </Point>
        </Placemark>
        <Placemark>
          <name>-105</name>
          <description>
LAC: 38 CID: 447:3 RNC: 0 PSC: 152
ACCURACY: 14
CHANGE_TYPE: GPS
TIMESTAMP: 26 may 2026 5:26:39 p.m.</description>
          <styleUrl>#style_40</styleUrl>
          <Point>
            <coordinates>-77.090229,-12.030227</coordinates>
          </Point>
        </Placemark>
        <Placemark>
          <name>-103</name>
          <description>
LAC: 38 CID: 447:3 RNC: 0 PSC: 152
ACCURACY: 14
CHANGE_TYPE: GPS
TIMESTAMP: 26 may 2026 5:27:04 p.m.</description>
          <styleUrl>#style_40</styleUrl>
          <Point>
            <coordinates>-77.090005,-12.030177</coordinates>
          </Point>
        </Placemark>
        <Placemark>
          <name>-103</name>
          <description>
LAC: 38 CID: 447:3 RNC: 0 PSC: 152
ACCURACY: 15
CHANGE_TYPE: GPS
TIMESTAMP: 26 may 2026 5:27:14 p.m.</description>
          <styleUrl>#style_40</styleUrl>
          <Point>
            <coordinates>-77.089932,-12.030163</coordinates>
          </Point>
        </Placemark>
        <Placemark>
          <name>-103</name>
          <description>
LAC: 38 CID: 447:3 RNC: 0 PSC: 152
ACCURACY: 15
CHANGE_TYPE: GPS
TIMESTAMP: 26 may 2026 5:27:19 p.m.</description>
          <styleUrl>#style_40</styleUrl>
          <Point>
            <coordinates>-77.089868,-12.030199</coordinates>
          </Point>
        </Placemark>
        <Placemark>
          <name>-101</name>
          <description>
LAC: 38 CID: 447:3 RNC: 0 PSC: 152
ACCURACY: 14
CHANGE_TYPE: GPS
TIMESTAMP: 26 may 2026 5:27:24 p.m.</description>
          <styleUrl>#style_40</styleUrl>
          <Point>
            <coordinates>-77.089814,-12.030228</coordinates>
          </Point>
        </Placemark>
        <Placemark>
          <name>-98</name>
          <description>
LAC: 38 CID: 447:3 RNC: 0 PSC: 152
ACCURACY: 14
CHANGE_TYPE: GPS
TIMESTAMP: 26 may 2026 5:27:34 p.m.</description>
          <styleUrl>#style_40</styleUrl>
          <Point>
            <coordinates>-77.08971,-12.030273</coordinates>
          </Point>
        </Placemark>
        <Placemark>
          <name>-101</name>
          <description>
LAC: 38 CID: 447:3 RNC: 0 PSC: 152
ACCURACY: 13
CHANGE_TYPE: GPS
TIMESTAMP: 26 may 2026 5:27:39 p.m.</description>
          <styleUrl>#style_40</styleUrl>
          <Point>
            <coordinates>-77.089655,-12.03028</coordinates>
          </Point>
        </Placemark>
        <Placemark>
          <name>-100</name>
          <description>
LAC: 38 CID: 447:3 RNC: 0 PSC: 152
ACCURACY: 12
CHANGE_TYPE: GPS
TIMESTAMP: 26 may 2026 5:27:44 p.m.</description>
          <styleUrl>#style_40</styleUrl>
          <Point>
            <coordinates>-77.089602,-12.030294</coordinates>
          </Point>
        </Placemark>
        <Placemark>
          <name>-103</name>
          <description>
LAC: 38 CID: 447:3 RNC: 0 PSC: 152
ACCURACY: 11
CHANGE_TYPE: GPS
TIMESTAMP: 26 may 2026 5:27:54 p.m.</description>
          <styleUrl>#style_40</styleUrl>
          <Point>
            <coordinates>-77.08952,-12.030276</coordinates>
          </Point>
        </Placemark>
        <Placemark>
          <name>-98</name>
          <description>
LAC: 38 CID: 447:3 RNC: 0 PSC: 152
ACCURACY: 11
CHANGE_TYPE: GPS
TIMESTAMP: 26 may 2026 5:28:04 p.m.</description>
          <styleUrl>#style_40</styleUrl>
          <Point>
            <coordinates>-77.089455,-12.030262</coordinates>
          </Point>
        </Placemark>
        <Placemark>
          <name>-100</name>
          <description>
LAC: 38 CID: 447:3 RNC: 0 PSC: 152
ACCURACY: 12
CHANGE_TYPE: GPS
TIMESTAMP: 26 may 2026 5:28:09 p.m.</description>
          <styleUrl>#style_40</styleUrl>
          <Point>
            <coordinates>-77.089405,-12.030264</coordinates>
          </Point>
        </Placemark>
        <Placemark>
          <name>-89</name>
          <description>
LAC: 38 CID: 447:3 RNC: 0 PSC: 152
ACCURACY: 12
CHANGE_TYPE: GPS
TIMESTAMP: 26 may 2026 5:28:19 p.m.</description>
          <styleUrl>#style_50</styleUrl>
          <Point>
            <coordinates>-77.089332,-12.030258</coordinates>
          </Point>
        </Placemark>
        <Placemark>
          <name>-92</name>
          <description>
LAC: 38 CID: 447:3 RNC: 0 PSC: 152
ACCURACY: 12
CHANGE_TYPE: GPS
TIMESTAMP: 26 may 2026 5:28:24 p.m.</description>
          <styleUrl>#style_50</styleUrl>
          <Point>
            <coordinates>-77.089273,-12.030278</coordinates>
          </Point>
        </Placemark>
        <Placemark>
          <name>-89</name>
          <description>
LAC: 38 CID: 447:3 RNC: 0 PSC: 152
ACCURACY: 12
CHANGE_TYPE: GPS
TIMESTAMP: 26 may 2026 5:28:29 p.m.</description>
          <styleUrl>#style_50</styleUrl>
          <Point>
            <coordinates>-77.089209,-12.030314</coordinates>
          </Point>
        </Placemark>
        <Placemark>
          <name>-94</name>
          <description>
LAC: 38 CID: 447:3 RNC: 0 PSC: 152
ACCURACY: 13
CHANGE_TYPE: GPS
TIMESTAMP: 26 may 2026 5:28:34 p.m.</description>
          <styleUrl>#style_50</styleUrl>
          <Point>
            <coordinates>-77.089149,-12.030342</coordinates>
          </Point>
        </Placemark>
        <Placemark>
          <name>-1</name>
          <description>
LAC: 38 CID: 447:3 RNC: 0 PSC: 152
ACCURACY: 14
CHANGE_TYPE: GPS
TIMESTAMP: 26 may 2026 5:28:39 p.m.</description>
          <styleUrl>#style_0</styleUrl>
          <Point>
            <coordinates>-77.089092,-12.030327</coordinates>
          </Point>
        </Placemark>
        <Placemark>
          <name>-93</name>
          <description>
LAC: 38 CID: 447:3 RNC: 0 PSC: 152
ACCURACY: 12
CHANGE_TYPE: GPS
TIMESTAMP: 26 may 2026 5:28:49 p.m.</description>
          <styleUrl>#style_50</styleUrl>
          <Point>
            <coordinates>-77.089011,-12.030326</coordinates>
          </Point>
        </Placemark>
        <Placemark>
          <name>-87</name>
          <description>
LAC: 38 CID: 447:3 RNC: 0 PSC: 152
ACCURACY: 13
CHANGE_TYPE: GPS
TIMESTAMP: 26 may 2026 5:28:54 p.m.</description>
          <styleUrl>#style_50</styleUrl>
          <Point>
            <coordinates>-77.088962,-12.030336</coordinates>
          </Point>
        </Placemark>
        <Placemark>
          <name>-82</name>
          <description>
LAC: 38 CID: 447:3 RNC: 0 PSC: 152
ACCURACY: 13
CHANGE_TYPE: GPS
TIMESTAMP: 26 may 2026 5:29:04 p.m.</description>
          <styleUrl>#style_60</styleUrl>
          <Point>
            <coordinates>-77.088879,-12.03031</coordinates>
          </Point>
        </Placemark>
        <Placemark>
          <name>-82</name>
          <description>
LAC: 38 CID: 447:3 RNC: 0 PSC: 152
ACCURACY: 14
CHANGE_TYPE: GPS
TIMESTAMP: 26 may 2026 5:29:14 p.m.</description>
          <styleUrl>#style_60</styleUrl>
          <Point>
            <coordinates>-77.088803,-12.030304</coordinates>
          </Point>
        </Placemark>
        <Placemark>
          <name>-89</name>
          <description>
LAC: 38 CID: 447:3 RNC: 0 PSC: 152
ACCURACY: 13
CHANGE_TYPE: GPS
TIMESTAMP: 26 may 2026 5:29:24 p.m.</description>
          <styleUrl>#style_50</styleUrl>
          <Point>
            <coordinates>-77.088726,-12.030292</coordinates>
          </Point>
        </Placemark>
        <Placemark>
          <name>-85</name>
          <description>
LAC: 38 CID: 447:3 RNC: 0 PSC: 152
ACCURACY: 12
CHANGE_TYPE: GPS
TIMESTAMP: 26 may 2026 5:29:29 p.m.</description>
          <styleUrl>#style_60</styleUrl>
          <Point>
            <coordinates>-77.088675,-12.030327</coordinates>
          </Point>
        </Placemark>
        <Placemark>
          <name>-91</name>
          <description>
LAC: 38 CID: 447:3 RNC: 0 PSC: 152
ACCURACY: 12
CHANGE_TYPE: GPS
TIMESTAMP: 26 may 2026 5:29:34 p.m.</description>
          <styleUrl>#style_50</styleUrl>
          <Point>
            <coordinates>-77.088612,-12.03036</coordinates>
          </Point>
        </Placemark>
        <Placemark>
          <name>-80</name>
          <description>
LAC: 38 CID: 447:3 RNC: 0 PSC: 152
ACCURACY: 14
CHANGE_TYPE: GPS
TIMESTAMP: 26 may 2026 5:29:39 p.m.</description>
          <styleUrl>#style_60</styleUrl>
          <Point>
            <coordinates>-77.088561,-12.030379</coordinates>
          </Point>
        </Placemark>
        <Placemark>
          <name>-85</name>
          <description>
LAC: 38 CID: 447:3 RNC: 0 PSC: 152
ACCURACY: 11
CHANGE_TYPE: GPS
TIMESTAMP: 26 may 2026 5:29:49 p.m.</description>
          <styleUrl>#style_60</styleUrl>
          <Point>
            <coordinates>-77.088507,-12.030386</coordinates>
          </Point>
        </Placemark>
        <Placemark>
          <name>-80</name>
          <description>
LAC: 38 CID: 447:3 RNC: 0 PSC: 152
ACCURACY: 12
CHANGE_TYPE: GPS
TIMESTAMP: 26 may 2026 5:29:54 p.m.</description>
          <styleUrl>#style_60</styleUrl>
          <Point>
            <coordinates>-77.088455,-12.030377</coordinates>
          </Point>
        </Placemark>
        <Placemark>
          <name>-80</name>
          <description>
LAC: 38 CID: 447:3 RNC: 0 PSC: 152
ACCURACY: 12
CHANGE_TYPE: GPS
TIMESTAMP: 26 may 2026 5:29:59 p.m.</description>
          <styleUrl>#style_60</styleUrl>
          <Point>
            <coordinates>-77.088405,-12.030361</coordinates>
          </Point>
        </Placemark>
        <Placemark>
          <name>-84</name>
          <description>
LAC: 38 CID: 447:3 RNC: 0 PSC: 152
ACCURACY: 12
CHANGE_TYPE: GPS
TIMESTAMP: 26 may 2026 5:30:04 p.m.</description>
          <styleUrl>#style_60</styleUrl>
          <Point>
            <coordinates>-77.08834,-12.030381</coordinates>
          </Point>
        </Placemark>
        <Placemark>
          <name>-84</name>
          <description>
LAC: 38 CID: 447:3 RNC: 0 PSC: 152
ACCURACY: 11
CHANGE_TYPE: GPS
TIMESTAMP: 26 may 2026 5:30:09 p.m.</description>
          <styleUrl>#style_60</styleUrl>
          <Point>
            <coordinates>-77.088281,-12.030395</coordinates>
          </Point>
        </Placemark>
        <Placemark>
          <name>-80</name>
          <description>
LAC: 38 CID: 447:3 RNC: 0 PSC: 152
ACCURACY: 11
CHANGE_TYPE: GPS
TIMESTAMP: 26 may 2026 5:30:14 p.m.</description>
          <styleUrl>#style_60</styleUrl>
          <Point>
            <coordinates>-77.088209,-12.030389</coordinates>
          </Point>
        </Placemark>
        <Placemark>
          <name>-80</name>
          <description>
LAC: 38 CID: 447:3 RNC: 0 PSC: 152
ACCURACY: 11
CHANGE_TYPE: GPS
TIMESTAMP: 26 may 2026 5:30:19 p.m.</description>
          <styleUrl>#style_60</styleUrl>
          <Point>
            <coordinates>-77.08815,-12.030396</coordinates>
          </Point>
        </Placemark>
        <Placemark>
          <name>-76</name>
          <description>
LAC: 38 CID: 447:3 RNC: 0 PSC: 152
ACCURACY: 11
CHANGE_TYPE: GPS
TIMESTAMP: 26 may 2026 5:30:24 p.m.</description>
          <styleUrl>#style_70</styleUrl>
          <Point>
            <coordinates>-77.088099,-12.03043</coordinates>
          </Point>
        </Placemark>
        <Placemark>
          <name>-73</name>
          <description>
LAC: 38 CID: 447:3 RNC: 0 PSC: 152
ACCURACY: 12
CHANGE_TYPE: GPS
TIMESTAMP: 26 may 2026 5:30:34 p.m.</description>
          <styleUrl>#style_70</styleUrl>
          <Point>
            <coordinates>-77.088035,-12.030427</coordinates>
          </Point>
        </Placemark>
        <Placemark>
          <name>-81</name>
          <description>
LAC: 38 CID: 447:3 RNC: 0 PSC: 152
ACCURACY: 11
CHANGE_TYPE: GPS
TIMESTAMP: 26 may 2026 5:30:44 p.m.</description>
          <styleUrl>#style_60</styleUrl>
          <Point>
            <coordinates>-77.087963,-12.030425</coordinates>
          </Point>
        </Placemark>
        <Placemark>
          <name>-78</name>
          <description>
LAC: 38 CID: 447:3 RNC: 0 PSC: 152
ACCURACY: 11
CHANGE_TYPE: GPS
TIMESTAMP: 26 may 2026 5:30:49 p.m.</description>
          <styleUrl>#style_60</styleUrl>
          <Point>
            <coordinates>-77.087916,-12.030441</coordinates>
          </Point>
        </Placemark>
        <Placemark>
          <name>-75</name>
          <description>
LAC: 38 CID: 447:3 RNC: 0 PSC: 152
ACCURACY: 12
CHANGE_TYPE: GPS
TIMESTAMP: 26 may 2026 5:30:54 p.m.</description>
          <styleUrl>#style_70</styleUrl>
          <Point>
            <coordinates>-77.087861,-12.030451</coordinates>
          </Point>
        </Placemark>
        <Placemark>
          <name>-77</name>
          <description>
LAC: 38 CID: 447:3 RNC: 0 PSC: 152
ACCURACY: 11
CHANGE_TYPE: GPS
TIMESTAMP: 26 may 2026 5:30:59 p.m.</description>
          <styleUrl>#style_60</styleUrl>
          <Point>
            <coordinates>-77.087809,-12.030475</coordinates>
          </Point>
        </Placemark>
        <Placemark>
          <name>-77</name>
          <description>
LAC: 38 CID: 447:3 RNC: 0 PSC: 152
ACCURACY: 11
CHANGE_TYPE: GPS
TIMESTAMP: 26 may 2026 5:31:04 p.m.</description>
          <styleUrl>#style_60</styleUrl>
          <Point>
            <coordinates>-77.087763,-12.030491</coordinates>
          </Point>
        </Placemark>
        <Placemark>
          <name>-77</name>
          <description>
LAC: 38 CID: 447:3 RNC: 0 PSC: 152
ACCURACY: 12
CHANGE_TYPE: GPS
TIMESTAMP: 26 may 2026 5:31:09 p.m.</description>
          <styleUrl>#style_60</styleUrl>
          <Point>
            <coordinates>-77.087717,-12.030482</coordinates>
          </Point>
        </Placemark>
        <Placemark>
          <name>-76</name>
          <description>
LAC: 38 CID: 447:3 RNC: 0 PSC: 152
ACCURACY: 12
CHANGE_TYPE: GPS
TIMESTAMP: 26 may 2026 5:31:19 p.m.</description>
          <styleUrl>#style_70</styleUrl>
          <Point>
            <coordinates>-77.087656,-12.030473</coordinates>
          </Point>
        </Placemark>
        <Placemark>
          <name>-75</name>
          <description>
LAC: 38 CID: 447:3 RNC: 0 PSC: 152
ACCURACY: 12
CHANGE_TYPE: GPS
TIMESTAMP: 26 may 2026 5:31:29 p.m.</description>
          <styleUrl>#style_70</styleUrl>
          <Point>
            <coordinates>-77.087584,-12.030433</coordinates>
          </Point>
        </Placemark>
        <Placemark>
          <name>-68</name>
          <description>
LAC: 38 CID: 447:3 RNC: 0 PSC: 152
ACCURACY: 12
CHANGE_TYPE: GPS
TIMESTAMP: 26 may 2026 5:31:34 p.m.</description>
          <styleUrl>#style_70</styleUrl>
          <Point>
            <coordinates>-77.087528,-12.030444</coordinates>
          </Point>
        </Placemark>
        <Placemark>
          <name>-69</name>
          <description>
LAC: 38 CID: 447:3 RNC: 0 PSC: 152
ACCURACY: 11
CHANGE_TYPE: GPS
TIMESTAMP: 26 may 2026 5:31:39 p.m.</description>
          <styleUrl>#style_70</styleUrl>
          <Point>
            <coordinates>-77.087471,-12.030454</coordinates>
          </Point>
        </Placemark>
        <Placemark>
          <name>-65</name>
          <description>
LAC: 38 CID: 447:3 RNC: 0 PSC: 152
ACCURACY: 11
CHANGE_TYPE: GPS
TIMESTAMP: 26 may 2026 5:31:49 p.m.</description>
          <styleUrl>#style_80</styleUrl>
          <Point>
            <coordinates>-77.087386,-12.03047</coordinates>
          </Point>
        </Placemark>
        <Placemark>
          <name>-68</name>
          <description>
LAC: 38 CID: 447:3 RNC: 0 PSC: 152
ACCURACY: 12
CHANGE_TYPE: GPS
TIMESTAMP: 26 may 2026 5:31:59 p.m.</description>
          <styleUrl>#style_70</styleUrl>
          <Point>
            <coordinates>-77.087298,-12.03049</coordinates>
          </Point>
        </Placemark>
        <Placemark>
          <name>-56</name>
          <description>
LAC: 38 CID: 447:3 RNC: 0 PSC: 152
ACCURACY: 12
CHANGE_TYPE: GPS
TIMESTAMP: 26 may 2026 5:32:09 p.m.</description>
          <styleUrl>#style_90</styleUrl>
          <Point>
            <coordinates>-77.087195,-12.030518</coordinates>
          </Point>
        </Placemark>
        <Placemark>
          <name>-67</name>
          <description>
LAC: 38 CID: 447:3 RNC: 0 PSC: 152
ACCURACY: 12
CHANGE_TYPE: GPS
TIMESTAMP: 26 may 2026 5:32:14 p.m.</description>
          <styleUrl>#style_80</styleUrl>
          <Point>
            <coordinates>-77.087148,-12.030521</coordinates>
          </Point>
        </Placemark>
        <Placemark>
          <name>-68</name>
          <description>
LAC: 38 CID: 447:3 RNC: 0 PSC: 152
ACCURACY: 15
CHANGE_TYPE: GPS
TIMESTAMP: 26 may 2026 5:32:39 p.m.</description>
          <styleUrl>#style_70</styleUrl>
          <Point>
            <coordinates>-77.08713,-12.030578</coordinates>
          </Point>
        </Placemark>
        <Placemark>
          <name>-73</name>
          <description>
LAC: 38 CID: 447:3 RNC: 0 PSC: 152
ACCURACY: 16
CHANGE_TYPE: GPS
TIMESTAMP: 26 may 2026 5:33:04 p.m.</description>
          <styleUrl>#style_70</styleUrl>
          <Point>
            <coordinates>-77.087098,-12.030544</coordinates>
          </Point>
        </Placemark>
        <Placemark>
          <name>-76</name>
          <description>
LAC: 38 CID: 447:3 RNC: 0 PSC: 152
ACCURACY: 15
CHANGE_TYPE: GPS
TIMESTAMP: 26 may 2026 5:33:24 p.m.</description>
          <styleUrl>#style_70</styleUrl>
          <Point>
            <coordinates>-77.087171,-12.030469</coordinates>
          </Point>
        </Placemark>
        <Placemark>
          <name>-66</name>
          <description>
LAC: 38 CID: 447:3 RNC: 0 PSC: 152
ACCURACY: 14
CHANGE_TYPE: GPS
TIMESTAMP: 26 may 2026 5:33:29 p.m.</description>
          <styleUrl>#style_80</styleUrl>
          <Point>
            <coordinates>-77.087117,-12.03054</coordinates>
          </Point>
        </Placemark>
        <Placemark>
          <name>-62</name>
          <description>
LAC: 38 CID: 447:3 RNC: 0 PSC: 152
ACCURACY: 12
CHANGE_TYPE: GPS
TIMESTAMP: 26 may 2026 5:33:34 p.m.</description>
          <styleUrl>#style_80</styleUrl>
          <Point>
            <coordinates>-77.087061,-12.030576</coordinates>
          </Point>
        </Placemark>
        <Placemark>
          <name>-62</name>
          <description>
LAC: 38 CID: 447:3 RNC: 0 PSC: 152
ACCURACY: 12
CHANGE_TYPE: GPS
TIMESTAMP: 26 may 2026 5:33:39 p.m.</description>
          <styleUrl>#style_80</styleUrl>
          <Point>
            <coordinates>-77.087017,-12.030597</coordinates>
          </Point>
        </Placemark>
        <Placemark>
          <name>-71</name>
          <description>
LAC: 38 CID: 447:3 RNC: 0 PSC: 152
ACCURACY: 10
CHANGE_TYPE: GPS
TIMESTAMP: 26 may 2026 5:52:08 p.m.</description>
          <styleUrl>#style_70</styleUrl>
          <Point>
            <coordinates>-77.085924,-12.031693</coordinates>
          </Point>
        </Placemark>
      </Folder>
      <Folder>
        <open>0</open>
        <name>LAC: 38 CID: 447:23 RNC: 0 PSC: 198</name>
        <Placemark>
          <name>38/114455 LTE</name>
          <description>~16678 (yd), Provincia de Lima, Av. Pacasmayo 335, Lima 15079, Perú</description>
          <styleUrl>#style_cur</styleUrl>
          <Point>
            <coordinates>-77.04713,-12.042806</coordinates>
          </Point>
        </Placemark>
        <Placemark>
          <name>-1</name>
          <description>
LAC: 38 CID: 447:23 RNC: 0 PSC: 198
ACCURACY: 11
CHANGE_TYPE: CELL
TIMESTAMP: 26 may 2026 5:35:49 p.m.</description>
          <styleUrl>#style_0</styleUrl>
          <Point>
            <coordinates>-77.086156,-12.030495</coordinates>
          </Point>
        </Placemark>
        <Placemark>
          <name>-87</name>
          <description>
LAC: 38 CID: 447:23 RNC: 0 PSC: 198
ACCURACY: 11
CHANGE_TYPE: CELL
TIMESTAMP: 26 may 2026 5:51:03 p.m.</description>
          <styleUrl>#style_50</styleUrl>
          <Point>
            <coordinates>-77.086183,-12.032188</coordinates>
          </Point>
        </Placemark>
        <Placemark>
          <name>-1</name>
          <description>
LAC: 38 CID: 447:23 RNC: 0 PSC: 198
ACCURACY: 11
CHANGE_TYPE: CELL
TIMESTAMP: 26 may 2026 5:52:30 p.m.</description>
          <styleUrl>#style_0</styleUrl>
          <Point>
            <coordinates>-77.086047,-12.031725</coordinates>
          </Point>
        </Placemark>
        <Placemark>
          <name>-93</name>
          <description>
LAC: 38 CID: 447:23 RNC: 0 PSC: 198
ACCURACY: 12
CHANGE_TYPE: CELL
TIMESTAMP: 26 may 2026 5:56:38 p.m.</description>
          <styleUrl>#style_50</styleUrl>
          <Point>
            <coordinates>-77.084993,-12.031363</coordinates>
          </Point>
        </Placemark>
        <Placemark>
          <name>-1</name>
          <description>
LAC: 38 CID: 447:23 RNC: 0 PSC: 198
ACCURACY: 11
CHANGE_TYPE: CELL
TIMESTAMP: 26 may 2026 5:58:30 p.m.</description>
          <styleUrl>#style_0</styleUrl>
          <Point>
            <coordinates>-77.083935,-12.03132</coordinates>
          </Point>
        </Placemark>
        <Placemark>
          <name>-92</name>
          <description>
LAC: 38 CID: 447:23 RNC: 0 PSC: 198
ACCURACY: 12
CHANGE_TYPE: CELL
TIMESTAMP: 26 may 2026 5:58:57 p.m.</description>
          <styleUrl>#style_50</styleUrl>
          <Point>
            <coordinates>-77.083744,-12.031345</coordinates>
          </Point>
        </Placemark>
        <Placemark>
          <name>-96</name>
          <description>
LAC: 38 CID: 447:23 RNC: 0 PSC: 198
ACCURACY: 12
CHANGE_TYPE: CELL
TIMESTAMP: 26 may 2026 5:59:38 p.m.</description>
          <styleUrl>#style_50</styleUrl>
          <Point>
            <coordinates>-77.083462,-12.031467</coordinates>
          </Point>
        </Placemark>
        <Placemark>
          <name>-1</name>
          <description>
LAC: 38 CID: 447:23 RNC: 0 PSC: 198
ACCURACY: 13
CHANGE_TYPE: CELL
TIMESTAMP: 26 may 2026 6:00:05 p.m.</description>
          <styleUrl>#style_0</styleUrl>
          <Point>
            <coordinates>-77.08318,-12.031467</coordinates>
          </Point>
        </Placemark>
        <Placemark>
          <name>-1</name>
          <description>
LAC: 38 CID: 447:23 RNC: 0 PSC: 198
ACCURACY: 11
CHANGE_TYPE: DBM
TIMESTAMP: 26 may 2026 5:35:49 p.m.</description>
          <styleUrl>#style_0</styleUrl>
          <Point>
            <coordinates>-77.086156,-12.030495</coordinates>
          </Point>
        </Placemark>
        <Placemark>
          <name>-1</name>
          <description>
LAC: 38 CID: 447:23 RNC: 0 PSC: 198
ACCURACY: 11
CHANGE_TYPE: DBM
TIMESTAMP: 26 may 2026 5:35:50 p.m.</description>
          <styleUrl>#style_0</styleUrl>
          <Point>
            <coordinates>-77.086156,-12.030495</coordinates>
          </Point>
        </Placemark>
        <Placemark>
          <name>-96</name>
          <description>
LAC: 38 CID: 447:23 RNC: 0 PSC: 198
ACCURACY: 11
CHANGE_TYPE: DBM
TIMESTAMP: 26 may 2026 5:35:51 p.m.</description>
          <styleUrl>#style_50</styleUrl>
          <Point>
            <coordinates>-77.086156,-12.030495</coordinates>
          </Point>
        </Placemark>
        <Placemark>
          <name>-96</name>
          <description>
LAC: 38 CID: 447:23 RNC: 0 PSC: 198
ACCURACY: 11
CHANGE_TYPE: DBM
TIMESTAMP: 26 may 2026 5:35:52 p.m.</description>
          <styleUrl>#style_50</styleUrl>
          <Point>
            <coordinates>-77.086156,-12.030495</coordinates>
          </Point>
        </Placemark>
        <Placemark>
          <name>-97</name>
          <description>
LAC: 38 CID: 447:23 RNC: 0 PSC: 198
ACCURACY: 11
CHANGE_TYPE: DBM
TIMESTAMP: 26 may 2026 5:35:53 p.m.</description>
          <styleUrl>#style_40</styleUrl>
          <Point>
            <coordinates>-77.086156,-12.030495</coordinates>
          </Point>
        </Placemark>
        <Placemark>
          <name>-97</name>
          <description>
LAC: 38 CID: 447:23 RNC: 0 PSC: 198
ACCURACY: 11
CHANGE_TYPE: DBM
TIMESTAMP: 26 may 2026 5:35:54 p.m.</description>
          <styleUrl>#style_40</styleUrl>
          <Point>
            <coordinates>-77.086141,-12.030446</coordinates>
          </Point>
        </Placemark>
        <Placemark>
          <name>-97</name>
          <description>
LAC: 38 CID: 447:23 RNC: 0 PSC: 198
ACCURACY: 11
CHANGE_TYPE: DBM
TIMESTAMP: 26 may 2026 5:35:55 p.m.</description>
          <styleUrl>#style_40</styleUrl>
          <Point>
            <coordinates>-77.086141,-12.030446</coordinates>
          </Point>
        </Placemark>
        <Placemark>
          <name>-97</name>
          <description>
LAC: 38 CID: 447:23 RNC: 0 PSC: 198
ACCURACY: 11
CHANGE_TYPE: DBM
TIMESTAMP: 26 may 2026 5:35:56 p.m.</description>
          <styleUrl>#style_40</styleUrl>
          <Point>
            <coordinates>-77.086141,-12.030446</coordinates>
          </Point>
        </Placemark>
        <Placemark>
          <name>-96</name>
          <description>
LAC: 38 CID: 447:23 RNC: 0 PSC: 198
ACCURACY: 11
CHANGE_TYPE: DBM
TIMESTAMP: 26 may 2026 5:35:57 p.m.</description>
          <styleUrl>#style_50</styleUrl>
          <Point>
            <coordinates>-77.086141,-12.030446</coordinates>
          </Point>
        </Placemark>
        <Placemark>
          <name>-96</name>
          <description>
LAC: 38 CID: 447:23 RNC: 0 PSC: 198
ACCURACY: 11
CHANGE_TYPE: DBM
TIMESTAMP: 26 may 2026 5:35:58 p.m.</description>
          <styleUrl>#style_50</styleUrl>
          <Point>
            <coordinates>-77.086141,-12.030446</coordinates>
          </Point>
        </Placemark>
        <Placemark>
          <name>-94</name>
          <description>
LAC: 38 CID: 447:23 RNC: 0 PSC: 198
ACCURACY: 11
CHANGE_TYPE: DBM
TIMESTAMP: 26 may 2026 5:35:59 p.m.</description>
          <styleUrl>#style_50</styleUrl>
          <Point>
            <coordinates>-77.086136,-12.030394</coordinates>
          </Point>
        </Placemark>
        <Placemark>
          <name>-94</name>
          <description>
LAC: 38 CID: 447:23 RNC: 0 PSC: 198
ACCURACY: 11
CHANGE_TYPE: DBM
TIMESTAMP: 26 may 2026 5:36:00 p.m.</description>
          <styleUrl>#style_50</styleUrl>
          <Point>
            <coordinates>-77.086136,-12.030394</coordinates>
          </Point>
        </Placemark>
        <Placemark>
          <name>-96</name>
          <description>
LAC: 38 CID: 447:23 RNC: 0 PSC: 198
ACCURACY: 11
CHANGE_TYPE: DBM
TIMESTAMP: 26 may 2026 5:36:01 p.m.</description>
          <styleUrl>#style_50</styleUrl>
          <Point>
            <coordinates>-77.086136,-12.030394</coordinates>
          </Point>
        </Placemark>
        <Placemark>
          <name>-99</name>
          <description>
LAC: 38 CID: 447:23 RNC: 0 PSC: 198
ACCURACY: 11
CHANGE_TYPE: DBM
TIMESTAMP: 26 may 2026 5:36:03 p.m.</description>
          <styleUrl>#style_40</styleUrl>
          <Point>
            <coordinates>-77.086136,-12.030394</coordinates>
          </Point>
        </Placemark>
        <Placemark>
          <name>-101</name>
          <description>
LAC: 38 CID: 447:23 RNC: 0 PSC: 198
ACCURACY: 10
CHANGE_TYPE: DBM
TIMESTAMP: 26 may 2026 5:36:05 p.m.</description>
          <styleUrl>#style_40</styleUrl>
          <Point>
            <coordinates>-77.086123,-12.030345</coordinates>
          </Point>
        </Placemark>
        <Placemark>
          <name>-101</name>
          <description>
LAC: 38 CID: 447:23 RNC: 0 PSC: 198
ACCURACY: 10
CHANGE_TYPE: DBM
TIMESTAMP: 26 may 2026 5:36:06 p.m.</description>
          <styleUrl>#style_40</styleUrl>
          <Point>
            <coordinates>-77.086123,-12.030345</coordinates>
          </Point>
        </Placemark>
        <Placemark>
          <name>-101</name>
          <description>
LAC: 38 CID: 447:23 RNC: 0 PSC: 198
ACCURACY: 10
CHANGE_TYPE: DBM
TIMESTAMP: 26 may 2026 5:36:08 p.m.</description>
          <styleUrl>#style_40</styleUrl>
          <Point>
            <coordinates>-77.086123,-12.030345</coordinates>
          </Point>
        </Placemark>
        <Placemark>
          <name>-101</name>
          <description>
LAC: 38 CID: 447:23 RNC: 0 PSC: 198
ACCURACY: 10
CHANGE_TYPE: DBM
TIMESTAMP: 26 may 2026 5:36:09 p.m.</description>
          <styleUrl>#style_40</styleUrl>
          <Point>
            <coordinates>-77.086102,-12.0303</coordinates>
          </Point>
        </Placemark>
        <Placemark>
          <name>-102</name>
          <description>
LAC: 38 CID: 447:23 RNC: 0 PSC: 198
ACCURACY: 10
CHANGE_TYPE: DBM
TIMESTAMP: 26 may 2026 5:36:10 p.m.</description>
          <styleUrl>#style_40</styleUrl>
          <Point>
            <coordinates>-77.086102,-12.0303</coordinates>
          </Point>
        </Placemark>
        <Placemark>
          <name>-102</name>
          <description>
LAC: 38 CID: 447:23 RNC: 0 PSC: 198
ACCURACY: 10
CHANGE_TYPE: DBM
TIMESTAMP: 26 may 2026 5:36:11 p.m.</description>
          <styleUrl>#style_40</styleUrl>
          <Point>
            <coordinates>-77.086102,-12.0303</coordinates>
          </Point>
        </Placemark>
        <Placemark>
          <name>-101</name>
          <description>
LAC: 38 CID: 447:23 RNC: 0 PSC: 198
ACCURACY: 10
CHANGE_TYPE: DBM
TIMESTAMP: 26 may 2026 5:36:12 p.m.</description>
          <styleUrl>#style_40</styleUrl>
          <Point>
            <coordinates>-77.086102,-12.0303</coordinates>
          </Point>
        </Placemark>
        <Placemark>
          <name>-105</name>
          <description>
LAC: 38 CID: 447:23 RNC: 0 PSC: 198
ACCURACY: 10
CHANGE_TYPE: DBM
TIMESTAMP: 26 may 2026 5:36:14 p.m.</description>
          <styleUrl>#style_40</styleUrl>
          <Point>
            <coordinates>-77.086102,-12.0303</coordinates>
          </Point>
        </Placemark>
        <Placemark>
          <name>-105</name>
          <description>
LAC: 38 CID: 447:23 RNC: 0 PSC: 198
ACCURACY: 10
CHANGE_TYPE: DBM
TIMESTAMP: 26 may 2026 5:36:15 p.m.</description>
          <styleUrl>#style_40</styleUrl>
          <Point>
            <coordinates>-77.086102,-12.0303</coordinates>
          </Point>
        </Placemark>
        <Placemark>
          <name>-102</name>
          <description>
LAC: 38 CID: 447:23 RNC: 0 PSC: 198
ACCURACY: 10
CHANGE_TYPE: DBM
TIMESTAMP: 26 may 2026 5:36:16 p.m.</description>
          <styleUrl>#style_40</styleUrl>
          <Point>
            <coordinates>-77.086102,-12.0303</coordinates>
          </Point>
        </Placemark>
        <Placemark>
          <name>-99</name>
          <description>
LAC: 38 CID: 447:23 RNC: 0 PSC: 198
ACCURACY: 10
CHANGE_TYPE: DBM
TIMESTAMP: 26 may 2026 5:36:18 p.m.</description>
          <styleUrl>#style_40</styleUrl>
          <Point>
            <coordinates>-77.086102,-12.0303</coordinates>
          </Point>
        </Placemark>
        <Placemark>
          <name>-99</name>
          <description>
LAC: 38 CID: 447:23 RNC: 0 PSC: 198
ACCURACY: 10
CHANGE_TYPE: DBM
TIMESTAMP: 26 may 2026 5:36:19 p.m.</description>
          <styleUrl>#style_40</styleUrl>
          <Point>
            <coordinates>-77.086068,-12.030216</coordinates>
          </Point>
        </Placemark>
        <Placemark>
          <name>-98</name>
          <description>
LAC: 38 CID: 447:23 RNC: 0 PSC: 198
ACCURACY: 10
CHANGE_TYPE: DBM
TIMESTAMP: 26 may 2026 5:36:20 p.m.</description>
          <styleUrl>#style_40</styleUrl>
          <Point>
            <coordinates>-77.086068,-12.030216</coordinates>
          </Point>
        </Placemark>
        <Placemark>
          <name>-98</name>
          <description>
LAC: 38 CID: 447:23 RNC: 0 PSC: 198
ACCURACY: 10
CHANGE_TYPE: DBM
TIMESTAMP: 26 may 2026 5:36:21 p.m.</description>
          <styleUrl>#style_40</styleUrl>
          <Point>
            <coordinates>-77.086068,-12.030216</coordinates>
          </Point>
        </Placemark>
        <Placemark>
          <name>-98</name>
          <description>
LAC: 38 CID: 447:23 RNC: 0 PSC: 198
ACCURACY: 10
CHANGE_TYPE: DBM
TIMESTAMP: 26 may 2026 5:36:22 p.m.</description>
          <styleUrl>#style_40</styleUrl>
          <Point>
            <coordinates>-77.086068,-12.030216</coordinates>
          </Point>
        </Placemark>
        <Placemark>
          <name>-97</name>
          <description>
LAC: 38 CID: 447:23 RNC: 0 PSC: 198
ACCURACY: 11
CHANGE_TYPE: DBM
TIMESTAMP: 26 may 2026 5:36:24 p.m.</description>
          <styleUrl>#style_40</styleUrl>
          <Point>
            <coordinates>-77.08603,-12.030166</coordinates>
          </Point>
        </Placemark>
        <Placemark>
          <name>-94</name>
          <description>
LAC: 38 CID: 447:23 RNC: 0 PSC: 198
ACCURACY: 11
CHANGE_TYPE: DBM
TIMESTAMP: 26 may 2026 5:36:26 p.m.</description>
          <styleUrl>#style_50</styleUrl>
          <Point>
            <coordinates>-77.08603,-12.030166</coordinates>
          </Point>
        </Placemark>
        <Placemark>
          <name>-94</name>
          <description>
LAC: 38 CID: 447:23 RNC: 0 PSC: 198
ACCURACY: 11
CHANGE_TYPE: DBM
TIMESTAMP: 26 may 2026 5:36:27 p.m.</description>
          <styleUrl>#style_50</styleUrl>
          <Point>
            <coordinates>-77.08603,-12.030166</coordinates>
          </Point>
        </Placemark>
        <Placemark>
          <name>-92</name>
          <description>
LAC: 38 CID: 447:23 RNC: 0 PSC: 198
ACCURACY: 11
CHANGE_TYPE: DBM
TIMESTAMP: 26 may 2026 5:36:28 p.m.</description>
          <styleUrl>#style_50</styleUrl>
          <Point>
            <coordinates>-77.08603,-12.030166</coordinates>
          </Point>
        </Placemark>
        <Placemark>
          <name>-92</name>
          <description>
LAC: 38 CID: 447:23 RNC: 0 PSC: 198
ACCURACY: 10
CHANGE_TYPE: DBM
TIMESTAMP: 26 may 2026 5:36:29 p.m.</description>
          <styleUrl>#style_50</styleUrl>
          <Point>
            <coordinates>-77.085986,-12.030113</coordinates>
          </Point>
        </Placemark>
        <Placemark>
          <name>-95</name>
          <description>
LAC: 38 CID: 447:23 RNC: 0 PSC: 198
ACCURACY: 10
CHANGE_TYPE: DBM
TIMESTAMP: 26 may 2026 5:36:30 p.m.</description>
          <styleUrl>#style_50</styleUrl>
          <Point>
            <coordinates>-77.085986,-12.030113</coordinates>
          </Point>
        </Placemark>
        <Placemark>
          <name>-94</name>
          <description>
LAC: 38 CID: 447:23 RNC: 0 PSC: 198
ACCURACY: 10
CHANGE_TYPE: DBM
TIMESTAMP: 26 may 2026 5:36:33 p.m.</description>
          <styleUrl>#style_50</styleUrl>
          <Point>
            <coordinates>-77.085986,-12.030113</coordinates>
          </Point>
        </Placemark>
        <Placemark>
          <name>-94</name>
          <description>
LAC: 38 CID: 447:23 RNC: 0 PSC: 198
ACCURACY: 10
CHANGE_TYPE: DBM
TIMESTAMP: 26 may 2026 5:36:34 p.m.</description>
          <styleUrl>#style_50</styleUrl>
          <Point>
            <coordinates>-77.085986,-12.030113</coordinates>
          </Point>
        </Placemark>
        <Placemark>
          <name>-94</name>
          <description>
LAC: 38 CID: 447:23 RNC: 0 PSC: 198
ACCURACY: 10
CHANGE_TYPE: DBM
TIMESTAMP: 26 may 2026 5:36:35 p.m.</description>
          <styleUrl>#style_50</styleUrl>
          <Point>
            <coordinates>-77.085986,-12.030113</coordinates>
          </Point>
        </Placemark>
        <Placemark>
          <name>-94</name>
          <description>
LAC: 38 CID: 447:23 RNC: 0 PSC: 198
ACCURACY: 10
CHANGE_TYPE: DBM
TIMESTAMP: 26 may 2026 5:36:36 p.m.</description>
          <styleUrl>#style_50</styleUrl>
          <Point>
            <coordinates>-77.085986,-12.030113</coordinates>
          </Point>
        </Placemark>
        <Placemark>
          <name>-95</name>
          <description>
LAC: 38 CID: 447:23 RNC: 0 PSC: 198
ACCURACY: 10
CHANGE_TYPE: DBM
TIMESTAMP: 26 may 2026 5:36:37 p.m.</description>
          <styleUrl>#style_50</styleUrl>
          <Point>
            <coordinates>-77.085986,-12.030113</coordinates>
          </Point>
        </Placemark>
        <Placemark>
          <name>-95</name>
          <description>
LAC: 38 CID: 447:23 RNC: 0 PSC: 198
ACCURACY: 10
CHANGE_TYPE: DBM
TIMESTAMP: 26 may 2026 5:36:38 p.m.</description>
          <styleUrl>#style_50</styleUrl>
          <Point>
            <coordinates>-77.085986,-12.030113</coordinates>
          </Point>
        </Placemark>
        <Placemark>
          <name>-87</name>
          <description>
LAC: 38 CID: 447:23 RNC: 0 PSC: 198
ACCURACY: 11
CHANGE_TYPE: DBM
TIMESTAMP: 26 may 2026 5:51:03 p.m.</description>
          <styleUrl>#style_50</styleUrl>
          <Point>
            <coordinates>-77.086183,-12.032188</coordinates>
          </Point>
        </Placemark>
        <Placemark>
          <name>-87</name>
          <description>
LAC: 38 CID: 447:23 RNC: 0 PSC: 198
ACCURACY: 11
CHANGE_TYPE: DBM
TIMESTAMP: 26 may 2026 5:51:04 p.m.</description>
          <styleUrl>#style_50</styleUrl>
          <Point>
            <coordinates>-77.086106,-12.032179</coordinates>
          </Point>
        </Placemark>
        <Placemark>
          <name>-86</name>
          <description>
LAC: 38 CID: 447:23 RNC: 0 PSC: 198
ACCURACY: 11
CHANGE_TYPE: DBM
TIMESTAMP: 26 may 2026 5:51:05 p.m.</description>
          <styleUrl>#style_60</styleUrl>
          <Point>
            <coordinates>-77.086106,-12.032179</coordinates>
          </Point>
        </Placemark>
        <Placemark>
          <name>-86</name>
          <description>
LAC: 38 CID: 447:23 RNC: 0 PSC: 198
ACCURACY: 11
CHANGE_TYPE: DBM
TIMESTAMP: 26 may 2026 5:51:06 p.m.</description>
          <styleUrl>#style_60</styleUrl>
          <Point>
            <coordinates>-77.086106,-12.032179</coordinates>
          </Point>
        </Placemark>
        <Placemark>
          <name>-87</name>
          <description>
LAC: 38 CID: 447:23 RNC: 0 PSC: 198
ACCURACY: 11
CHANGE_TYPE: DBM
TIMESTAMP: 26 may 2026 5:51:07 p.m.</description>
          <styleUrl>#style_50</styleUrl>
          <Point>
            <coordinates>-77.086106,-12.032179</coordinates>
          </Point>
        </Placemark>
        <Placemark>
          <name>-87</name>
          <description>
LAC: 38 CID: 447:23 RNC: 0 PSC: 198
ACCURACY: 11
CHANGE_TYPE: DBM
TIMESTAMP: 26 may 2026 5:51:08 p.m.</description>
          <styleUrl>#style_50</styleUrl>
          <Point>
            <coordinates>-77.086106,-12.032179</coordinates>
          </Point>
        </Placemark>
        <Placemark>
          <name>-86</name>
          <description>
LAC: 38 CID: 447:23 RNC: 0 PSC: 198
ACCURACY: 11
CHANGE_TYPE: DBM
TIMESTAMP: 26 may 2026 5:51:09 p.m.</description>
          <styleUrl>#style_60</styleUrl>
          <Point>
            <coordinates>-77.086106,-12.032179</coordinates>
          </Point>
        </Placemark>
        <Placemark>
          <name>-86</name>
          <description>
LAC: 38 CID: 447:23 RNC: 0 PSC: 198
ACCURACY: 11
CHANGE_TYPE: DBM
TIMESTAMP: 26 may 2026 5:51:10 p.m.</description>
          <styleUrl>#style_60</styleUrl>
          <Point>
            <coordinates>-77.086106,-12.032179</coordinates>
          </Point>
        </Placemark>
        <Placemark>
          <name>-87</name>
          <description>
LAC: 38 CID: 447:23 RNC: 0 PSC: 198
ACCURACY: 11
CHANGE_TYPE: DBM
TIMESTAMP: 26 may 2026 5:51:11 p.m.</description>
          <styleUrl>#style_50</styleUrl>
          <Point>
            <coordinates>-77.086106,-12.032179</coordinates>
          </Point>
        </Placemark>
        <Placemark>
          <name>-86</name>
          <description>
LAC: 38 CID: 447:23 RNC: 0 PSC: 198
ACCURACY: 11
CHANGE_TYPE: DBM
TIMESTAMP: 26 may 2026 5:51:13 p.m.</description>
          <styleUrl>#style_60</styleUrl>
          <Point>
            <coordinates>-77.086106,-12.032179</coordinates>
          </Point>
        </Placemark>
        <Placemark>
          <name>-86</name>
          <description>
LAC: 38 CID: 447:23 RNC: 0 PSC: 198
ACCURACY: 10
CHANGE_TYPE: DBM
TIMESTAMP: 26 may 2026 5:51:14 p.m.</description>
          <styleUrl>#style_60</styleUrl>
          <Point>
            <coordinates>-77.086078,-12.032137</coordinates>
          </Point>
        </Placemark>
        <Placemark>
          <name>-1</name>
          <description>
LAC: 38 CID: 447:23 RNC: 0 PSC: 198
ACCURACY: 11
CHANGE_TYPE: DBM
TIMESTAMP: 26 may 2026 5:52:30 p.m.</description>
          <styleUrl>#style_0</styleUrl>
          <Point>
            <coordinates>-77.086047,-12.031725</coordinates>
          </Point>
        </Placemark>
        <Placemark>
          <name>-1</name>
          <description>
LAC: 38 CID: 447:23 RNC: 0 PSC: 198
ACCURACY: 11
CHANGE_TYPE: DBM
TIMESTAMP: 26 may 2026 5:52:31 p.m.</description>
          <styleUrl>#style_0</styleUrl>
          <Point>
            <coordinates>-77.086047,-12.031725</coordinates>
          </Point>
        </Placemark>
        <Placemark>
          <name>-85</name>
          <description>
LAC: 38 CID: 447:23 RNC: 0 PSC: 198
ACCURACY: 11
CHANGE_TYPE: DBM
TIMESTAMP: 26 may 2026 5:52:32 p.m.</description>
          <styleUrl>#style_60</styleUrl>
          <Point>
            <coordinates>-77.086047,-12.031725</coordinates>
          </Point>
        </Placemark>
        <Placemark>
          <name>-85</name>
          <description>
LAC: 38 CID: 447:23 RNC: 0 PSC: 198
ACCURACY: 11
CHANGE_TYPE: DBM
TIMESTAMP: 26 may 2026 5:52:33 p.m.</description>
          <styleUrl>#style_60</styleUrl>
          <Point>
            <coordinates>-77.086047,-12.031725</coordinates>
          </Point>
        </Placemark>
        <Placemark>
          <name>-82</name>
          <description>
LAC: 38 CID: 447:23 RNC: 0 PSC: 198
ACCURACY: 11
CHANGE_TYPE: DBM
TIMESTAMP: 26 may 2026 5:52:34 p.m.</description>
          <styleUrl>#style_60</styleUrl>
          <Point>
            <coordinates>-77.086126,-12.031741</coordinates>
          </Point>
        </Placemark>
        <Placemark>
          <name>-82</name>
          <description>
LAC: 38 CID: 447:23 RNC: 0 PSC: 198
ACCURACY: 11
CHANGE_TYPE: DBM
TIMESTAMP: 26 may 2026 5:52:36 p.m.</description>
          <styleUrl>#style_60</styleUrl>
          <Point>
            <coordinates>-77.086126,-12.031741</coordinates>
          </Point>
        </Placemark>
        <Placemark>
          <name>-82</name>
          <description>
LAC: 38 CID: 447:23 RNC: 0 PSC: 198
ACCURACY: 11
CHANGE_TYPE: DBM
TIMESTAMP: 26 may 2026 5:52:38 p.m.</description>
          <styleUrl>#style_60</styleUrl>
          <Point>
            <coordinates>-77.086126,-12.031741</coordinates>
          </Point>
        </Placemark>
        <Placemark>
          <name>-85</name>
          <description>
LAC: 38 CID: 447:23 RNC: 0 PSC: 198
ACCURACY: 11
CHANGE_TYPE: DBM
TIMESTAMP: 26 may 2026 5:52:39 p.m.</description>
          <styleUrl>#style_60</styleUrl>
          <Point>
            <coordinates>-77.086126,-12.031741</coordinates>
          </Point>
        </Placemark>
        <Placemark>
          <name>-84</name>
          <description>
LAC: 38 CID: 447:23 RNC: 0 PSC: 198
ACCURACY: 11
CHANGE_TYPE: DBM
TIMESTAMP: 26 may 2026 5:52:41 p.m.</description>
          <styleUrl>#style_60</styleUrl>
          <Point>
            <coordinates>-77.086126,-12.031741</coordinates>
          </Point>
        </Placemark>
        <Placemark>
          <name>-84</name>
          <description>
LAC: 38 CID: 447:23 RNC: 0 PSC: 198
ACCURACY: 11
CHANGE_TYPE: DBM
TIMESTAMP: 26 may 2026 5:52:42 p.m.</description>
          <styleUrl>#style_60</styleUrl>
          <Point>
            <coordinates>-77.086126,-12.031741</coordinates>
          </Point>
        </Placemark>
        <Placemark>
          <name>-85</name>
          <description>
LAC: 38 CID: 447:23 RNC: 0 PSC: 198
ACCURACY: 11
CHANGE_TYPE: DBM
TIMESTAMP: 26 may 2026 5:52:43 p.m.</description>
          <styleUrl>#style_60</styleUrl>
          <Point>
            <coordinates>-77.086126,-12.031741</coordinates>
          </Point>
        </Placemark>
        <Placemark>
          <name>-85</name>
          <description>
LAC: 38 CID: 447:23 RNC: 0 PSC: 198
ACCURACY: 11
CHANGE_TYPE: DBM
TIMESTAMP: 26 may 2026 5:52:44 p.m.</description>
          <styleUrl>#style_60</styleUrl>
          <Point>
            <coordinates>-77.086183,-12.031694</coordinates>
          </Point>
        </Placemark>
        <Placemark>
          <name>-85</name>
          <description>
LAC: 38 CID: 447:23 RNC: 0 PSC: 198
ACCURACY: 11
CHANGE_TYPE: DBM
TIMESTAMP: 26 may 2026 5:52:45 p.m.</description>
          <styleUrl>#style_60</styleUrl>
          <Point>
            <coordinates>-77.086183,-12.031694</coordinates>
          </Point>
        </Placemark>
        <Placemark>
          <name>-81</name>
          <description>
LAC: 38 CID: 447:23 RNC: 0 PSC: 198
ACCURACY: 11
CHANGE_TYPE: DBM
TIMESTAMP: 26 may 2026 5:52:47 p.m.</description>
          <styleUrl>#style_60</styleUrl>
          <Point>
            <coordinates>-77.086183,-12.031694</coordinates>
          </Point>
        </Placemark>
        <Placemark>
          <name>-81</name>
          <description>
LAC: 38 CID: 447:23 RNC: 0 PSC: 198
ACCURACY: 11
CHANGE_TYPE: DBM
TIMESTAMP: 26 may 2026 5:52:48 p.m.</description>
          <styleUrl>#style_60</styleUrl>
          <Point>
            <coordinates>-77.086183,-12.031694</coordinates>
          </Point>
        </Placemark>
        <Placemark>
          <name>-80</name>
          <description>
LAC: 38 CID: 447:23 RNC: 0 PSC: 198
ACCURACY: 11
CHANGE_TYPE: DBM
TIMESTAMP: 26 may 2026 5:52:49 p.m.</description>
          <styleUrl>#style_60</styleUrl>
          <Point>
            <coordinates>-77.086183,-12.031694</coordinates>
          </Point>
        </Placemark>
        <Placemark>
          <name>-80</name>
          <description>
LAC: 38 CID: 447:23 RNC: 0 PSC: 198
ACCURACY: 11
CHANGE_TYPE: DBM
TIMESTAMP: 26 may 2026 5:52:50 p.m.</description>
          <styleUrl>#style_60</styleUrl>
          <Point>
            <coordinates>-77.086183,-12.031694</coordinates>
          </Point>
        </Placemark>
        <Placemark>
          <name>-80</name>
          <description>
LAC: 38 CID: 447:23 RNC: 0 PSC: 198
ACCURACY: 11
CHANGE_TYPE: DBM
TIMESTAMP: 26 may 2026 5:52:51 p.m.</description>
          <styleUrl>#style_60</styleUrl>
          <Point>
            <coordinates>-77.086183,-12.031694</coordinates>
          </Point>
        </Placemark>
        <Placemark>
          <name>-75</name>
          <description>
LAC: 38 CID: 447:23 RNC: 0 PSC: 198
ACCURACY: 11
CHANGE_TYPE: DBM
TIMESTAMP: 26 may 2026 5:52:53 p.m.</description>
          <styleUrl>#style_70</styleUrl>
          <Point>
            <coordinates>-77.086183,-12.031694</coordinates>
          </Point>
        </Placemark>
        <Placemark>
          <name>-74</name>
          <description>
LAC: 38 CID: 447:23 RNC: 0 PSC: 198
ACCURACY: 11
CHANGE_TYPE: DBM
TIMESTAMP: 26 may 2026 5:52:55 p.m.</description>
          <styleUrl>#style_70</styleUrl>
          <Point>
            <coordinates>-77.086139,-12.031618</coordinates>
          </Point>
        </Placemark>
        <Placemark>
          <name>-74</name>
          <description>
LAC: 38 CID: 447:23 RNC: 0 PSC: 198
ACCURACY: 11
CHANGE_TYPE: DBM
TIMESTAMP: 26 may 2026 5:52:56 p.m.</description>
          <styleUrl>#style_70</styleUrl>
          <Point>
            <coordinates>-77.086139,-12.031618</coordinates>
          </Point>
        </Placemark>
        <Placemark>
          <name>-93</name>
          <description>
LAC: 38 CID: 447:23 RNC: 0 PSC: 198
ACCURACY: 12
CHANGE_TYPE: DBM
TIMESTAMP: 26 may 2026 5:56:38 p.m.</description>
          <styleUrl>#style_50</styleUrl>
          <Point>
            <coordinates>-77.084993,-12.031363</coordinates>
          </Point>
        </Placemark>
        <Placemark>
          <name>-93</name>
          <description>
LAC: 38 CID: 447:23 RNC: 0 PSC: 198
ACCURACY: 12
CHANGE_TYPE: DBM
TIMESTAMP: 26 may 2026 5:56:39 p.m.</description>
          <styleUrl>#style_50</styleUrl>
          <Point>
            <coordinates>-77.084947,-12.03138</coordinates>
          </Point>
        </Placemark>
        <Placemark>
          <name>-1</name>
          <description>
LAC: 38 CID: 447:23 RNC: 0 PSC: 198
ACCURACY: 11
CHANGE_TYPE: DBM
TIMESTAMP: 26 may 2026 5:58:30 p.m.</description>
          <styleUrl>#style_0</styleUrl>
          <Point>
            <coordinates>-77.083935,-12.03132</coordinates>
          </Point>
        </Placemark>
        <Placemark>
          <name>-1</name>
          <description>
LAC: 38 CID: 447:23 RNC: 0 PSC: 198
ACCURACY: 11
CHANGE_TYPE: DBM
TIMESTAMP: 26 may 2026 5:58:31 p.m.</description>
          <styleUrl>#style_0</styleUrl>
          <Point>
            <coordinates>-77.083935,-12.03132</coordinates>
          </Point>
        </Placemark>
        <Placemark>
          <name>-92</name>
          <description>
LAC: 38 CID: 447:23 RNC: 0 PSC: 198
ACCURACY: 11
CHANGE_TYPE: DBM
TIMESTAMP: 26 may 2026 5:58:32 p.m.</description>
          <styleUrl>#style_50</styleUrl>
          <Point>
            <coordinates>-77.083935,-12.03132</coordinates>
          </Point>
        </Placemark>
        <Placemark>
          <name>-92</name>
          <description>
LAC: 38 CID: 447:23 RNC: 0 PSC: 198
ACCURACY: 11
CHANGE_TYPE: DBM
TIMESTAMP: 26 may 2026 5:58:33 p.m.</description>
          <styleUrl>#style_50</styleUrl>
          <Point>
            <coordinates>-77.083935,-12.03132</coordinates>
          </Point>
        </Placemark>
        <Placemark>
          <name>-92</name>
          <description>
LAC: 38 CID: 447:23 RNC: 0 PSC: 198
ACCURACY: 12
CHANGE_TYPE: DBM
TIMESTAMP: 26 may 2026 5:58:57 p.m.</description>
          <styleUrl>#style_50</styleUrl>
          <Point>
            <coordinates>-77.083744,-12.031345</coordinates>
          </Point>
        </Placemark>
        <Placemark>
          <name>-92</name>
          <description>
LAC: 38 CID: 447:23 RNC: 0 PSC: 198
ACCURACY: 12
CHANGE_TYPE: DBM
TIMESTAMP: 26 may 2026 5:58:58 p.m.</description>
          <styleUrl>#style_50</styleUrl>
          <Point>
            <coordinates>-77.083744,-12.031345</coordinates>
          </Point>
        </Placemark>
        <Placemark>
          <name>-96</name>
          <description>
LAC: 38 CID: 447:23 RNC: 0 PSC: 198
ACCURACY: 12
CHANGE_TYPE: DBM
TIMESTAMP: 26 may 2026 5:58:59 p.m.</description>
          <styleUrl>#style_50</styleUrl>
          <Point>
            <coordinates>-77.083705,-12.031374</coordinates>
          </Point>
        </Placemark>
        <Placemark>
          <name>-96</name>
          <description>
LAC: 38 CID: 447:23 RNC: 0 PSC: 198
ACCURACY: 12
CHANGE_TYPE: DBM
TIMESTAMP: 26 may 2026 5:59:00 p.m.</description>
          <styleUrl>#style_50</styleUrl>
          <Point>
            <coordinates>-77.083705,-12.031374</coordinates>
          </Point>
        </Placemark>
        <Placemark>
          <name>-100</name>
          <description>
LAC: 38 CID: 447:23 RNC: 0 PSC: 198
ACCURACY: 12
CHANGE_TYPE: DBM
TIMESTAMP: 26 may 2026 5:59:01 p.m.</description>
          <styleUrl>#style_40</styleUrl>
          <Point>
            <coordinates>-77.083705,-12.031374</coordinates>
          </Point>
        </Placemark>
        <Placemark>
          <name>-100</name>
          <description>
LAC: 38 CID: 447:23 RNC: 0 PSC: 198
ACCURACY: 12
CHANGE_TYPE: DBM
TIMESTAMP: 26 may 2026 5:59:02 p.m.</description>
          <styleUrl>#style_40</styleUrl>
          <Point>
            <coordinates>-77.083705,-12.031374</coordinates>
          </Point>
        </Placemark>
        <Placemark>
          <name>-97</name>
          <description>
LAC: 38 CID: 447:23 RNC: 0 PSC: 198
ACCURACY: 12
CHANGE_TYPE: DBM
TIMESTAMP: 26 may 2026 5:59:03 p.m.</description>
          <styleUrl>#style_40</styleUrl>
          <Point>
            <coordinates>-77.083705,-12.031374</coordinates>
          </Point>
        </Placemark>
        <Placemark>
          <name>-97</name>
          <description>
LAC: 38 CID: 447:23 RNC: 0 PSC: 198
ACCURACY: 12
CHANGE_TYPE: DBM
TIMESTAMP: 26 may 2026 5:59:04 p.m.</description>
          <styleUrl>#style_40</styleUrl>
          <Point>
            <coordinates>-77.083705,-12.031374</coordinates>
          </Point>
        </Placemark>
        <Placemark>
          <name>-93</name>
          <description>
LAC: 38 CID: 447:23 RNC: 0 PSC: 198
ACCURACY: 12
CHANGE_TYPE: DBM
TIMESTAMP: 26 may 2026 5:59:05 p.m.</description>
          <styleUrl>#style_50</styleUrl>
          <Point>
            <coordinates>-77.083705,-12.031374</coordinates>
          </Point>
        </Placemark>
        <Placemark>
          <name>-93</name>
          <description>
LAC: 38 CID: 447:23 RNC: 0 PSC: 198
ACCURACY: 12
CHANGE_TYPE: DBM
TIMESTAMP: 26 may 2026 5:59:06 p.m.</description>
          <styleUrl>#style_50</styleUrl>
          <Point>
            <coordinates>-77.083705,-12.031374</coordinates>
          </Point>
        </Placemark>
        <Placemark>
          <name>-96</name>
          <description>
LAC: 38 CID: 447:23 RNC: 0 PSC: 198
ACCURACY: 12
CHANGE_TYPE: DBM
TIMESTAMP: 26 may 2026 5:59:07 p.m.</description>
          <styleUrl>#style_50</styleUrl>
          <Point>
            <coordinates>-77.083705,-12.031374</coordinates>
          </Point>
        </Placemark>
        <Placemark>
          <name>-96</name>
          <description>
LAC: 38 CID: 447:23 RNC: 0 PSC: 198
ACCURACY: 12
CHANGE_TYPE: DBM
TIMESTAMP: 26 may 2026 5:59:08 p.m.</description>
          <styleUrl>#style_50</styleUrl>
          <Point>
            <coordinates>-77.083705,-12.031374</coordinates>
          </Point>
        </Placemark>
        <Placemark>
          <name>-96</name>
          <description>
LAC: 38 CID: 447:23 RNC: 0 PSC: 198
ACCURACY: 12
CHANGE_TYPE: DBM
TIMESTAMP: 26 may 2026 5:59:09 p.m.</description>
          <styleUrl>#style_50</styleUrl>
          <Point>
            <coordinates>-77.083678,-12.031429</coordinates>
          </Point>
        </Placemark>
        <Placemark>
          <name>-96</name>
          <description>
LAC: 38 CID: 447:23 RNC: 0 PSC: 198
ACCURACY: 12
CHANGE_TYPE: DBM
TIMESTAMP: 26 may 2026 5:59:38 p.m.</description>
          <styleUrl>#style_50</styleUrl>
          <Point>
            <coordinates>-77.083462,-12.031467</coordinates>
          </Point>
        </Placemark>
        <Placemark>
          <name>-96</name>
          <description>
LAC: 38 CID: 447:23 RNC: 0 PSC: 198
ACCURACY: 12
CHANGE_TYPE: DBM
TIMESTAMP: 26 may 2026 5:59:39 p.m.</description>
          <styleUrl>#style_50</styleUrl>
          <Point>
            <coordinates>-77.083416,-12.031465</coordinates>
          </Point>
        </Placemark>
        <Placemark>
          <name>-95</name>
          <description>
LAC: 38 CID: 447:23 RNC: 0 PSC: 198
ACCURACY: 12
CHANGE_TYPE: DBM
TIMESTAMP: 26 may 2026 5:59:40 p.m.</description>
          <styleUrl>#style_50</styleUrl>
          <Point>
            <coordinates>-77.083416,-12.031465</coordinates>
          </Point>
        </Placemark>
        <Placemark>
          <name>-1</name>
          <description>
LAC: 38 CID: 447:23 RNC: 0 PSC: 198
ACCURACY: 13
CHANGE_TYPE: DBM
TIMESTAMP: 26 may 2026 6:00:05 p.m.</description>
          <styleUrl>#style_0</styleUrl>
          <Point>
            <coordinates>-77.08318,-12.031467</coordinates>
          </Point>
        </Placemark>
        <Placemark>
          <name>-1</name>
          <description>
LAC: 38 CID: 447:23 RNC: 0 PSC: 198
ACCURACY: 13
CHANGE_TYPE: DBM
TIMESTAMP: 26 may 2026 6:00:06 p.m.</description>
          <styleUrl>#style_0</styleUrl>
          <Point>
            <coordinates>-77.08318,-12.031467</coordinates>
          </Point>
        </Placemark>
        <Placemark>
          <name>-88</name>
          <description>
LAC: 38 CID: 447:23 RNC: 0 PSC: 198
ACCURACY: 13
CHANGE_TYPE: DBM
TIMESTAMP: 26 may 2026 6:00:07 p.m.</description>
          <styleUrl>#style_50</styleUrl>
          <Point>
            <coordinates>-77.08318,-12.031467</coordinates>
          </Point>
        </Placemark>
        <Placemark>
          <name>-88</name>
          <description>
LAC: 38 CID: 447:23 RNC: 0 PSC: 198
ACCURACY: 13
CHANGE_TYPE: DBM
TIMESTAMP: 26 may 2026 6:00:08 p.m.</description>
          <styleUrl>#style_50</styleUrl>
          <Point>
            <coordinates>-77.083128,-12.031453</coordinates>
          </Point>
        </Placemark>
        <Placemark>
          <name>-97</name>
          <description>
LAC: 38 CID: 447:23 RNC: 0 PSC: 198
ACCURACY: 11
CHANGE_TYPE: GPS
TIMESTAMP: 26 may 2026 5:35:53 p.m.</description>
          <styleUrl>#style_40</styleUrl>
          <Point>
            <coordinates>-77.086141,-12.030446</coordinates>
          </Point>
        </Placemark>
        <Placemark>
          <name>-96</name>
          <description>
LAC: 38 CID: 447:23 RNC: 0 PSC: 198
ACCURACY: 11
CHANGE_TYPE: GPS
TIMESTAMP: 26 may 2026 5:35:58 p.m.</description>
          <styleUrl>#style_50</styleUrl>
          <Point>
            <coordinates>-77.086136,-12.030394</coordinates>
          </Point>
        </Placemark>
        <Placemark>
          <name>-99</name>
          <description>
LAC: 38 CID: 447:23 RNC: 0 PSC: 198
ACCURACY: 10
CHANGE_TYPE: GPS
TIMESTAMP: 26 may 2026 5:36:03 p.m.</description>
          <styleUrl>#style_40</styleUrl>
          <Point>
            <coordinates>-77.086123,-12.030345</coordinates>
          </Point>
        </Placemark>
        <Placemark>
          <name>-101</name>
          <description>
LAC: 38 CID: 447:23 RNC: 0 PSC: 198
ACCURACY: 10
CHANGE_TYPE: GPS
TIMESTAMP: 26 may 2026 5:36:08 p.m.</description>
          <styleUrl>#style_40</styleUrl>
          <Point>
            <coordinates>-77.086102,-12.0303</coordinates>
          </Point>
        </Placemark>
        <Placemark>
          <name>-99</name>
          <description>
LAC: 38 CID: 447:23 RNC: 0 PSC: 198
ACCURACY: 10
CHANGE_TYPE: GPS
TIMESTAMP: 26 may 2026 5:36:18 p.m.</description>
          <styleUrl>#style_40</styleUrl>
          <Point>
            <coordinates>-77.086068,-12.030216</coordinates>
          </Point>
        </Placemark>
        <Placemark>
          <name>-98</name>
          <description>
LAC: 38 CID: 447:23 RNC: 0 PSC: 198
ACCURACY: 11
CHANGE_TYPE: GPS
TIMESTAMP: 26 may 2026 5:36:23 p.m.</description>
          <styleUrl>#style_40</styleUrl>
          <Point>
            <coordinates>-77.08603,-12.030166</coordinates>
          </Point>
        </Placemark>
        <Placemark>
          <name>-92</name>
          <description>
LAC: 38 CID: 447:23 RNC: 0 PSC: 198
ACCURACY: 10
CHANGE_TYPE: GPS
TIMESTAMP: 26 may 2026 5:36:28 p.m.</description>
          <styleUrl>#style_50</styleUrl>
          <Point>
            <coordinates>-77.085986,-12.030113</coordinates>
          </Point>
        </Placemark>
        <Placemark>
          <name>-95</name>
          <description>
LAC: 38 CID: 447:23 RNC: 0 PSC: 198
ACCURACY: 10
CHANGE_TYPE: GPS
TIMESTAMP: 26 may 2026 5:36:38 p.m.</description>
          <styleUrl>#style_50</styleUrl>
          <Point>
            <coordinates>-77.085964,-12.030034</coordinates>
          </Point>
        </Placemark>
        <Placemark>
          <name>-87</name>
          <description>
LAC: 38 CID: 447:23 RNC: 0 PSC: 198
ACCURACY: 11
CHANGE_TYPE: GPS
TIMESTAMP: 26 may 2026 5:51:03 p.m.</description>
          <styleUrl>#style_50</styleUrl>
          <Point>
            <coordinates>-77.086106,-12.032179</coordinates>
          </Point>
        </Placemark>
        <Placemark>
          <name>-86</name>
          <description>
LAC: 38 CID: 447:23 RNC: 0 PSC: 198
ACCURACY: 10
CHANGE_TYPE: GPS
TIMESTAMP: 26 may 2026 5:51:13 p.m.</description>
          <styleUrl>#style_60</styleUrl>
          <Point>
            <coordinates>-77.086078,-12.032137</coordinates>
          </Point>
        </Placemark>
        <Placemark>
          <name>-85</name>
          <description>
LAC: 38 CID: 447:23 RNC: 0 PSC: 198
ACCURACY: 11
CHANGE_TYPE: GPS
TIMESTAMP: 26 may 2026 5:52:33 p.m.</description>
          <styleUrl>#style_60</styleUrl>
          <Point>
            <coordinates>-77.086126,-12.031741</coordinates>
          </Point>
        </Placemark>
        <Placemark>
          <name>-85</name>
          <description>
LAC: 38 CID: 447:23 RNC: 0 PSC: 198
ACCURACY: 11
CHANGE_TYPE: GPS
TIMESTAMP: 26 may 2026 5:52:43 p.m.</description>
          <styleUrl>#style_60</styleUrl>
          <Point>
            <coordinates>-77.086183,-12.031694</coordinates>
          </Point>
        </Placemark>
        <Placemark>
          <name>-75</name>
          <description>
LAC: 38 CID: 447:23 RNC: 0 PSC: 198
ACCURACY: 11
CHANGE_TYPE: GPS
TIMESTAMP: 26 may 2026 5:52:53 p.m.</description>
          <styleUrl>#style_70</styleUrl>
          <Point>
            <coordinates>-77.086139,-12.031618</coordinates>
          </Point>
        </Placemark>
        <Placemark>
          <name>-93</name>
          <description>
LAC: 38 CID: 447:23 RNC: 0 PSC: 198
ACCURACY: 12
CHANGE_TYPE: GPS
TIMESTAMP: 26 may 2026 5:56:38 p.m.</description>
          <styleUrl>#style_50</styleUrl>
          <Point>
            <coordinates>-77.084947,-12.03138</coordinates>
          </Point>
        </Placemark>
        <Placemark>
          <name>-92</name>
          <description>
LAC: 38 CID: 447:23 RNC: 0 PSC: 198
ACCURACY: 12
CHANGE_TYPE: GPS
TIMESTAMP: 26 may 2026 5:58:33 p.m.</description>
          <styleUrl>#style_50</styleUrl>
          <Point>
            <coordinates>-77.083895,-12.031351</coordinates>
          </Point>
        </Placemark>
        <Placemark>
          <name>-92</name>
          <description>
LAC: 38 CID: 447:23 RNC: 0 PSC: 198
ACCURACY: 12
CHANGE_TYPE: GPS
TIMESTAMP: 26 may 2026 5:58:58 p.m.</description>
          <styleUrl>#style_50</styleUrl>
          <Point>
            <coordinates>-77.083705,-12.031374</coordinates>
          </Point>
        </Placemark>
        <Placemark>
          <name>-96</name>
          <description>
LAC: 38 CID: 447:23 RNC: 0 PSC: 198
ACCURACY: 12
CHANGE_TYPE: GPS
TIMESTAMP: 26 may 2026 5:59:08 p.m.</description>
          <styleUrl>#style_50</styleUrl>
          <Point>
            <coordinates>-77.083678,-12.031429</coordinates>
          </Point>
        </Placemark>
        <Placemark>
          <name>-96</name>
          <description>
LAC: 38 CID: 447:23 RNC: 0 PSC: 198
ACCURACY: 12
CHANGE_TYPE: GPS
TIMESTAMP: 26 may 2026 5:59:38 p.m.</description>
          <styleUrl>#style_50</styleUrl>
          <Point>
            <coordinates>-77.083416,-12.031465</coordinates>
          </Point>
        </Placemark>
      </Folder>
      <Folder>
        <open>0</open>
        <name>LAC: 38 CID: 473:1 RNC: 0 PSC: 136</name>
        <Placemark>
          <name>38/121089 LTE</name>
          <description>~886 (yd), Callao, Auxiliar Morales Duarez 1210, Carmen de La Legua - Reynoso 07006, Perú</description>
          <styleUrl>#style_cur</styleUrl>
          <Point>
            <coordinates>-77.08711,-12.037998</coordinates>
          </Point>
        </Placemark>
      </Folder>
      <Folder>
        <open>0</open>
        <name>LAC: 38 CID: 473:21 RNC: 0 PSC: 136</name>
        <Placemark>
          <name>38/121109 LTE</name>
          <description>~16482 (yd), Provincia de Lima, Ex Colonial, Av. Óscar R. Benavides 640, Lima 15082, Perú</description>
          <styleUrl>#style_cur</styleUrl>
          <Point>
            <coordinates>-77.04991,-12.047004</coordinates>
          </Point>
        </Placemark>
        <Placemark>
          <name>-101</name>
          <description>
LAC: 38 CID: 473:21 RNC: 0 PSC: 136
ACCURACY: 11
CHANGE_TYPE: CELL
TIMESTAMP: 26 may 2026 5:58:11 p.m.</description>
          <styleUrl>#style_40</styleUrl>
          <Point>
            <coordinates>-77.084092,-12.031295</coordinates>
          </Point>
        </Placemark>
        <Placemark>
          <name>-101</name>
          <description>
LAC: 38 CID: 473:21 RNC: 0 PSC: 136
ACCURACY: 11
CHANGE_TYPE: DBM
TIMESTAMP: 26 may 2026 5:58:11 p.m.</description>
          <styleUrl>#style_40</styleUrl>
          <Point>
            <coordinates>-77.084092,-12.031295</coordinates>
          </Point>
        </Placemark>
      </Folder>
      <Folder>
        <open>0</open>
        <name>LAC: 38 CID: 506:3 RNC: 0 PSC: 96</name>
      </Folder>
      <Folder>
        <open>0</open>
        <name>LAC: 38 CID: 1886:3 RNC: 0 PSC: 7</name>
        <Placemark>
          <name>38/482819 LTE</name>
          <description>~17834 (yd), Provincia de Lima, Jr. García Villón 347, Lima 15079, Perú</description>
          <styleUrl>#style_cur</styleUrl>
          <Point>
            <coordinates>-77.04974,-12.043069</coordinates>
          </Point>
        </Placemark>
      </Folder>
      <Folder>
        <open>0</open>
        <name>LAC: 38 CID: 5363:3 RNC: 0 PSC: 87</name>
        <Placemark>
          <name>38/1372931 LTE</name>
          <description>~444 (yd), Provincia de Lima, Jiron Tacna 3285, San Martín de Porres 15102, Perú</description>
          <styleUrl>#style_cur</styleUrl>
          <Point>
            <coordinates>-77.083694,-12.034435</coordinates>
          </Point>
        </Placemark>
        <Placemark>
          <name>-105</name>
          <description>
LAC: 38 CID: 5363:3 RNC: 0 PSC: 87
ACCURACY: 10
CHANGE_TYPE: CELL
TIMESTAMP: 26 may 2026 6:07:59 p.m.</description>
          <styleUrl>#style_40</styleUrl>
          <Point>
            <coordinates>-77.082551,-12.032593</coordinates>
          </Point>
        </Placemark>
        <Placemark>
          <name>-105</name>
          <description>
LAC: 38 CID: 5363:3 RNC: 0 PSC: 87
ACCURACY: 10
CHANGE_TYPE: DBM
TIMESTAMP: 26 may 2026 6:07:59 p.m.</description>
          <styleUrl>#style_40</styleUrl>
          <Point>
            <coordinates>-77.082551,-12.032593</coordinates>
          </Point>
        </Placemark>
        <Placemark>
          <name>-105</name>
          <description>
LAC: 38 CID: 5363:3 RNC: 0 PSC: 87
ACCURACY: 10
CHANGE_TYPE: DBM
TIMESTAMP: 26 may 2026 6:08:00 p.m.</description>
          <styleUrl>#style_40</styleUrl>
          <Point>
            <coordinates>-77.082551,-12.032593</coordinates>
          </Point>
        </Placemark>
        <Placemark>
          <name>-105</name>
          <description>
LAC: 38 CID: 5363:3 RNC: 0 PSC: 87
ACCURACY: 10
CHANGE_TYPE: DBM
TIMESTAMP: 26 may 2026 6:08:01 p.m.</description>
          <styleUrl>#style_40</styleUrl>
          <Point>
            <coordinates>-77.082551,-12.032593</coordinates>
          </Point>
        </Placemark>
        <Placemark>
          <name>-105</name>
          <description>
LAC: 38 CID: 5363:3 RNC: 0 PSC: 87
ACCURACY: 10
CHANGE_TYPE: DBM
TIMESTAMP: 26 may 2026 6:08:02 p.m.</description>
          <styleUrl>#style_40</styleUrl>
          <Point>
            <coordinates>-77.082551,-12.032593</coordinates>
          </Point>
        </Placemark>
        <Placemark>
          <name>-103</name>
          <description>
LAC: 38 CID: 5363:3 RNC: 0 PSC: 87
ACCURACY: 10
CHANGE_TYPE: DBM
TIMESTAMP: 26 may 2026 6:08:03 p.m.</description>
          <styleUrl>#style_40</styleUrl>
          <Point>
            <coordinates>-77.082551,-12.032593</coordinates>
          </Point>
        </Placemark>
        <Placemark>
          <name>-103</name>
          <description>
LAC: 38 CID: 5363:3 RNC: 0 PSC: 87
ACCURACY: 10
CHANGE_TYPE: DBM
TIMESTAMP: 26 may 2026 6:08:04 p.m.</description>
          <styleUrl>#style_40</styleUrl>
          <Point>
            <coordinates>-77.082551,-12.032593</coordinates>
          </Point>
        </Placemark>
        <Placemark>
          <name>-102</name>
          <description>
LAC: 38 CID: 5363:3 RNC: 0 PSC: 87
ACCURACY: 10
CHANGE_TYPE: DBM
TIMESTAMP: 26 may 2026 6:08:05 p.m.</description>
          <styleUrl>#style_40</styleUrl>
          <Point>
            <coordinates>-77.082551,-12.032593</coordinates>
          </Point>
        </Placemark>
        <Placemark>
          <name>-102</name>
          <description>
LAC: 38 CID: 5363:3 RNC: 0 PSC: 87
ACCURACY: 10
CHANGE_TYPE: DBM
TIMESTAMP: 26 may 2026 6:08:06 p.m.</description>
          <styleUrl>#style_40</styleUrl>
          <Point>
            <coordinates>-77.082551,-12.032593</coordinates>
          </Point>
        </Placemark>
        <Placemark>
          <name>-104</name>
          <description>
LAC: 38 CID: 5363:3 RNC: 0 PSC: 87
ACCURACY: 10
CHANGE_TYPE: DBM
TIMESTAMP: 26 may 2026 6:08:07 p.m.</description>
          <styleUrl>#style_40</styleUrl>
          <Point>
            <coordinates>-77.082551,-12.032593</coordinates>
          </Point>
        </Placemark>
        <Placemark>
          <name>-104</name>
          <description>
LAC: 38 CID: 5363:3 RNC: 0 PSC: 87
ACCURACY: 10
CHANGE_TYPE: DBM
TIMESTAMP: 26 may 2026 6:08:10 p.m.</description>
          <styleUrl>#style_40</styleUrl>
          <Point>
            <coordinates>-77.082591,-12.032663</coordinates>
          </Point>
        </Placemark>
        <Placemark>
          <name>-104</name>
          <description>
LAC: 38 CID: 5363:3 RNC: 0 PSC: 87
ACCURACY: 10
CHANGE_TYPE: GPS
TIMESTAMP: 26 may 2026 6:08:08 p.m.</description>
          <styleUrl>#style_40</styleUrl>
          <Point>
            <coordinates>-77.082591,-12.032663</coordinates>
          </Point>
        </Placemark>
      </Folder>
      <Folder>
        <open>0</open>
        <name>LAC: 38 CID: 5385:2 RNC: 0 PSC: 187</name>
        <Placemark>
          <name>38/1378562 LTE</name>
          <description>~16678 (yd), Provincia de Lima, Av. Pacasmayo 335, Lima 15079, Perú</description>
          <styleUrl>#style_cur</styleUrl>
          <Point>
            <coordinates>-77.04713,-12.042806</coordinates>
          </Point>
        </Placemark>
        <Placemark>
          <name>-97</name>
          <description>
LAC: 38 CID: 5385:2 RNC: 0 PSC: 187
ACCURACY: 11
CHANGE_TYPE: CELL
TIMESTAMP: 26 may 2026 6:04:48 p.m.</description>
          <styleUrl>#style_40</styleUrl>
          <Point>
            <coordinates>-77.081439,-12.031936</coordinates>
          </Point>
        </Placemark>
        <Placemark>
          <name>-100</name>
          <description>
LAC: 38 CID: 5385:2 RNC: 0 PSC: 187
ACCURACY: 12
CHANGE_TYPE: CELL
TIMESTAMP: 26 may 2026 6:05:05 p.m.</description>
          <styleUrl>#style_40</styleUrl>
          <Point>
            <coordinates>-77.081573,-12.031835</coordinates>
          </Point>
        </Placemark>
        <Placemark>
          <name>-97</name>
          <description>
LAC: 38 CID: 5385:2 RNC: 0 PSC: 187
ACCURACY: 11
CHANGE_TYPE: DBM
TIMESTAMP: 26 may 2026 6:04:48 p.m.</description>
          <styleUrl>#style_40</styleUrl>
          <Point>
            <coordinates>-77.081439,-12.031936</coordinates>
          </Point>
        </Placemark>
        <Placemark>
          <name>-96</name>
          <description>
LAC: 38 CID: 5385:2 RNC: 0 PSC: 187
ACCURACY: 12
CHANGE_TYPE: DBM
TIMESTAMP: 26 may 2026 6:04:50 p.m.</description>
          <styleUrl>#style_50</styleUrl>
          <Point>
            <coordinates>-77.081491,-12.031908</coordinates>
          </Point>
        </Placemark>
        <Placemark>
          <name>-94</name>
          <description>
LAC: 38 CID: 5385:2 RNC: 0 PSC: 187
ACCURACY: 12
CHANGE_TYPE: DBM
TIMESTAMP: 26 may 2026 6:04:52 p.m.</description>
          <styleUrl>#style_50</styleUrl>
          <Point>
            <coordinates>-77.081491,-12.031908</coordinates>
          </Point>
        </Placemark>
        <Placemark>
          <name>-94</name>
          <description>
LAC: 38 CID: 5385:2 RNC: 0 PSC: 187
ACCURACY: 12
CHANGE_TYPE: DBM
TIMESTAMP: 26 may 2026 6:04:54 p.m.</description>
          <styleUrl>#style_50</styleUrl>
          <Point>
            <coordinates>-77.081491,-12.031908</coordinates>
          </Point>
        </Placemark>
        <Placemark>
          <name>-99</name>
          <description>
LAC: 38 CID: 5385:2 RNC: 0 PSC: 187
ACCURACY: 12
CHANGE_TYPE: DBM
TIMESTAMP: 26 may 2026 6:04:56 p.m.</description>
          <styleUrl>#style_40</styleUrl>
          <Point>
            <coordinates>-77.081491,-12.031908</coordinates>
          </Point>
        </Placemark>
        <Placemark>
          <name>-99</name>
          <description>
LAC: 38 CID: 5385:2 RNC: 0 PSC: 187
ACCURACY: 12
CHANGE_TYPE: DBM
TIMESTAMP: 26 may 2026 6:04:57 p.m.</description>
          <styleUrl>#style_40</styleUrl>
          <Point>
            <coordinates>-77.081491,-12.031908</coordinates>
          </Point>
        </Placemark>
        <Placemark>
          <name>-100</name>
          <description>
LAC: 38 CID: 5385:2 RNC: 0 PSC: 187
ACCURACY: 12
CHANGE_TYPE: DBM
TIMESTAMP: 26 may 2026 6:04:58 p.m.</description>
          <styleUrl>#style_40</styleUrl>
          <Point>
            <coordinates>-77.081491,-12.031908</coordinates>
          </Point>
        </Placemark>
        <Placemark>
          <name>-100</name>
          <description>
LAC: 38 CID: 5385:2 RNC: 0 PSC: 187
ACCURACY: 12
CHANGE_TYPE: DBM
TIMESTAMP: 26 may 2026 6:05:00 p.m.</description>
          <styleUrl>#style_40</styleUrl>
          <Point>
            <coordinates>-77.081573,-12.031835</coordinates>
          </Point>
        </Placemark>
        <Placemark>
          <name>-100</name>
          <description>
LAC: 38 CID: 5385:2 RNC: 0 PSC: 187
ACCURACY: 12
CHANGE_TYPE: DBM
TIMESTAMP: 26 may 2026 6:05:01 p.m.</description>
          <styleUrl>#style_40</styleUrl>
          <Point>
            <coordinates>-77.081573,-12.031835</coordinates>
          </Point>
        </Placemark>
        <Placemark>
          <name>-100</name>
          <description>
LAC: 38 CID: 5385:2 RNC: 0 PSC: 187
ACCURACY: 12
CHANGE_TYPE: DBM
TIMESTAMP: 26 may 2026 6:05:05 p.m.</description>
          <styleUrl>#style_40</styleUrl>
          <Point>
            <coordinates>-77.081573,-12.031835</coordinates>
          </Point>
        </Placemark>
        <Placemark>
          <name>-97</name>
          <description>
LAC: 38 CID: 5385:2 RNC: 0 PSC: 187
ACCURACY: 12
CHANGE_TYPE: GPS
TIMESTAMP: 26 may 2026 6:04:48 p.m.</description>
          <styleUrl>#style_40</styleUrl>
          <Point>
            <coordinates>-77.081491,-12.031908</coordinates>
          </Point>
        </Placemark>
        <Placemark>
          <name>-100</name>
          <description>
LAC: 38 CID: 5385:2 RNC: 0 PSC: 187
ACCURACY: 12
CHANGE_TYPE: GPS
TIMESTAMP: 26 may 2026 6:04:58 p.m.</description>
          <styleUrl>#style_40</styleUrl>
          <Point>
            <coordinates>-77.081573,-12.031835</coordinates>
          </Point>
        </Placemark>
      </Folder>
      <Folder>
        <open>0</open>
        <name>LAC: 38 CID: 5462:2 RNC: 0 PSC: 107</name>
      </Folder>
      <Folder>
        <open>0</open>
        <name>LAC: 38 CID: 5462:7 RNC: 0 PSC: 336</name>
        <Placemark>
          <name>38/1398279 LTE</name>
          <description>~807 (yd), Provincia de Lima, Jirón Junín 3412, San Martín de Porres 15106, Perú</description>
          <styleUrl>#style_cur</styleUrl>
          <Point>
            <coordinates>-77.08425,-12.030543</coordinates>
          </Point>
        </Placemark>
      </Folder>
      <Folder>
        <open>0</open>
        <name>LAC: 38 CID: 5462:8 RNC: 0 PSC: 209</name>
        <Placemark>
          <name>38/1398280 LTE</name>
          <description>~18344 (yd), Provincia de Lima, Av. Pacasmayo 267, Lima 15079, Perú</description>
          <styleUrl>#style_cur</styleUrl>
          <Point>
            <coordinates>-77.04699,-12.04161</coordinates>
          </Point>
        </Placemark>
        <Placemark>
          <name>-96</name>
          <description>
LAC: 38 CID: 5462:8 RNC: 0 PSC: 209
ACCURACY: 12
CHANGE_TYPE: CELL
TIMESTAMP: 26 may 2026 5:41:22 p.m.</description>
          <styleUrl>#style_50</styleUrl>
          <Point>
            <coordinates>-77.084856,-12.029178</coordinates>
          </Point>
        </Placemark>
        <Placemark>
          <name>-95</name>
          <description>
LAC: 38 CID: 5462:8 RNC: 0 PSC: 209
ACCURACY: 12
CHANGE_TYPE: CELL
TIMESTAMP: 26 may 2026 5:42:00 p.m.</description>
          <styleUrl>#style_50</styleUrl>
          <Point>
            <coordinates>-77.08501,-12.029543</coordinates>
          </Point>
        </Placemark>
        <Placemark>
          <name>-96</name>
          <description>
LAC: 38 CID: 5462:8 RNC: 0 PSC: 209
ACCURACY: 12
CHANGE_TYPE: DBM
TIMESTAMP: 26 may 2026 5:41:22 p.m.</description>
          <styleUrl>#style_50</styleUrl>
          <Point>
            <coordinates>-77.084856,-12.029178</coordinates>
          </Point>
        </Placemark>
        <Placemark>
          <name>-96</name>
          <description>
LAC: 38 CID: 5462:8 RNC: 0 PSC: 209
ACCURACY: 12
CHANGE_TYPE: DBM
TIMESTAMP: 26 may 2026 5:41:23 p.m.</description>
          <styleUrl>#style_50</styleUrl>
          <Point>
            <coordinates>-77.084856,-12.029178</coordinates>
          </Point>
        </Placemark>
        <Placemark>
          <name>-94</name>
          <description>
LAC: 38 CID: 5462:8 RNC: 0 PSC: 209
ACCURACY: 12
CHANGE_TYPE: DBM
TIMESTAMP: 26 may 2026 5:41:24 p.m.</description>
          <styleUrl>#style_50</styleUrl>
          <Point>
            <coordinates>-77.084888,-12.029316</coordinates>
          </Point>
        </Placemark>
        <Placemark>
          <name>-94</name>
          <description>
LAC: 38 CID: 5462:8 RNC: 0 PSC: 209
ACCURACY: 12
CHANGE_TYPE: DBM
TIMESTAMP: 26 may 2026 5:41:25 p.m.</description>
          <styleUrl>#style_50</styleUrl>
          <Point>
            <coordinates>-77.084888,-12.029316</coordinates>
          </Point>
        </Placemark>
        <Placemark>
          <name>-93</name>
          <description>
LAC: 38 CID: 5462:8 RNC: 0 PSC: 209
ACCURACY: 12
CHANGE_TYPE: DBM
TIMESTAMP: 26 may 2026 5:41:26 p.m.</description>
          <styleUrl>#style_50</styleUrl>
          <Point>
            <coordinates>-77.084888,-12.029316</coordinates>
          </Point>
        </Placemark>
        <Placemark>
          <name>-93</name>
          <description>
LAC: 38 CID: 5462:8 RNC: 0 PSC: 209
ACCURACY: 12
CHANGE_TYPE: DBM
TIMESTAMP: 26 may 2026 5:41:27 p.m.</description>
          <styleUrl>#style_50</styleUrl>
          <Point>
            <coordinates>-77.084888,-12.029316</coordinates>
          </Point>
        </Placemark>
        <Placemark>
          <name>-95</name>
          <description>
LAC: 38 CID: 5462:8 RNC: 0 PSC: 209
ACCURACY: 12
CHANGE_TYPE: DBM
TIMESTAMP: 26 may 2026 5:41:28 p.m.</description>
          <styleUrl>#style_50</styleUrl>
          <Point>
            <coordinates>-77.084888,-12.029316</coordinates>
          </Point>
        </Placemark>
        <Placemark>
          <name>-96</name>
          <description>
LAC: 38 CID: 5462:8 RNC: 0 PSC: 209
ACCURACY: 12
CHANGE_TYPE: DBM
TIMESTAMP: 26 may 2026 5:41:30 p.m.</description>
          <styleUrl>#style_50</styleUrl>
          <Point>
            <coordinates>-77.084898,-12.029362</coordinates>
          </Point>
        </Placemark>
        <Placemark>
          <name>-96</name>
          <description>
LAC: 38 CID: 5462:8 RNC: 0 PSC: 209
ACCURACY: 12
CHANGE_TYPE: DBM
TIMESTAMP: 26 may 2026 5:41:31 p.m.</description>
          <styleUrl>#style_50</styleUrl>
          <Point>
            <coordinates>-77.084898,-12.029362</coordinates>
          </Point>
        </Placemark>
        <Placemark>
          <name>-99</name>
          <description>
LAC: 38 CID: 5462:8 RNC: 0 PSC: 209
ACCURACY: 12
CHANGE_TYPE: DBM
TIMESTAMP: 26 may 2026 5:41:32 p.m.</description>
          <styleUrl>#style_40</styleUrl>
          <Point>
            <coordinates>-77.084898,-12.029362</coordinates>
          </Point>
        </Placemark>
        <Placemark>
          <name>-99</name>
          <description>
LAC: 38 CID: 5462:8 RNC: 0 PSC: 209
ACCURACY: 12
CHANGE_TYPE: DBM
TIMESTAMP: 26 may 2026 5:41:34 p.m.</description>
          <styleUrl>#style_40</styleUrl>
          <Point>
            <coordinates>-77.084898,-12.029362</coordinates>
          </Point>
        </Placemark>
        <Placemark>
          <name>-99</name>
          <description>
LAC: 38 CID: 5462:8 RNC: 0 PSC: 209
ACCURACY: 12
CHANGE_TYPE: DBM
TIMESTAMP: 26 may 2026 5:41:35 p.m.</description>
          <styleUrl>#style_40</styleUrl>
          <Point>
            <coordinates>-77.084898,-12.029362</coordinates>
          </Point>
        </Placemark>
        <Placemark>
          <name>-95</name>
          <description>
LAC: 38 CID: 5462:8 RNC: 0 PSC: 209
ACCURACY: 12
CHANGE_TYPE: DBM
TIMESTAMP: 26 may 2026 5:41:36 p.m.</description>
          <styleUrl>#style_50</styleUrl>
          <Point>
            <coordinates>-77.084898,-12.029362</coordinates>
          </Point>
        </Placemark>
        <Placemark>
          <name>-95</name>
          <description>
LAC: 38 CID: 5462:8 RNC: 0 PSC: 209
ACCURACY: 12
CHANGE_TYPE: DBM
TIMESTAMP: 26 may 2026 5:41:37 p.m.</description>
          <styleUrl>#style_50</styleUrl>
          <Point>
            <coordinates>-77.084898,-12.029362</coordinates>
          </Point>
        </Placemark>
        <Placemark>
          <name>-100</name>
          <description>
LAC: 38 CID: 5462:8 RNC: 0 PSC: 209
ACCURACY: 12
CHANGE_TYPE: DBM
TIMESTAMP: 26 may 2026 5:41:38 p.m.</description>
          <styleUrl>#style_40</styleUrl>
          <Point>
            <coordinates>-77.084898,-12.029362</coordinates>
          </Point>
        </Placemark>
        <Placemark>
          <name>-98</name>
          <description>
LAC: 38 CID: 5462:8 RNC: 0 PSC: 209
ACCURACY: 12
CHANGE_TYPE: DBM
TIMESTAMP: 26 may 2026 5:41:40 p.m.</description>
          <styleUrl>#style_40</styleUrl>
          <Point>
            <coordinates>-77.084935,-12.029424</coordinates>
          </Point>
        </Placemark>
        <Placemark>
          <name>-98</name>
          <description>
LAC: 38 CID: 5462:8 RNC: 0 PSC: 209
ACCURACY: 12
CHANGE_TYPE: DBM
TIMESTAMP: 26 may 2026 5:41:41 p.m.</description>
          <styleUrl>#style_40</styleUrl>
          <Point>
            <coordinates>-77.084935,-12.029424</coordinates>
          </Point>
        </Placemark>
        <Placemark>
          <name>-96</name>
          <description>
LAC: 38 CID: 5462:8 RNC: 0 PSC: 209
ACCURACY: 12
CHANGE_TYPE: DBM
TIMESTAMP: 26 may 2026 5:41:42 p.m.</description>
          <styleUrl>#style_50</styleUrl>
          <Point>
            <coordinates>-77.084935,-12.029424</coordinates>
          </Point>
        </Placemark>
        <Placemark>
          <name>-100</name>
          <description>
LAC: 38 CID: 5462:8 RNC: 0 PSC: 209
ACCURACY: 12
CHANGE_TYPE: DBM
TIMESTAMP: 26 may 2026 5:41:44 p.m.</description>
          <styleUrl>#style_40</styleUrl>
          <Point>
            <coordinates>-77.084935,-12.029424</coordinates>
          </Point>
        </Placemark>
        <Placemark>
          <name>-99</name>
          <description>
LAC: 38 CID: 5462:8 RNC: 0 PSC: 209
ACCURACY: 12
CHANGE_TYPE: DBM
TIMESTAMP: 26 may 2026 5:41:46 p.m.</description>
          <styleUrl>#style_40</styleUrl>
          <Point>
            <coordinates>-77.084935,-12.029424</coordinates>
          </Point>
        </Placemark>
        <Placemark>
          <name>-99</name>
          <description>
LAC: 38 CID: 5462:8 RNC: 0 PSC: 209
ACCURACY: 12
CHANGE_TYPE: DBM
TIMESTAMP: 26 may 2026 5:41:47 p.m.</description>
          <styleUrl>#style_40</styleUrl>
          <Point>
            <coordinates>-77.084935,-12.029424</coordinates>
          </Point>
        </Placemark>
        <Placemark>
          <name>-98</name>
          <description>
LAC: 38 CID: 5462:8 RNC: 0 PSC: 209
ACCURACY: 11
CHANGE_TYPE: DBM
TIMESTAMP: 26 may 2026 5:41:48 p.m.</description>
          <styleUrl>#style_40</styleUrl>
          <Point>
            <coordinates>-77.084971,-12.029479</coordinates>
          </Point>
        </Placemark>
        <Placemark>
          <name>-99</name>
          <description>
LAC: 38 CID: 5462:8 RNC: 0 PSC: 209
ACCURACY: 11
CHANGE_TYPE: DBM
TIMESTAMP: 26 may 2026 5:41:50 p.m.</description>
          <styleUrl>#style_40</styleUrl>
          <Point>
            <coordinates>-77.084971,-12.029479</coordinates>
          </Point>
        </Placemark>
        <Placemark>
          <name>-99</name>
          <description>
LAC: 38 CID: 5462:8 RNC: 0 PSC: 209
ACCURACY: 11
CHANGE_TYPE: DBM
TIMESTAMP: 26 may 2026 5:41:52 p.m.</description>
          <styleUrl>#style_40</styleUrl>
          <Point>
            <coordinates>-77.084971,-12.029479</coordinates>
          </Point>
        </Placemark>
        <Placemark>
          <name>-103</name>
          <description>
LAC: 38 CID: 5462:8 RNC: 0 PSC: 209
ACCURACY: 11
CHANGE_TYPE: DBM
TIMESTAMP: 26 may 2026 5:41:53 p.m.</description>
          <styleUrl>#style_40</styleUrl>
          <Point>
            <coordinates>-77.084971,-12.029479</coordinates>
          </Point>
        </Placemark>
        <Placemark>
          <name>-103</name>
          <description>
LAC: 38 CID: 5462:8 RNC: 0 PSC: 209
ACCURACY: 11
CHANGE_TYPE: DBM
TIMESTAMP: 26 may 2026 5:41:54 p.m.</description>
          <styleUrl>#style_40</styleUrl>
          <Point>
            <coordinates>-77.084971,-12.029479</coordinates>
          </Point>
        </Placemark>
        <Placemark>
          <name>-101</name>
          <description>
LAC: 38 CID: 5462:8 RNC: 0 PSC: 209
ACCURACY: 11
CHANGE_TYPE: DBM
TIMESTAMP: 26 may 2026 5:41:55 p.m.</description>
          <styleUrl>#style_40</styleUrl>
          <Point>
            <coordinates>-77.084971,-12.029479</coordinates>
          </Point>
        </Placemark>
        <Placemark>
          <name>-101</name>
          <description>
LAC: 38 CID: 5462:8 RNC: 0 PSC: 209
ACCURACY: 11
CHANGE_TYPE: DBM
TIMESTAMP: 26 may 2026 5:41:56 p.m.</description>
          <styleUrl>#style_40</styleUrl>
          <Point>
            <coordinates>-77.084971,-12.029479</coordinates>
          </Point>
        </Placemark>
        <Placemark>
          <name>-104</name>
          <description>
LAC: 38 CID: 5462:8 RNC: 0 PSC: 209
ACCURACY: 11
CHANGE_TYPE: DBM
TIMESTAMP: 26 may 2026 5:41:57 p.m.</description>
          <styleUrl>#style_40</styleUrl>
          <Point>
            <coordinates>-77.084971,-12.029479</coordinates>
          </Point>
        </Placemark>
        <Placemark>
          <name>-95</name>
          <description>
LAC: 38 CID: 5462:8 RNC: 0 PSC: 209
ACCURACY: 12
CHANGE_TYPE: DBM
TIMESTAMP: 26 may 2026 5:42:00 p.m.</description>
          <styleUrl>#style_50</styleUrl>
          <Point>
            <coordinates>-77.08501,-12.029543</coordinates>
          </Point>
        </Placemark>
        <Placemark>
          <name>-95</name>
          <description>
LAC: 38 CID: 5462:8 RNC: 0 PSC: 209
ACCURACY: 12
CHANGE_TYPE: DBM
TIMESTAMP: 26 may 2026 5:42:01 p.m.</description>
          <styleUrl>#style_50</styleUrl>
          <Point>
            <coordinates>-77.08501,-12.029543</coordinates>
          </Point>
        </Placemark>
        <Placemark>
          <name>-95</name>
          <description>
LAC: 38 CID: 5462:8 RNC: 0 PSC: 209
ACCURACY: 12
CHANGE_TYPE: DBM
TIMESTAMP: 26 may 2026 5:42:02 p.m.</description>
          <styleUrl>#style_50</styleUrl>
          <Point>
            <coordinates>-77.08501,-12.029543</coordinates>
          </Point>
        </Placemark>
        <Placemark>
          <name>-105</name>
          <description>
LAC: 38 CID: 5462:8 RNC: 0 PSC: 209
ACCURACY: 12
CHANGE_TYPE: DBM
TIMESTAMP: 26 may 2026 5:42:03 p.m.</description>
          <styleUrl>#style_40</styleUrl>
          <Point>
            <coordinates>-77.08501,-12.029543</coordinates>
          </Point>
        </Placemark>
        <Placemark>
          <name>-105</name>
          <description>
LAC: 38 CID: 5462:8 RNC: 0 PSC: 209
ACCURACY: 12
CHANGE_TYPE: DBM
TIMESTAMP: 26 may 2026 5:42:04 p.m.</description>
          <styleUrl>#style_40</styleUrl>
          <Point>
            <coordinates>-77.08501,-12.029543</coordinates>
          </Point>
        </Placemark>
        <Placemark>
          <name>-96</name>
          <description>
LAC: 38 CID: 5462:8 RNC: 0 PSC: 209
ACCURACY: 12
CHANGE_TYPE: GPS
TIMESTAMP: 26 may 2026 5:41:23 p.m.</description>
          <styleUrl>#style_50</styleUrl>
          <Point>
            <coordinates>-77.084888,-12.029316</coordinates>
          </Point>
        </Placemark>
        <Placemark>
          <name>-95</name>
          <description>
LAC: 38 CID: 5462:8 RNC: 0 PSC: 209
ACCURACY: 12
CHANGE_TYPE: GPS
TIMESTAMP: 26 may 2026 5:41:28 p.m.</description>
          <styleUrl>#style_50</styleUrl>
          <Point>
            <coordinates>-77.084898,-12.029362</coordinates>
          </Point>
        </Placemark>
        <Placemark>
          <name>-100</name>
          <description>
LAC: 38 CID: 5462:8 RNC: 0 PSC: 209
ACCURACY: 12
CHANGE_TYPE: GPS
TIMESTAMP: 26 may 2026 5:41:38 p.m.</description>
          <styleUrl>#style_40</styleUrl>
          <Point>
            <coordinates>-77.084935,-12.029424</coordinates>
          </Point>
        </Placemark>
        <Placemark>
          <name>-104</name>
          <description>
LAC: 38 CID: 5462:8 RNC: 0 PSC: 209
ACCURACY: 12
CHANGE_TYPE: GPS
TIMESTAMP: 26 may 2026 5:41:58 p.m.</description>
          <styleUrl>#style_40</styleUrl>
          <Point>
            <coordinates>-77.08501,-12.029543</coordinates>
          </Point>
        </Placemark>
      </Folder>
      <Folder>
        <open>0</open>
        <name>LAC: 38 CID: 5462:22 RNC: 0 PSC: 383</name>
        <Placemark>
          <name>38/1398294 LTE</name>
          <description>~16952 (yd), Provincia de Lima, AV. ARGENTINA 11 CRUCE, Galería Nicolini, Av. Argentina Y, Lima 15079, Perú</description>
          <styleUrl>#style_cur</styleUrl>
          <Point>
            <coordinates>-77.04566,-12.044044</coordinates>
          </Point>
        </Placemark>
        <Placemark>
          <name>-77</name>
          <description>
LAC: 38 CID: 5462:22 RNC: 0 PSC: 383
ACCURACY: 11
CHANGE_TYPE: CELL
TIMESTAMP: 26 may 2026 5:58:01 p.m.</description>
          <styleUrl>#style_60</styleUrl>
          <Point>
            <coordinates>-77.084159,-12.031277</coordinates>
          </Point>
        </Placemark>
        <Placemark>
          <name>-91</name>
          <description>
LAC: 38 CID: 5462:22 RNC: 0 PSC: 383
ACCURACY: 11
CHANGE_TYPE: CELL
TIMESTAMP: 26 may 2026 5:58:13 p.m.</description>
          <styleUrl>#style_50</styleUrl>
          <Point>
            <coordinates>-77.084092,-12.031295</coordinates>
          </Point>
        </Placemark>
        <Placemark>
          <name>-93</name>
          <description>
LAC: 38 CID: 5462:22 RNC: 0 PSC: 383
ACCURACY: 12
CHANGE_TYPE: CELL
TIMESTAMP: 26 may 2026 5:58:34 p.m.</description>
          <styleUrl>#style_50</styleUrl>
          <Point>
            <coordinates>-77.083895,-12.031351</coordinates>
          </Point>
        </Placemark>
        <Placemark>
          <name>-1</name>
          <description>
LAC: 38 CID: 5462:22 RNC: 0 PSC: 383
ACCURACY: 12
CHANGE_TYPE: CELL
TIMESTAMP: 26 may 2026 5:59:11 p.m.</description>
          <styleUrl>#style_0</styleUrl>
          <Point>
            <coordinates>-77.083678,-12.031429</coordinates>
          </Point>
        </Placemark>
        <Placemark>
          <name>-94</name>
          <description>
LAC: 38 CID: 5462:22 RNC: 0 PSC: 383
ACCURACY: 12
CHANGE_TYPE: CELL
TIMESTAMP: 26 may 2026 5:59:42 p.m.</description>
          <styleUrl>#style_50</styleUrl>
          <Point>
            <coordinates>-77.083416,-12.031465</coordinates>
          </Point>
        </Placemark>
        <Placemark>
          <name>-1</name>
          <description>
LAC: 38 CID: 5462:22 RNC: 0 PSC: 383
ACCURACY: 13
CHANGE_TYPE: CELL
TIMESTAMP: 26 may 2026 6:00:09 p.m.</description>
          <styleUrl>#style_0</styleUrl>
          <Point>
            <coordinates>-77.083128,-12.031453</coordinates>
          </Point>
        </Placemark>
        <Placemark>
          <name>-77</name>
          <description>
LAC: 38 CID: 5462:22 RNC: 0 PSC: 383
ACCURACY: 11
CHANGE_TYPE: DBM
TIMESTAMP: 26 may 2026 5:58:01 p.m.</description>
          <styleUrl>#style_60</styleUrl>
          <Point>
            <coordinates>-77.084159,-12.031277</coordinates>
          </Point>
        </Placemark>
        <Placemark>
          <name>-77</name>
          <description>
LAC: 38 CID: 5462:22 RNC: 0 PSC: 383
ACCURACY: 11
CHANGE_TYPE: DBM
TIMESTAMP: 26 may 2026 5:58:04 p.m.</description>
          <styleUrl>#style_60</styleUrl>
          <Point>
            <coordinates>-77.084092,-12.031295</coordinates>
          </Point>
        </Placemark>
        <Placemark>
          <name>-76</name>
          <description>
LAC: 38 CID: 5462:22 RNC: 0 PSC: 383
ACCURACY: 11
CHANGE_TYPE: DBM
TIMESTAMP: 26 may 2026 5:58:05 p.m.</description>
          <styleUrl>#style_70</styleUrl>
          <Point>
            <coordinates>-77.084092,-12.031295</coordinates>
          </Point>
        </Placemark>
        <Placemark>
          <name>-72</name>
          <description>
LAC: 38 CID: 5462:22 RNC: 0 PSC: 383
ACCURACY: 11
CHANGE_TYPE: DBM
TIMESTAMP: 26 may 2026 5:58:07 p.m.</description>
          <styleUrl>#style_70</styleUrl>
          <Point>
            <coordinates>-77.084092,-12.031295</coordinates>
          </Point>
        </Placemark>
        <Placemark>
          <name>-72</name>
          <description>
LAC: 38 CID: 5462:22 RNC: 0 PSC: 383
ACCURACY: 11
CHANGE_TYPE: DBM
TIMESTAMP: 26 may 2026 5:58:08 p.m.</description>
          <styleUrl>#style_70</styleUrl>
          <Point>
            <coordinates>-77.084092,-12.031295</coordinates>
          </Point>
        </Placemark>
        <Placemark>
          <name>-83</name>
          <description>
LAC: 38 CID: 5462:22 RNC: 0 PSC: 383
ACCURACY: 11
CHANGE_TYPE: DBM
TIMESTAMP: 26 may 2026 5:58:09 p.m.</description>
          <styleUrl>#style_60</styleUrl>
          <Point>
            <coordinates>-77.084092,-12.031295</coordinates>
          </Point>
        </Placemark>
        <Placemark>
          <name>-83</name>
          <description>
LAC: 38 CID: 5462:22 RNC: 0 PSC: 383
ACCURACY: 11
CHANGE_TYPE: DBM
TIMESTAMP: 26 may 2026 5:58:10 p.m.</description>
          <styleUrl>#style_60</styleUrl>
          <Point>
            <coordinates>-77.084092,-12.031295</coordinates>
          </Point>
        </Placemark>
        <Placemark>
          <name>-91</name>
          <description>
LAC: 38 CID: 5462:22 RNC: 0 PSC: 383
ACCURACY: 11
CHANGE_TYPE: DBM
TIMESTAMP: 26 may 2026 5:58:13 p.m.</description>
          <styleUrl>#style_50</styleUrl>
          <Point>
            <coordinates>-77.084092,-12.031295</coordinates>
          </Point>
        </Placemark>
        <Placemark>
          <name>-91</name>
          <description>
LAC: 38 CID: 5462:22 RNC: 0 PSC: 383
ACCURACY: 11
CHANGE_TYPE: DBM
TIMESTAMP: 26 may 2026 5:58:14 p.m.</description>
          <styleUrl>#style_50</styleUrl>
          <Point>
            <coordinates>-77.084012,-12.031301</coordinates>
          </Point>
        </Placemark>
        <Placemark>
          <name>-89</name>
          <description>
LAC: 38 CID: 5462:22 RNC: 0 PSC: 383
ACCURACY: 11
CHANGE_TYPE: DBM
TIMESTAMP: 26 may 2026 5:58:15 p.m.</description>
          <styleUrl>#style_50</styleUrl>
          <Point>
            <coordinates>-77.084012,-12.031301</coordinates>
          </Point>
        </Placemark>
        <Placemark>
          <name>-89</name>
          <description>
LAC: 38 CID: 5462:22 RNC: 0 PSC: 383
ACCURACY: 11
CHANGE_TYPE: DBM
TIMESTAMP: 26 may 2026 5:58:16 p.m.</description>
          <styleUrl>#style_50</styleUrl>
          <Point>
            <coordinates>-77.084012,-12.031301</coordinates>
          </Point>
        </Placemark>
        <Placemark>
          <name>-90</name>
          <description>
LAC: 38 CID: 5462:22 RNC: 0 PSC: 383
ACCURACY: 11
CHANGE_TYPE: DBM
TIMESTAMP: 26 may 2026 5:58:17 p.m.</description>
          <styleUrl>#style_50</styleUrl>
          <Point>
            <coordinates>-77.084012,-12.031301</coordinates>
          </Point>
        </Placemark>
        <Placemark>
          <name>-90</name>
          <description>
LAC: 38 CID: 5462:22 RNC: 0 PSC: 383
ACCURACY: 11
CHANGE_TYPE: DBM
TIMESTAMP: 26 may 2026 5:58:18 p.m.</description>
          <styleUrl>#style_50</styleUrl>
          <Point>
            <coordinates>-77.084012,-12.031301</coordinates>
          </Point>
        </Placemark>
        <Placemark>
          <name>-85</name>
          <description>
LAC: 38 CID: 5462:22 RNC: 0 PSC: 383
ACCURACY: 11
CHANGE_TYPE: DBM
TIMESTAMP: 26 may 2026 5:58:19 p.m.</description>
          <styleUrl>#style_60</styleUrl>
          <Point>
            <coordinates>-77.084012,-12.031301</coordinates>
          </Point>
        </Placemark>
        <Placemark>
          <name>-85</name>
          <description>
LAC: 38 CID: 5462:22 RNC: 0 PSC: 383
ACCURACY: 11
CHANGE_TYPE: DBM
TIMESTAMP: 26 may 2026 5:58:20 p.m.</description>
          <styleUrl>#style_60</styleUrl>
          <Point>
            <coordinates>-77.084012,-12.031301</coordinates>
          </Point>
        </Placemark>
        <Placemark>
          <name>-88</name>
          <description>
LAC: 38 CID: 5462:22 RNC: 0 PSC: 383
ACCURACY: 11
CHANGE_TYPE: DBM
TIMESTAMP: 26 may 2026 5:58:21 p.m.</description>
          <styleUrl>#style_50</styleUrl>
          <Point>
            <coordinates>-77.084012,-12.031301</coordinates>
          </Point>
        </Placemark>
        <Placemark>
          <name>-88</name>
          <description>
LAC: 38 CID: 5462:22 RNC: 0 PSC: 383
ACCURACY: 11
CHANGE_TYPE: DBM
TIMESTAMP: 26 may 2026 5:58:22 p.m.</description>
          <styleUrl>#style_50</styleUrl>
          <Point>
            <coordinates>-77.084012,-12.031301</coordinates>
          </Point>
        </Placemark>
        <Placemark>
          <name>-88</name>
          <description>
LAC: 38 CID: 5462:22 RNC: 0 PSC: 383
ACCURACY: 11
CHANGE_TYPE: DBM
TIMESTAMP: 26 may 2026 5:58:24 p.m.</description>
          <styleUrl>#style_50</styleUrl>
          <Point>
            <coordinates>-77.083935,-12.03132</coordinates>
          </Point>
        </Placemark>
        <Placemark>
          <name>-88</name>
          <description>
LAC: 38 CID: 5462:22 RNC: 0 PSC: 383
ACCURACY: 11
CHANGE_TYPE: DBM
TIMESTAMP: 26 may 2026 5:58:25 p.m.</description>
          <styleUrl>#style_50</styleUrl>
          <Point>
            <coordinates>-77.083935,-12.03132</coordinates>
          </Point>
        </Placemark>
        <Placemark>
          <name>-1</name>
          <description>
LAC: 38 CID: 5462:22 RNC: 0 PSC: 383
ACCURACY: 11
CHANGE_TYPE: DBM
TIMESTAMP: 26 may 2026 5:58:26 p.m.</description>
          <styleUrl>#style_0</styleUrl>
          <Point>
            <coordinates>-77.083935,-12.03132</coordinates>
          </Point>
        </Placemark>
        <Placemark>
          <name>-1</name>
          <description>
LAC: 38 CID: 5462:22 RNC: 0 PSC: 383
ACCURACY: 11
CHANGE_TYPE: DBM
TIMESTAMP: 26 may 2026 5:58:27 p.m.</description>
          <styleUrl>#style_0</styleUrl>
          <Point>
            <coordinates>-77.083935,-12.03132</coordinates>
          </Point>
        </Placemark>
        <Placemark>
          <name>-88</name>
          <description>
LAC: 38 CID: 5462:22 RNC: 0 PSC: 383
ACCURACY: 11
CHANGE_TYPE: DBM
TIMESTAMP: 26 may 2026 5:58:28 p.m.</description>
          <styleUrl>#style_50</styleUrl>
          <Point>
            <coordinates>-77.083935,-12.03132</coordinates>
          </Point>
        </Placemark>
        <Placemark>
          <name>-88</name>
          <description>
LAC: 38 CID: 5462:22 RNC: 0 PSC: 383
ACCURACY: 11
CHANGE_TYPE: DBM
TIMESTAMP: 26 may 2026 5:58:29 p.m.</description>
          <styleUrl>#style_50</styleUrl>
          <Point>
            <coordinates>-77.083935,-12.03132</coordinates>
          </Point>
        </Placemark>
        <Placemark>
          <name>-93</name>
          <description>
LAC: 38 CID: 5462:22 RNC: 0 PSC: 383
ACCURACY: 12
CHANGE_TYPE: DBM
TIMESTAMP: 26 may 2026 5:58:34 p.m.</description>
          <styleUrl>#style_50</styleUrl>
          <Point>
            <coordinates>-77.083895,-12.031351</coordinates>
          </Point>
        </Placemark>
        <Placemark>
          <name>-93</name>
          <description>
LAC: 38 CID: 5462:22 RNC: 0 PSC: 383
ACCURACY: 12
CHANGE_TYPE: DBM
TIMESTAMP: 26 may 2026 5:58:35 p.m.</description>
          <styleUrl>#style_50</styleUrl>
          <Point>
            <coordinates>-77.083895,-12.031351</coordinates>
          </Point>
        </Placemark>
        <Placemark>
          <name>-93</name>
          <description>
LAC: 38 CID: 5462:22 RNC: 0 PSC: 383
ACCURACY: 12
CHANGE_TYPE: DBM
TIMESTAMP: 26 may 2026 5:58:36 p.m.</description>
          <styleUrl>#style_50</styleUrl>
          <Point>
            <coordinates>-77.083895,-12.031351</coordinates>
          </Point>
        </Placemark>
        <Placemark>
          <name>-93</name>
          <description>
LAC: 38 CID: 5462:22 RNC: 0 PSC: 383
ACCURACY: 12
CHANGE_TYPE: DBM
TIMESTAMP: 26 may 2026 5:58:37 p.m.</description>
          <styleUrl>#style_50</styleUrl>
          <Point>
            <coordinates>-77.083895,-12.031351</coordinates>
          </Point>
        </Placemark>
        <Placemark>
          <name>-94</name>
          <description>
LAC: 38 CID: 5462:22 RNC: 0 PSC: 383
ACCURACY: 12
CHANGE_TYPE: DBM
TIMESTAMP: 26 may 2026 5:58:38 p.m.</description>
          <styleUrl>#style_50</styleUrl>
          <Point>
            <coordinates>-77.083895,-12.031351</coordinates>
          </Point>
        </Placemark>
        <Placemark>
          <name>-94</name>
          <description>
LAC: 38 CID: 5462:22 RNC: 0 PSC: 383
ACCURACY: 12
CHANGE_TYPE: DBM
TIMESTAMP: 26 may 2026 5:58:39 p.m.</description>
          <styleUrl>#style_50</styleUrl>
          <Point>
            <coordinates>-77.083895,-12.031351</coordinates>
          </Point>
        </Placemark>
        <Placemark>
          <name>-93</name>
          <description>
LAC: 38 CID: 5462:22 RNC: 0 PSC: 383
ACCURACY: 12
CHANGE_TYPE: DBM
TIMESTAMP: 26 may 2026 5:58:40 p.m.</description>
          <styleUrl>#style_50</styleUrl>
          <Point>
            <coordinates>-77.083895,-12.031351</coordinates>
          </Point>
        </Placemark>
        <Placemark>
          <name>-93</name>
          <description>
LAC: 38 CID: 5462:22 RNC: 0 PSC: 383
ACCURACY: 12
CHANGE_TYPE: DBM
TIMESTAMP: 26 may 2026 5:58:41 p.m.</description>
          <styleUrl>#style_50</styleUrl>
          <Point>
            <coordinates>-77.083895,-12.031351</coordinates>
          </Point>
        </Placemark>
        <Placemark>
          <name>-93</name>
          <description>
LAC: 38 CID: 5462:22 RNC: 0 PSC: 383
ACCURACY: 12
CHANGE_TYPE: DBM
TIMESTAMP: 26 may 2026 5:58:42 p.m.</description>
          <styleUrl>#style_50</styleUrl>
          <Point>
            <coordinates>-77.083895,-12.031351</coordinates>
          </Point>
        </Placemark>
        <Placemark>
          <name>-89</name>
          <description>
LAC: 38 CID: 5462:22 RNC: 0 PSC: 383
ACCURACY: 12
CHANGE_TYPE: DBM
TIMESTAMP: 26 may 2026 5:58:44 p.m.</description>
          <styleUrl>#style_50</styleUrl>
          <Point>
            <coordinates>-77.083797,-12.031354</coordinates>
          </Point>
        </Placemark>
        <Placemark>
          <name>-89</name>
          <description>
LAC: 38 CID: 5462:22 RNC: 0 PSC: 383
ACCURACY: 12
CHANGE_TYPE: DBM
TIMESTAMP: 26 may 2026 5:58:45 p.m.</description>
          <styleUrl>#style_50</styleUrl>
          <Point>
            <coordinates>-77.083797,-12.031354</coordinates>
          </Point>
        </Placemark>
        <Placemark>
          <name>-83</name>
          <description>
LAC: 38 CID: 5462:22 RNC: 0 PSC: 383
ACCURACY: 12
CHANGE_TYPE: DBM
TIMESTAMP: 26 may 2026 5:58:46 p.m.</description>
          <styleUrl>#style_60</styleUrl>
          <Point>
            <coordinates>-77.083797,-12.031354</coordinates>
          </Point>
        </Placemark>
        <Placemark>
          <name>-88</name>
          <description>
LAC: 38 CID: 5462:22 RNC: 0 PSC: 383
ACCURACY: 12
CHANGE_TYPE: DBM
TIMESTAMP: 26 may 2026 5:58:48 p.m.</description>
          <styleUrl>#style_50</styleUrl>
          <Point>
            <coordinates>-77.083797,-12.031354</coordinates>
          </Point>
        </Placemark>
        <Placemark>
          <name>-88</name>
          <description>
LAC: 38 CID: 5462:22 RNC: 0 PSC: 383
ACCURACY: 12
CHANGE_TYPE: DBM
TIMESTAMP: 26 may 2026 5:58:49 p.m.</description>
          <styleUrl>#style_50</styleUrl>
          <Point>
            <coordinates>-77.083744,-12.031345</coordinates>
          </Point>
        </Placemark>
        <Placemark>
          <name>-92</name>
          <description>
LAC: 38 CID: 5462:22 RNC: 0 PSC: 383
ACCURACY: 12
CHANGE_TYPE: DBM
TIMESTAMP: 26 may 2026 5:58:50 p.m.</description>
          <styleUrl>#style_50</styleUrl>
          <Point>
            <coordinates>-77.083744,-12.031345</coordinates>
          </Point>
        </Placemark>
        <Placemark>
          <name>-92</name>
          <description>
LAC: 38 CID: 5462:22 RNC: 0 PSC: 383
ACCURACY: 12
CHANGE_TYPE: DBM
TIMESTAMP: 26 may 2026 5:58:52 p.m.</description>
          <styleUrl>#style_50</styleUrl>
          <Point>
            <coordinates>-77.083744,-12.031345</coordinates>
          </Point>
        </Placemark>
        <Placemark>
          <name>-94</name>
          <description>
LAC: 38 CID: 5462:22 RNC: 0 PSC: 383
ACCURACY: 12
CHANGE_TYPE: DBM
TIMESTAMP: 26 may 2026 5:58:53 p.m.</description>
          <styleUrl>#style_50</styleUrl>
          <Point>
            <coordinates>-77.083744,-12.031345</coordinates>
          </Point>
        </Placemark>
        <Placemark>
          <name>-95</name>
          <description>
LAC: 38 CID: 5462:22 RNC: 0 PSC: 383
ACCURACY: 12
CHANGE_TYPE: DBM
TIMESTAMP: 26 may 2026 5:58:55 p.m.</description>
          <styleUrl>#style_50</styleUrl>
          <Point>
            <coordinates>-77.083744,-12.031345</coordinates>
          </Point>
        </Placemark>
        <Placemark>
          <name>-1</name>
          <description>
LAC: 38 CID: 5462:22 RNC: 0 PSC: 383
ACCURACY: 12
CHANGE_TYPE: DBM
TIMESTAMP: 26 may 2026 5:59:11 p.m.</description>
          <styleUrl>#style_0</styleUrl>
          <Point>
            <coordinates>-77.083678,-12.031429</coordinates>
          </Point>
        </Placemark>
        <Placemark>
          <name>-96</name>
          <description>
LAC: 38 CID: 5462:22 RNC: 0 PSC: 383
ACCURACY: 12
CHANGE_TYPE: DBM
TIMESTAMP: 26 may 2026 5:59:13 p.m.</description>
          <styleUrl>#style_50</styleUrl>
          <Point>
            <coordinates>-77.083678,-12.031429</coordinates>
          </Point>
        </Placemark>
        <Placemark>
          <name>-96</name>
          <description>
LAC: 38 CID: 5462:22 RNC: 0 PSC: 383
ACCURACY: 12
CHANGE_TYPE: DBM
TIMESTAMP: 26 may 2026 5:59:14 p.m.</description>
          <styleUrl>#style_50</styleUrl>
          <Point>
            <coordinates>-77.083678,-12.031429</coordinates>
          </Point>
        </Placemark>
        <Placemark>
          <name>-96</name>
          <description>
LAC: 38 CID: 5462:22 RNC: 0 PSC: 383
ACCURACY: 12
CHANGE_TYPE: DBM
TIMESTAMP: 26 may 2026 5:59:15 p.m.</description>
          <styleUrl>#style_50</styleUrl>
          <Point>
            <coordinates>-77.083678,-12.031429</coordinates>
          </Point>
        </Placemark>
        <Placemark>
          <name>-96</name>
          <description>
LAC: 38 CID: 5462:22 RNC: 0 PSC: 383
ACCURACY: 12
CHANGE_TYPE: DBM
TIMESTAMP: 26 may 2026 5:59:16 p.m.</description>
          <styleUrl>#style_50</styleUrl>
          <Point>
            <coordinates>-77.083678,-12.031429</coordinates>
          </Point>
        </Placemark>
        <Placemark>
          <name>-98</name>
          <description>
LAC: 38 CID: 5462:22 RNC: 0 PSC: 383
ACCURACY: 12
CHANGE_TYPE: DBM
TIMESTAMP: 26 may 2026 5:59:17 p.m.</description>
          <styleUrl>#style_40</styleUrl>
          <Point>
            <coordinates>-77.083678,-12.031429</coordinates>
          </Point>
        </Placemark>
        <Placemark>
          <name>-100</name>
          <description>
LAC: 38 CID: 5462:22 RNC: 0 PSC: 383
ACCURACY: 12
CHANGE_TYPE: DBM
TIMESTAMP: 26 may 2026 5:59:20 p.m.</description>
          <styleUrl>#style_40</styleUrl>
          <Point>
            <coordinates>-77.083582,-12.031461</coordinates>
          </Point>
        </Placemark>
        <Placemark>
          <name>-98</name>
          <description>
LAC: 38 CID: 5462:22 RNC: 0 PSC: 383
ACCURACY: 12
CHANGE_TYPE: DBM
TIMESTAMP: 26 may 2026 5:59:22 p.m.</description>
          <styleUrl>#style_40</styleUrl>
          <Point>
            <coordinates>-77.083582,-12.031461</coordinates>
          </Point>
        </Placemark>
        <Placemark>
          <name>-98</name>
          <description>
LAC: 38 CID: 5462:22 RNC: 0 PSC: 383
ACCURACY: 13
CHANGE_TYPE: DBM
TIMESTAMP: 26 may 2026 5:59:24 p.m.</description>
          <styleUrl>#style_40</styleUrl>
          <Point>
            <coordinates>-77.083529,-12.031472</coordinates>
          </Point>
        </Placemark>
        <Placemark>
          <name>-97</name>
          <description>
LAC: 38 CID: 5462:22 RNC: 0 PSC: 383
ACCURACY: 13
CHANGE_TYPE: DBM
TIMESTAMP: 26 may 2026 5:59:26 p.m.</description>
          <styleUrl>#style_40</styleUrl>
          <Point>
            <coordinates>-77.083529,-12.031472</coordinates>
          </Point>
        </Placemark>
        <Placemark>
          <name>-98</name>
          <description>
LAC: 38 CID: 5462:22 RNC: 0 PSC: 383
ACCURACY: 13
CHANGE_TYPE: DBM
TIMESTAMP: 26 may 2026 5:59:28 p.m.</description>
          <styleUrl>#style_40</styleUrl>
          <Point>
            <coordinates>-77.083529,-12.031472</coordinates>
          </Point>
        </Placemark>
        <Placemark>
          <name>-96</name>
          <description>
LAC: 38 CID: 5462:22 RNC: 0 PSC: 383
ACCURACY: 13
CHANGE_TYPE: DBM
TIMESTAMP: 26 may 2026 5:59:30 p.m.</description>
          <styleUrl>#style_50</styleUrl>
          <Point>
            <coordinates>-77.083529,-12.031472</coordinates>
          </Point>
        </Placemark>
        <Placemark>
          <name>-96</name>
          <description>
LAC: 38 CID: 5462:22 RNC: 0 PSC: 383
ACCURACY: 13
CHANGE_TYPE: DBM
TIMESTAMP: 26 may 2026 5:59:31 p.m.</description>
          <styleUrl>#style_50</styleUrl>
          <Point>
            <coordinates>-77.083529,-12.031472</coordinates>
          </Point>
        </Placemark>
        <Placemark>
          <name>-96</name>
          <description>
LAC: 38 CID: 5462:22 RNC: 0 PSC: 383
ACCURACY: 13
CHANGE_TYPE: DBM
TIMESTAMP: 26 may 2026 5:59:32 p.m.</description>
          <styleUrl>#style_50</styleUrl>
          <Point>
            <coordinates>-77.083529,-12.031472</coordinates>
          </Point>
        </Placemark>
        <Placemark>
          <name>-96</name>
          <description>
LAC: 38 CID: 5462:22 RNC: 0 PSC: 383
ACCURACY: 13
CHANGE_TYPE: DBM
TIMESTAMP: 26 may 2026 5:59:33 p.m.</description>
          <styleUrl>#style_50</styleUrl>
          <Point>
            <coordinates>-77.083529,-12.031472</coordinates>
          </Point>
        </Placemark>
        <Placemark>
          <name>-97</name>
          <description>
LAC: 38 CID: 5462:22 RNC: 0 PSC: 383
ACCURACY: 12
CHANGE_TYPE: DBM
TIMESTAMP: 26 may 2026 5:59:34 p.m.</description>
          <styleUrl>#style_40</styleUrl>
          <Point>
            <coordinates>-77.083462,-12.031467</coordinates>
          </Point>
        </Placemark>
        <Placemark>
          <name>-97</name>
          <description>
LAC: 38 CID: 5462:22 RNC: 0 PSC: 383
ACCURACY: 12
CHANGE_TYPE: DBM
TIMESTAMP: 26 may 2026 5:59:36 p.m.</description>
          <styleUrl>#style_40</styleUrl>
          <Point>
            <coordinates>-77.083462,-12.031467</coordinates>
          </Point>
        </Placemark>
        <Placemark>
          <name>-97</name>
          <description>
LAC: 38 CID: 5462:22 RNC: 0 PSC: 383
ACCURACY: 12
CHANGE_TYPE: DBM
TIMESTAMP: 26 may 2026 5:59:37 p.m.</description>
          <styleUrl>#style_40</styleUrl>
          <Point>
            <coordinates>-77.083462,-12.031467</coordinates>
          </Point>
        </Placemark>
        <Placemark>
          <name>-94</name>
          <description>
LAC: 38 CID: 5462:22 RNC: 0 PSC: 383
ACCURACY: 12
CHANGE_TYPE: DBM
TIMESTAMP: 26 may 2026 5:59:42 p.m.</description>
          <styleUrl>#style_50</styleUrl>
          <Point>
            <coordinates>-77.083416,-12.031465</coordinates>
          </Point>
        </Placemark>
        <Placemark>
          <name>-94</name>
          <description>
LAC: 38 CID: 5462:22 RNC: 0 PSC: 383
ACCURACY: 12
CHANGE_TYPE: DBM
TIMESTAMP: 26 may 2026 5:59:43 p.m.</description>
          <styleUrl>#style_50</styleUrl>
          <Point>
            <coordinates>-77.083416,-12.031465</coordinates>
          </Point>
        </Placemark>
        <Placemark>
          <name>-91</name>
          <description>
LAC: 38 CID: 5462:22 RNC: 0 PSC: 383
ACCURACY: 12
CHANGE_TYPE: DBM
TIMESTAMP: 26 may 2026 5:59:44 p.m.</description>
          <styleUrl>#style_50</styleUrl>
          <Point>
            <coordinates>-77.083416,-12.031465</coordinates>
          </Point>
        </Placemark>
        <Placemark>
          <name>-95</name>
          <description>
LAC: 38 CID: 5462:22 RNC: 0 PSC: 383
ACCURACY: 12
CHANGE_TYPE: DBM
TIMESTAMP: 26 may 2026 5:59:47 p.m.</description>
          <styleUrl>#style_50</styleUrl>
          <Point>
            <coordinates>-77.083416,-12.031465</coordinates>
          </Point>
        </Placemark>
        <Placemark>
          <name>-97</name>
          <description>
LAC: 38 CID: 5462:22 RNC: 0 PSC: 383
ACCURACY: 14
CHANGE_TYPE: DBM
TIMESTAMP: 26 may 2026 5:59:49 p.m.</description>
          <styleUrl>#style_40</styleUrl>
          <Point>
            <coordinates>-77.083356,-12.031486</coordinates>
          </Point>
        </Placemark>
        <Placemark>
          <name>-97</name>
          <description>
LAC: 38 CID: 5462:22 RNC: 0 PSC: 383
ACCURACY: 14
CHANGE_TYPE: DBM
TIMESTAMP: 26 may 2026 5:59:50 p.m.</description>
          <styleUrl>#style_40</styleUrl>
          <Point>
            <coordinates>-77.083356,-12.031486</coordinates>
          </Point>
        </Placemark>
        <Placemark>
          <name>-96</name>
          <description>
LAC: 38 CID: 5462:22 RNC: 0 PSC: 383
ACCURACY: 14
CHANGE_TYPE: DBM
TIMESTAMP: 26 may 2026 5:59:51 p.m.</description>
          <styleUrl>#style_50</styleUrl>
          <Point>
            <coordinates>-77.083356,-12.031486</coordinates>
          </Point>
        </Placemark>
        <Placemark>
          <name>-95</name>
          <description>
LAC: 38 CID: 5462:22 RNC: 0 PSC: 383
ACCURACY: 14
CHANGE_TYPE: DBM
TIMESTAMP: 26 may 2026 5:59:53 p.m.</description>
          <styleUrl>#style_50</styleUrl>
          <Point>
            <coordinates>-77.083356,-12.031486</coordinates>
          </Point>
        </Placemark>
        <Placemark>
          <name>-93</name>
          <description>
LAC: 38 CID: 5462:22 RNC: 0 PSC: 383
ACCURACY: 14
CHANGE_TYPE: DBM
TIMESTAMP: 26 may 2026 5:59:55 p.m.</description>
          <styleUrl>#style_50</styleUrl>
          <Point>
            <coordinates>-77.083356,-12.031486</coordinates>
          </Point>
        </Placemark>
        <Placemark>
          <name>-93</name>
          <description>
LAC: 38 CID: 5462:22 RNC: 0 PSC: 383
ACCURACY: 14
CHANGE_TYPE: DBM
TIMESTAMP: 26 may 2026 5:59:56 p.m.</description>
          <styleUrl>#style_50</styleUrl>
          <Point>
            <coordinates>-77.083356,-12.031486</coordinates>
          </Point>
        </Placemark>
        <Placemark>
          <name>-98</name>
          <description>
LAC: 38 CID: 5462:22 RNC: 0 PSC: 383
ACCURACY: 14
CHANGE_TYPE: DBM
TIMESTAMP: 26 may 2026 5:59:57 p.m.</description>
          <styleUrl>#style_40</styleUrl>
          <Point>
            <coordinates>-77.083356,-12.031486</coordinates>
          </Point>
        </Placemark>
        <Placemark>
          <name>-98</name>
          <description>
LAC: 38 CID: 5462:22 RNC: 0 PSC: 383
ACCURACY: 14
CHANGE_TYPE: DBM
TIMESTAMP: 26 may 2026 5:59:58 p.m.</description>
          <styleUrl>#style_40</styleUrl>
          <Point>
            <coordinates>-77.083356,-12.031486</coordinates>
          </Point>
        </Placemark>
        <Placemark>
          <name>-97</name>
          <description>
LAC: 38 CID: 5462:22 RNC: 0 PSC: 383
ACCURACY: 13
CHANGE_TYPE: DBM
TIMESTAMP: 26 may 2026 5:59:59 p.m.</description>
          <styleUrl>#style_40</styleUrl>
          <Point>
            <coordinates>-77.083233,-12.031483</coordinates>
          </Point>
        </Placemark>
        <Placemark>
          <name>-97</name>
          <description>
LAC: 38 CID: 5462:22 RNC: 0 PSC: 383
ACCURACY: 13
CHANGE_TYPE: DBM
TIMESTAMP: 26 may 2026 6:00:00 p.m.</description>
          <styleUrl>#style_40</styleUrl>
          <Point>
            <coordinates>-77.083233,-12.031483</coordinates>
          </Point>
        </Placemark>
        <Placemark>
          <name>-95</name>
          <description>
LAC: 38 CID: 5462:22 RNC: 0 PSC: 383
ACCURACY: 13
CHANGE_TYPE: DBM
TIMESTAMP: 26 may 2026 6:00:01 p.m.</description>
          <styleUrl>#style_50</styleUrl>
          <Point>
            <coordinates>-77.083233,-12.031483</coordinates>
          </Point>
        </Placemark>
        <Placemark>
          <name>-95</name>
          <description>
LAC: 38 CID: 5462:22 RNC: 0 PSC: 383
ACCURACY: 13
CHANGE_TYPE: DBM
TIMESTAMP: 26 may 2026 6:00:02 p.m.</description>
          <styleUrl>#style_50</styleUrl>
          <Point>
            <coordinates>-77.083233,-12.031483</coordinates>
          </Point>
        </Placemark>
        <Placemark>
          <name>-95</name>
          <description>
LAC: 38 CID: 5462:22 RNC: 0 PSC: 383
ACCURACY: 13
CHANGE_TYPE: DBM
TIMESTAMP: 26 may 2026 6:00:03 p.m.</description>
          <styleUrl>#style_50</styleUrl>
          <Point>
            <coordinates>-77.083233,-12.031483</coordinates>
          </Point>
        </Placemark>
        <Placemark>
          <name>-95</name>
          <description>
LAC: 38 CID: 5462:22 RNC: 0 PSC: 383
ACCURACY: 13
CHANGE_TYPE: DBM
TIMESTAMP: 26 may 2026 6:00:04 p.m.</description>
          <styleUrl>#style_50</styleUrl>
          <Point>
            <coordinates>-77.08318,-12.031467</coordinates>
          </Point>
        </Placemark>
        <Placemark>
          <name>-1</name>
          <description>
LAC: 38 CID: 5462:22 RNC: 0 PSC: 383
ACCURACY: 13
CHANGE_TYPE: DBM
TIMESTAMP: 26 may 2026 6:00:09 p.m.</description>
          <styleUrl>#style_0</styleUrl>
          <Point>
            <coordinates>-77.083128,-12.031453</coordinates>
          </Point>
        </Placemark>
        <Placemark>
          <name>-94</name>
          <description>
LAC: 38 CID: 5462:22 RNC: 0 PSC: 383
ACCURACY: 13
CHANGE_TYPE: DBM
TIMESTAMP: 26 may 2026 6:00:12 p.m.</description>
          <styleUrl>#style_50</styleUrl>
          <Point>
            <coordinates>-77.083128,-12.031453</coordinates>
          </Point>
        </Placemark>
        <Placemark>
          <name>-94</name>
          <description>
LAC: 38 CID: 5462:22 RNC: 0 PSC: 383
ACCURACY: 13
CHANGE_TYPE: DBM
TIMESTAMP: 26 may 2026 6:00:13 p.m.</description>
          <styleUrl>#style_50</styleUrl>
          <Point>
            <coordinates>-77.083128,-12.031453</coordinates>
          </Point>
        </Placemark>
        <Placemark>
          <name>-95</name>
          <description>
LAC: 38 CID: 5462:22 RNC: 0 PSC: 383
ACCURACY: 13
CHANGE_TYPE: DBM
TIMESTAMP: 26 may 2026 6:00:14 p.m.</description>
          <styleUrl>#style_50</styleUrl>
          <Point>
            <coordinates>-77.083128,-12.031453</coordinates>
          </Point>
        </Placemark>
        <Placemark>
          <name>-95</name>
          <description>
LAC: 38 CID: 5462:22 RNC: 0 PSC: 383
ACCURACY: 13
CHANGE_TYPE: DBM
TIMESTAMP: 26 may 2026 6:00:15 p.m.</description>
          <styleUrl>#style_50</styleUrl>
          <Point>
            <coordinates>-77.083128,-12.031453</coordinates>
          </Point>
        </Placemark>
        <Placemark>
          <name>-83</name>
          <description>
LAC: 38 CID: 5462:22 RNC: 0 PSC: 383
ACCURACY: 13
CHANGE_TYPE: DBM
TIMESTAMP: 26 may 2026 6:00:16 p.m.</description>
          <styleUrl>#style_60</styleUrl>
          <Point>
            <coordinates>-77.083128,-12.031453</coordinates>
          </Point>
        </Placemark>
        <Placemark>
          <name>-80</name>
          <description>
LAC: 38 CID: 5462:22 RNC: 0 PSC: 383
ACCURACY: 13
CHANGE_TYPE: DBM
TIMESTAMP: 26 may 2026 6:00:18 p.m.</description>
          <styleUrl>#style_60</styleUrl>
          <Point>
            <coordinates>-77.083128,-12.031453</coordinates>
          </Point>
        </Placemark>
        <Placemark>
          <name>-80</name>
          <description>
LAC: 38 CID: 5462:22 RNC: 0 PSC: 383
ACCURACY: 13
CHANGE_TYPE: DBM
TIMESTAMP: 26 may 2026 6:00:19 p.m.</description>
          <styleUrl>#style_60</styleUrl>
          <Point>
            <coordinates>-77.083057,-12.031456</coordinates>
          </Point>
        </Placemark>
        <Placemark>
          <name>-84</name>
          <description>
LAC: 38 CID: 5462:22 RNC: 0 PSC: 383
ACCURACY: 13
CHANGE_TYPE: DBM
TIMESTAMP: 26 may 2026 6:00:20 p.m.</description>
          <styleUrl>#style_60</styleUrl>
          <Point>
            <coordinates>-77.083057,-12.031456</coordinates>
          </Point>
        </Placemark>
        <Placemark>
          <name>-85</name>
          <description>
LAC: 38 CID: 5462:22 RNC: 0 PSC: 383
ACCURACY: 13
CHANGE_TYPE: DBM
TIMESTAMP: 26 may 2026 6:00:22 p.m.</description>
          <styleUrl>#style_60</styleUrl>
          <Point>
            <coordinates>-77.083057,-12.031456</coordinates>
          </Point>
        </Placemark>
        <Placemark>
          <name>-85</name>
          <description>
LAC: 38 CID: 5462:22 RNC: 0 PSC: 383
ACCURACY: 13
CHANGE_TYPE: DBM
TIMESTAMP: 26 may 2026 6:00:23 p.m.</description>
          <styleUrl>#style_60</styleUrl>
          <Point>
            <coordinates>-77.083057,-12.031456</coordinates>
          </Point>
        </Placemark>
        <Placemark>
          <name>-92</name>
          <description>
LAC: 38 CID: 5462:22 RNC: 0 PSC: 383
ACCURACY: 13
CHANGE_TYPE: DBM
TIMESTAMP: 26 may 2026 6:00:24 p.m.</description>
          <styleUrl>#style_50</styleUrl>
          <Point>
            <coordinates>-77.083057,-12.031456</coordinates>
          </Point>
        </Placemark>
        <Placemark>
          <name>-92</name>
          <description>
LAC: 38 CID: 5462:22 RNC: 0 PSC: 383
ACCURACY: 13
CHANGE_TYPE: DBM
TIMESTAMP: 26 may 2026 6:00:25 p.m.</description>
          <styleUrl>#style_50</styleUrl>
          <Point>
            <coordinates>-77.083057,-12.031456</coordinates>
          </Point>
        </Placemark>
        <Placemark>
          <name>-92</name>
          <description>
LAC: 38 CID: 5462:22 RNC: 0 PSC: 383
ACCURACY: 13
CHANGE_TYPE: DBM
TIMESTAMP: 26 may 2026 6:00:26 p.m.</description>
          <styleUrl>#style_50</styleUrl>
          <Point>
            <coordinates>-77.083057,-12.031456</coordinates>
          </Point>
        </Placemark>
        <Placemark>
          <name>-89</name>
          <description>
LAC: 38 CID: 5462:22 RNC: 0 PSC: 383
ACCURACY: 13
CHANGE_TYPE: DBM
TIMESTAMP: 26 may 2026 6:00:28 p.m.</description>
          <styleUrl>#style_50</styleUrl>
          <Point>
            <coordinates>-77.083057,-12.031456</coordinates>
          </Point>
        </Placemark>
        <Placemark>
          <name>-89</name>
          <description>
LAC: 38 CID: 5462:22 RNC: 0 PSC: 383
ACCURACY: 12
CHANGE_TYPE: DBM
TIMESTAMP: 26 may 2026 6:00:29 p.m.</description>
          <styleUrl>#style_50</styleUrl>
          <Point>
            <coordinates>-77.083006,-12.031486</coordinates>
          </Point>
        </Placemark>
        <Placemark>
          <name>-94</name>
          <description>
LAC: 38 CID: 5462:22 RNC: 0 PSC: 383
ACCURACY: 12
CHANGE_TYPE: DBM
TIMESTAMP: 26 may 2026 6:00:30 p.m.</description>
          <styleUrl>#style_50</styleUrl>
          <Point>
            <coordinates>-77.083006,-12.031486</coordinates>
          </Point>
        </Placemark>
        <Placemark>
          <name>-88</name>
          <description>
LAC: 38 CID: 5462:22 RNC: 0 PSC: 383
ACCURACY: 12
CHANGE_TYPE: DBM
TIMESTAMP: 26 may 2026 6:00:32 p.m.</description>
          <styleUrl>#style_50</styleUrl>
          <Point>
            <coordinates>-77.083006,-12.031486</coordinates>
          </Point>
        </Placemark>
        <Placemark>
          <name>-90</name>
          <description>
LAC: 38 CID: 5462:22 RNC: 0 PSC: 383
ACCURACY: 12
CHANGE_TYPE: DBM
TIMESTAMP: 26 may 2026 6:00:34 p.m.</description>
          <styleUrl>#style_50</styleUrl>
          <Point>
            <coordinates>-77.083006,-12.031486</coordinates>
          </Point>
        </Placemark>
        <Placemark>
          <name>-93</name>
          <description>
LAC: 38 CID: 5462:22 RNC: 0 PSC: 383
ACCURACY: 12
CHANGE_TYPE: DBM
TIMESTAMP: 26 may 2026 6:00:36 p.m.</description>
          <styleUrl>#style_50</styleUrl>
          <Point>
            <coordinates>-77.083006,-12.031486</coordinates>
          </Point>
        </Placemark>
        <Placemark>
          <name>-93</name>
          <description>
LAC: 38 CID: 5462:22 RNC: 0 PSC: 383
ACCURACY: 12
CHANGE_TYPE: DBM
TIMESTAMP: 26 may 2026 6:00:37 p.m.</description>
          <styleUrl>#style_50</styleUrl>
          <Point>
            <coordinates>-77.083006,-12.031486</coordinates>
          </Point>
        </Placemark>
        <Placemark>
          <name>-92</name>
          <description>
LAC: 38 CID: 5462:22 RNC: 0 PSC: 383
ACCURACY: 11
CHANGE_TYPE: DBM
TIMESTAMP: 26 may 2026 6:00:38 p.m.</description>
          <styleUrl>#style_50</styleUrl>
          <Point>
            <coordinates>-77.082918,-12.031477</coordinates>
          </Point>
        </Placemark>
        <Placemark>
          <name>-92</name>
          <description>
LAC: 38 CID: 5462:22 RNC: 0 PSC: 383
ACCURACY: 11
CHANGE_TYPE: DBM
TIMESTAMP: 26 may 2026 6:00:39 p.m.</description>
          <styleUrl>#style_50</styleUrl>
          <Point>
            <coordinates>-77.082918,-12.031477</coordinates>
          </Point>
        </Placemark>
        <Placemark>
          <name>-92</name>
          <description>
LAC: 38 CID: 5462:22 RNC: 0 PSC: 383
ACCURACY: 11
CHANGE_TYPE: DBM
TIMESTAMP: 26 may 2026 6:00:41 p.m.</description>
          <styleUrl>#style_50</styleUrl>
          <Point>
            <coordinates>-77.082918,-12.031477</coordinates>
          </Point>
        </Placemark>
        <Placemark>
          <name>-93</name>
          <description>
LAC: 38 CID: 5462:22 RNC: 0 PSC: 383
ACCURACY: 11
CHANGE_TYPE: DBM
TIMESTAMP: 26 may 2026 6:00:43 p.m.</description>
          <styleUrl>#style_50</styleUrl>
          <Point>
            <coordinates>-77.082918,-12.031477</coordinates>
          </Point>
        </Placemark>
        <Placemark>
          <name>-93</name>
          <description>
LAC: 38 CID: 5462:22 RNC: 0 PSC: 383
ACCURACY: 12
CHANGE_TYPE: DBM
TIMESTAMP: 26 may 2026 6:00:44 p.m.</description>
          <styleUrl>#style_50</styleUrl>
          <Point>
            <coordinates>-77.082844,-12.031486</coordinates>
          </Point>
        </Placemark>
        <Placemark>
          <name>-89</name>
          <description>
LAC: 38 CID: 5462:22 RNC: 0 PSC: 383
ACCURACY: 12
CHANGE_TYPE: DBM
TIMESTAMP: 26 may 2026 6:00:45 p.m.</description>
          <styleUrl>#style_50</styleUrl>
          <Point>
            <coordinates>-77.082844,-12.031486</coordinates>
          </Point>
        </Placemark>
        <Placemark>
          <name>-90</name>
          <description>
LAC: 38 CID: 5462:22 RNC: 0 PSC: 383
ACCURACY: 12
CHANGE_TYPE: DBM
TIMESTAMP: 26 may 2026 6:00:47 p.m.</description>
          <styleUrl>#style_50</styleUrl>
          <Point>
            <coordinates>-77.082844,-12.031486</coordinates>
          </Point>
        </Placemark>
        <Placemark>
          <name>-90</name>
          <description>
LAC: 38 CID: 5462:22 RNC: 0 PSC: 383
ACCURACY: 12
CHANGE_TYPE: DBM
TIMESTAMP: 26 may 2026 6:00:48 p.m.</description>
          <styleUrl>#style_50</styleUrl>
          <Point>
            <coordinates>-77.082844,-12.031486</coordinates>
          </Point>
        </Placemark>
        <Placemark>
          <name>-92</name>
          <description>
LAC: 38 CID: 5462:22 RNC: 0 PSC: 383
ACCURACY: 12
CHANGE_TYPE: DBM
TIMESTAMP: 26 may 2026 6:00:49 p.m.</description>
          <styleUrl>#style_50</styleUrl>
          <Point>
            <coordinates>-77.082794,-12.031494</coordinates>
          </Point>
        </Placemark>
        <Placemark>
          <name>-96</name>
          <description>
LAC: 38 CID: 5462:22 RNC: 0 PSC: 383
ACCURACY: 12
CHANGE_TYPE: DBM
TIMESTAMP: 26 may 2026 6:00:51 p.m.</description>
          <styleUrl>#style_50</styleUrl>
          <Point>
            <coordinates>-77.082794,-12.031494</coordinates>
          </Point>
        </Placemark>
        <Placemark>
          <name>-96</name>
          <description>
LAC: 38 CID: 5462:22 RNC: 0 PSC: 383
ACCURACY: 12
CHANGE_TYPE: DBM
TIMESTAMP: 26 may 2026 6:00:52 p.m.</description>
          <styleUrl>#style_50</styleUrl>
          <Point>
            <coordinates>-77.082794,-12.031494</coordinates>
          </Point>
        </Placemark>
        <Placemark>
          <name>-97</name>
          <description>
LAC: 38 CID: 5462:22 RNC: 0 PSC: 383
ACCURACY: 12
CHANGE_TYPE: DBM
TIMESTAMP: 26 may 2026 6:00:53 p.m.</description>
          <styleUrl>#style_40</styleUrl>
          <Point>
            <coordinates>-77.082794,-12.031494</coordinates>
          </Point>
        </Placemark>
        <Placemark>
          <name>-99</name>
          <description>
LAC: 38 CID: 5462:22 RNC: 0 PSC: 383
ACCURACY: 12
CHANGE_TYPE: DBM
TIMESTAMP: 26 may 2026 6:00:55 p.m.</description>
          <styleUrl>#style_40</styleUrl>
          <Point>
            <coordinates>-77.082794,-12.031494</coordinates>
          </Point>
        </Placemark>
        <Placemark>
          <name>-94</name>
          <description>
LAC: 38 CID: 5462:22 RNC: 0 PSC: 383
ACCURACY: 12
CHANGE_TYPE: DBM
TIMESTAMP: 26 may 2026 6:00:57 p.m.</description>
          <styleUrl>#style_50</styleUrl>
          <Point>
            <coordinates>-77.082794,-12.031494</coordinates>
          </Point>
        </Placemark>
        <Placemark>
          <name>-94</name>
          <description>
LAC: 38 CID: 5462:22 RNC: 0 PSC: 383
ACCURACY: 12
CHANGE_TYPE: DBM
TIMESTAMP: 26 may 2026 6:00:58 p.m.</description>
          <styleUrl>#style_50</styleUrl>
          <Point>
            <coordinates>-77.082794,-12.031494</coordinates>
          </Point>
        </Placemark>
        <Placemark>
          <name>-87</name>
          <description>
LAC: 38 CID: 5462:22 RNC: 0 PSC: 383
ACCURACY: 12
CHANGE_TYPE: DBM
TIMESTAMP: 26 may 2026 6:00:59 p.m.</description>
          <styleUrl>#style_50</styleUrl>
          <Point>
            <coordinates>-77.082717,-12.031498</coordinates>
          </Point>
        </Placemark>
        <Placemark>
          <name>-89</name>
          <description>
LAC: 38 CID: 5462:22 RNC: 0 PSC: 383
ACCURACY: 12
CHANGE_TYPE: DBM
TIMESTAMP: 26 may 2026 6:01:01 p.m.</description>
          <styleUrl>#style_50</styleUrl>
          <Point>
            <coordinates>-77.082717,-12.031498</coordinates>
          </Point>
        </Placemark>
        <Placemark>
          <name>-90</name>
          <description>
LAC: 38 CID: 5462:22 RNC: 0 PSC: 383
ACCURACY: 12
CHANGE_TYPE: DBM
TIMESTAMP: 26 may 2026 6:01:03 p.m.</description>
          <styleUrl>#style_50</styleUrl>
          <Point>
            <coordinates>-77.082717,-12.031498</coordinates>
          </Point>
        </Placemark>
        <Placemark>
          <name>-92</name>
          <description>
LAC: 38 CID: 5462:22 RNC: 0 PSC: 383
ACCURACY: 12
CHANGE_TYPE: DBM
TIMESTAMP: 26 may 2026 6:01:05 p.m.</description>
          <styleUrl>#style_50</styleUrl>
          <Point>
            <coordinates>-77.082717,-12.031498</coordinates>
          </Point>
        </Placemark>
        <Placemark>
          <name>-89</name>
          <description>
LAC: 38 CID: 5462:22 RNC: 0 PSC: 383
ACCURACY: 12
CHANGE_TYPE: DBM
TIMESTAMP: 26 may 2026 6:01:08 p.m.</description>
          <styleUrl>#style_50</styleUrl>
          <Point>
            <coordinates>-77.082717,-12.031498</coordinates>
          </Point>
        </Placemark>
        <Placemark>
          <name>-89</name>
          <description>
LAC: 38 CID: 5462:22 RNC: 0 PSC: 383
ACCURACY: 12
CHANGE_TYPE: DBM
TIMESTAMP: 26 may 2026 6:01:10 p.m.</description>
          <styleUrl>#style_50</styleUrl>
          <Point>
            <coordinates>-77.08266,-12.031521</coordinates>
          </Point>
        </Placemark>
        <Placemark>
          <name>-92</name>
          <description>
LAC: 38 CID: 5462:22 RNC: 0 PSC: 383
ACCURACY: 12
CHANGE_TYPE: DBM
TIMESTAMP: 26 may 2026 6:01:12 p.m.</description>
          <styleUrl>#style_50</styleUrl>
          <Point>
            <coordinates>-77.08266,-12.031521</coordinates>
          </Point>
        </Placemark>
        <Placemark>
          <name>-92</name>
          <description>
LAC: 38 CID: 5462:22 RNC: 0 PSC: 383
ACCURACY: 12
CHANGE_TYPE: DBM
TIMESTAMP: 26 may 2026 6:01:13 p.m.</description>
          <styleUrl>#style_50</styleUrl>
          <Point>
            <coordinates>-77.08266,-12.031521</coordinates>
          </Point>
        </Placemark>
        <Placemark>
          <name>-96</name>
          <description>
LAC: 38 CID: 5462:22 RNC: 0 PSC: 383
ACCURACY: 12
CHANGE_TYPE: DBM
TIMESTAMP: 26 may 2026 6:01:14 p.m.</description>
          <styleUrl>#style_50</styleUrl>
          <Point>
            <coordinates>-77.08266,-12.031521</coordinates>
          </Point>
        </Placemark>
        <Placemark>
          <name>-96</name>
          <description>
LAC: 38 CID: 5462:22 RNC: 0 PSC: 383
ACCURACY: 12
CHANGE_TYPE: DBM
TIMESTAMP: 26 may 2026 6:01:15 p.m.</description>
          <styleUrl>#style_50</styleUrl>
          <Point>
            <coordinates>-77.08266,-12.031521</coordinates>
          </Point>
        </Placemark>
        <Placemark>
          <name>-98</name>
          <description>
LAC: 38 CID: 5462:22 RNC: 0 PSC: 383
ACCURACY: 12
CHANGE_TYPE: DBM
TIMESTAMP: 26 may 2026 6:01:16 p.m.</description>
          <styleUrl>#style_40</styleUrl>
          <Point>
            <coordinates>-77.08266,-12.031521</coordinates>
          </Point>
        </Placemark>
        <Placemark>
          <name>-98</name>
          <description>
LAC: 38 CID: 5462:22 RNC: 0 PSC: 383
ACCURACY: 12
CHANGE_TYPE: DBM
TIMESTAMP: 26 may 2026 6:01:17 p.m.</description>
          <styleUrl>#style_40</styleUrl>
          <Point>
            <coordinates>-77.08266,-12.031521</coordinates>
          </Point>
        </Placemark>
        <Placemark>
          <name>-102</name>
          <description>
LAC: 38 CID: 5462:22 RNC: 0 PSC: 383
ACCURACY: 12
CHANGE_TYPE: DBM
TIMESTAMP: 26 may 2026 6:01:18 p.m.</description>
          <styleUrl>#style_40</styleUrl>
          <Point>
            <coordinates>-77.08266,-12.031521</coordinates>
          </Point>
        </Placemark>
        <Placemark>
          <name>-101</name>
          <description>
LAC: 38 CID: 5462:22 RNC: 0 PSC: 383
ACCURACY: 13
CHANGE_TYPE: DBM
TIMESTAMP: 26 may 2026 6:01:20 p.m.</description>
          <styleUrl>#style_40</styleUrl>
          <Point>
            <coordinates>-77.082617,-12.031559</coordinates>
          </Point>
        </Placemark>
        <Placemark>
          <name>-101</name>
          <description>
LAC: 38 CID: 5462:22 RNC: 0 PSC: 383
ACCURACY: 13
CHANGE_TYPE: DBM
TIMESTAMP: 26 may 2026 6:01:21 p.m.</description>
          <styleUrl>#style_40</styleUrl>
          <Point>
            <coordinates>-77.082617,-12.031559</coordinates>
          </Point>
        </Placemark>
        <Placemark>
          <name>-98</name>
          <description>
LAC: 38 CID: 5462:22 RNC: 0 PSC: 383
ACCURACY: 13
CHANGE_TYPE: DBM
TIMESTAMP: 26 may 2026 6:01:22 p.m.</description>
          <styleUrl>#style_40</styleUrl>
          <Point>
            <coordinates>-77.082617,-12.031559</coordinates>
          </Point>
        </Placemark>
        <Placemark>
          <name>-98</name>
          <description>
LAC: 38 CID: 5462:22 RNC: 0 PSC: 383
ACCURACY: 13
CHANGE_TYPE: DBM
TIMESTAMP: 26 may 2026 6:01:23 p.m.</description>
          <styleUrl>#style_40</styleUrl>
          <Point>
            <coordinates>-77.082617,-12.031559</coordinates>
          </Point>
        </Placemark>
        <Placemark>
          <name>-97</name>
          <description>
LAC: 38 CID: 5462:22 RNC: 0 PSC: 383
ACCURACY: 14
CHANGE_TYPE: DBM
TIMESTAMP: 26 may 2026 6:01:24 p.m.</description>
          <styleUrl>#style_40</styleUrl>
          <Point>
            <coordinates>-77.082593,-12.031598</coordinates>
          </Point>
        </Placemark>
        <Placemark>
          <name>-97</name>
          <description>
LAC: 38 CID: 5462:22 RNC: 0 PSC: 383
ACCURACY: 14
CHANGE_TYPE: DBM
TIMESTAMP: 26 may 2026 6:01:25 p.m.</description>
          <styleUrl>#style_40</styleUrl>
          <Point>
            <coordinates>-77.082593,-12.031598</coordinates>
          </Point>
        </Placemark>
        <Placemark>
          <name>-99</name>
          <description>
LAC: 38 CID: 5462:22 RNC: 0 PSC: 383
ACCURACY: 14
CHANGE_TYPE: DBM
TIMESTAMP: 26 may 2026 6:01:26 p.m.</description>
          <styleUrl>#style_40</styleUrl>
          <Point>
            <coordinates>-77.082593,-12.031598</coordinates>
          </Point>
        </Placemark>
        <Placemark>
          <name>-102</name>
          <description>
LAC: 38 CID: 5462:22 RNC: 0 PSC: 383
ACCURACY: 14
CHANGE_TYPE: DBM
TIMESTAMP: 26 may 2026 6:01:28 p.m.</description>
          <styleUrl>#style_40</styleUrl>
          <Point>
            <coordinates>-77.082593,-12.031598</coordinates>
          </Point>
        </Placemark>
        <Placemark>
          <name>-102</name>
          <description>
LAC: 38 CID: 5462:22 RNC: 0 PSC: 383
ACCURACY: 14
CHANGE_TYPE: DBM
TIMESTAMP: 26 may 2026 6:01:29 p.m.</description>
          <styleUrl>#style_40</styleUrl>
          <Point>
            <coordinates>-77.082593,-12.031598</coordinates>
          </Point>
        </Placemark>
        <Placemark>
          <name>-104</name>
          <description>
LAC: 38 CID: 5462:22 RNC: 0 PSC: 383
ACCURACY: 14
CHANGE_TYPE: DBM
TIMESTAMP: 26 may 2026 6:01:30 p.m.</description>
          <styleUrl>#style_40</styleUrl>
          <Point>
            <coordinates>-77.082593,-12.031598</coordinates>
          </Point>
        </Placemark>
        <Placemark>
          <name>-104</name>
          <description>
LAC: 38 CID: 5462:22 RNC: 0 PSC: 383
ACCURACY: 14
CHANGE_TYPE: DBM
TIMESTAMP: 26 may 2026 6:01:31 p.m.</description>
          <styleUrl>#style_40</styleUrl>
          <Point>
            <coordinates>-77.082593,-12.031598</coordinates>
          </Point>
        </Placemark>
        <Placemark>
          <name>-98</name>
          <description>
LAC: 38 CID: 5462:22 RNC: 0 PSC: 383
ACCURACY: 14
CHANGE_TYPE: DBM
TIMESTAMP: 26 may 2026 6:01:32 p.m.</description>
          <styleUrl>#style_40</styleUrl>
          <Point>
            <coordinates>-77.082593,-12.031598</coordinates>
          </Point>
        </Placemark>
        <Placemark>
          <name>-98</name>
          <description>
LAC: 38 CID: 5462:22 RNC: 0 PSC: 383
ACCURACY: 14
CHANGE_TYPE: DBM
TIMESTAMP: 26 may 2026 6:01:34 p.m.</description>
          <styleUrl>#style_40</styleUrl>
          <Point>
            <coordinates>-77.082546,-12.031629</coordinates>
          </Point>
        </Placemark>
        <Placemark>
          <name>-100</name>
          <description>
LAC: 38 CID: 5462:22 RNC: 0 PSC: 383
ACCURACY: 14
CHANGE_TYPE: DBM
TIMESTAMP: 26 may 2026 6:01:35 p.m.</description>
          <styleUrl>#style_40</styleUrl>
          <Point>
            <coordinates>-77.082546,-12.031629</coordinates>
          </Point>
        </Placemark>
        <Placemark>
          <name>-100</name>
          <description>
LAC: 38 CID: 5462:22 RNC: 0 PSC: 383
ACCURACY: 14
CHANGE_TYPE: DBM
TIMESTAMP: 26 may 2026 6:01:36 p.m.</description>
          <styleUrl>#style_40</styleUrl>
          <Point>
            <coordinates>-77.082546,-12.031629</coordinates>
          </Point>
        </Placemark>
        <Placemark>
          <name>-99</name>
          <description>
LAC: 38 CID: 5462:22 RNC: 0 PSC: 383
ACCURACY: 14
CHANGE_TYPE: DBM
TIMESTAMP: 26 may 2026 6:01:37 p.m.</description>
          <styleUrl>#style_40</styleUrl>
          <Point>
            <coordinates>-77.082546,-12.031629</coordinates>
          </Point>
        </Placemark>
        <Placemark>
          <name>-99</name>
          <description>
LAC: 38 CID: 5462:22 RNC: 0 PSC: 383
ACCURACY: 14
CHANGE_TYPE: DBM
TIMESTAMP: 26 may 2026 6:01:38 p.m.</description>
          <styleUrl>#style_40</styleUrl>
          <Point>
            <coordinates>-77.082546,-12.031629</coordinates>
          </Point>
        </Placemark>
        <Placemark>
          <name>-98</name>
          <description>
LAC: 38 CID: 5462:22 RNC: 0 PSC: 383
ACCURACY: 14
CHANGE_TYPE: DBM
TIMESTAMP: 26 may 2026 6:01:39 p.m.</description>
          <styleUrl>#style_40</styleUrl>
          <Point>
            <coordinates>-77.082546,-12.031629</coordinates>
          </Point>
        </Placemark>
        <Placemark>
          <name>-98</name>
          <description>
LAC: 38 CID: 5462:22 RNC: 0 PSC: 383
ACCURACY: 14
CHANGE_TYPE: DBM
TIMESTAMP: 26 may 2026 6:01:40 p.m.</description>
          <styleUrl>#style_40</styleUrl>
          <Point>
            <coordinates>-77.082546,-12.031629</coordinates>
          </Point>
        </Placemark>
        <Placemark>
          <name>-99</name>
          <description>
LAC: 38 CID: 5462:22 RNC: 0 PSC: 383
ACCURACY: 14
CHANGE_TYPE: DBM
TIMESTAMP: 26 may 2026 6:01:41 p.m.</description>
          <styleUrl>#style_40</styleUrl>
          <Point>
            <coordinates>-77.082546,-12.031629</coordinates>
          </Point>
        </Placemark>
        <Placemark>
          <name>-99</name>
          <description>
LAC: 38 CID: 5462:22 RNC: 0 PSC: 383
ACCURACY: 14
CHANGE_TYPE: DBM
TIMESTAMP: 26 may 2026 6:01:42 p.m.</description>
          <styleUrl>#style_40</styleUrl>
          <Point>
            <coordinates>-77.082546,-12.031629</coordinates>
          </Point>
        </Placemark>
        <Placemark>
          <name>-101</name>
          <description>
LAC: 38 CID: 5462:22 RNC: 0 PSC: 383
ACCURACY: 14
CHANGE_TYPE: DBM
TIMESTAMP: 26 may 2026 6:01:43 p.m.</description>
          <styleUrl>#style_40</styleUrl>
          <Point>
            <coordinates>-77.082546,-12.031629</coordinates>
          </Point>
        </Placemark>
        <Placemark>
          <name>-99</name>
          <description>
LAC: 38 CID: 5462:22 RNC: 0 PSC: 383
ACCURACY: 13
CHANGE_TYPE: DBM
TIMESTAMP: 26 may 2026 6:01:45 p.m.</description>
          <styleUrl>#style_40</styleUrl>
          <Point>
            <coordinates>-77.0825,-12.031655</coordinates>
          </Point>
        </Placemark>
        <Placemark>
          <name>-99</name>
          <description>
LAC: 38 CID: 5462:22 RNC: 0 PSC: 383
ACCURACY: 13
CHANGE_TYPE: DBM
TIMESTAMP: 26 may 2026 6:01:46 p.m.</description>
          <styleUrl>#style_40</styleUrl>
          <Point>
            <coordinates>-77.0825,-12.031655</coordinates>
          </Point>
        </Placemark>
        <Placemark>
          <name>-99</name>
          <description>
LAC: 38 CID: 5462:22 RNC: 0 PSC: 383
ACCURACY: 13
CHANGE_TYPE: DBM
TIMESTAMP: 26 may 2026 6:01:47 p.m.</description>
          <styleUrl>#style_40</styleUrl>
          <Point>
            <coordinates>-77.0825,-12.031655</coordinates>
          </Point>
        </Placemark>
        <Placemark>
          <name>-99</name>
          <description>
LAC: 38 CID: 5462:22 RNC: 0 PSC: 383
ACCURACY: 13
CHANGE_TYPE: DBM
TIMESTAMP: 26 may 2026 6:01:48 p.m.</description>
          <styleUrl>#style_40</styleUrl>
          <Point>
            <coordinates>-77.0825,-12.031655</coordinates>
          </Point>
        </Placemark>
        <Placemark>
          <name>-102</name>
          <description>
LAC: 38 CID: 5462:22 RNC: 0 PSC: 383
ACCURACY: 13
CHANGE_TYPE: DBM
TIMESTAMP: 26 may 2026 6:01:49 p.m.</description>
          <styleUrl>#style_40</styleUrl>
          <Point>
            <coordinates>-77.0825,-12.031655</coordinates>
          </Point>
        </Placemark>
        <Placemark>
          <name>-102</name>
          <description>
LAC: 38 CID: 5462:22 RNC: 0 PSC: 383
ACCURACY: 13
CHANGE_TYPE: DBM
TIMESTAMP: 26 may 2026 6:01:50 p.m.</description>
          <styleUrl>#style_40</styleUrl>
          <Point>
            <coordinates>-77.0825,-12.031655</coordinates>
          </Point>
        </Placemark>
        <Placemark>
          <name>-97</name>
          <description>
LAC: 38 CID: 5462:22 RNC: 0 PSC: 383
ACCURACY: 13
CHANGE_TYPE: DBM
TIMESTAMP: 26 may 2026 6:01:51 p.m.</description>
          <styleUrl>#style_40</styleUrl>
          <Point>
            <coordinates>-77.0825,-12.031655</coordinates>
          </Point>
        </Placemark>
        <Placemark>
          <name>-97</name>
          <description>
LAC: 38 CID: 5462:22 RNC: 0 PSC: 383
ACCURACY: 13
CHANGE_TYPE: DBM
TIMESTAMP: 26 may 2026 6:01:52 p.m.</description>
          <styleUrl>#style_40</styleUrl>
          <Point>
            <coordinates>-77.0825,-12.031655</coordinates>
          </Point>
        </Placemark>
        <Placemark>
          <name>-103</name>
          <description>
LAC: 38 CID: 5462:22 RNC: 0 PSC: 383
ACCURACY: 13
CHANGE_TYPE: DBM
TIMESTAMP: 26 may 2026 6:01:53 p.m.</description>
          <styleUrl>#style_40</styleUrl>
          <Point>
            <coordinates>-77.0825,-12.031655</coordinates>
          </Point>
        </Placemark>
        <Placemark>
          <name>-101</name>
          <description>
LAC: 38 CID: 5462:22 RNC: 0 PSC: 383
ACCURACY: 14
CHANGE_TYPE: DBM
TIMESTAMP: 26 may 2026 6:01:55 p.m.</description>
          <styleUrl>#style_40</styleUrl>
          <Point>
            <coordinates>-77.082438,-12.031683</coordinates>
          </Point>
        </Placemark>
        <Placemark>
          <name>-101</name>
          <description>
LAC: 38 CID: 5462:22 RNC: 0 PSC: 383
ACCURACY: 14
CHANGE_TYPE: DBM
TIMESTAMP: 26 may 2026 6:01:56 p.m.</description>
          <styleUrl>#style_40</styleUrl>
          <Point>
            <coordinates>-77.082438,-12.031683</coordinates>
          </Point>
        </Placemark>
        <Placemark>
          <name>-103</name>
          <description>
LAC: 38 CID: 5462:22 RNC: 0 PSC: 383
ACCURACY: 14
CHANGE_TYPE: DBM
TIMESTAMP: 26 may 2026 6:01:57 p.m.</description>
          <styleUrl>#style_40</styleUrl>
          <Point>
            <coordinates>-77.082438,-12.031683</coordinates>
          </Point>
        </Placemark>
        <Placemark>
          <name>-103</name>
          <description>
LAC: 38 CID: 5462:22 RNC: 0 PSC: 383
ACCURACY: 14
CHANGE_TYPE: DBM
TIMESTAMP: 26 may 2026 6:01:58 p.m.</description>
          <styleUrl>#style_40</styleUrl>
          <Point>
            <coordinates>-77.082438,-12.031683</coordinates>
          </Point>
        </Placemark>
        <Placemark>
          <name>-99</name>
          <description>
LAC: 38 CID: 5462:22 RNC: 0 PSC: 383
ACCURACY: 14
CHANGE_TYPE: DBM
TIMESTAMP: 26 may 2026 6:02:00 p.m.</description>
          <styleUrl>#style_40</styleUrl>
          <Point>
            <coordinates>-77.082438,-12.031683</coordinates>
          </Point>
        </Placemark>
        <Placemark>
          <name>-99</name>
          <description>
LAC: 38 CID: 5462:22 RNC: 0 PSC: 383
ACCURACY: 14
CHANGE_TYPE: DBM
TIMESTAMP: 26 may 2026 6:02:01 p.m.</description>
          <styleUrl>#style_40</styleUrl>
          <Point>
            <coordinates>-77.082438,-12.031683</coordinates>
          </Point>
        </Placemark>
        <Placemark>
          <name>-100</name>
          <description>
LAC: 38 CID: 5462:22 RNC: 0 PSC: 383
ACCURACY: 14
CHANGE_TYPE: DBM
TIMESTAMP: 26 may 2026 6:02:02 p.m.</description>
          <styleUrl>#style_40</styleUrl>
          <Point>
            <coordinates>-77.082438,-12.031683</coordinates>
          </Point>
        </Placemark>
        <Placemark>
          <name>-100</name>
          <description>
LAC: 38 CID: 5462:22 RNC: 0 PSC: 383
ACCURACY: 14
CHANGE_TYPE: DBM
TIMESTAMP: 26 may 2026 6:02:03 p.m.</description>
          <styleUrl>#style_40</styleUrl>
          <Point>
            <coordinates>-77.082438,-12.031683</coordinates>
          </Point>
        </Placemark>
        <Placemark>
          <name>-92</name>
          <description>
LAC: 38 CID: 5462:22 RNC: 0 PSC: 383
ACCURACY: 14
CHANGE_TYPE: DBM
TIMESTAMP: 26 may 2026 6:02:04 p.m.</description>
          <styleUrl>#style_50</styleUrl>
          <Point>
            <coordinates>-77.082361,-12.031708</coordinates>
          </Point>
        </Placemark>
        <Placemark>
          <name>-92</name>
          <description>
LAC: 38 CID: 5462:22 RNC: 0 PSC: 383
ACCURACY: 14
CHANGE_TYPE: DBM
TIMESTAMP: 26 may 2026 6:02:05 p.m.</description>
          <styleUrl>#style_50</styleUrl>
          <Point>
            <coordinates>-77.082361,-12.031708</coordinates>
          </Point>
        </Placemark>
        <Placemark>
          <name>-100</name>
          <description>
LAC: 38 CID: 5462:22 RNC: 0 PSC: 383
ACCURACY: 14
CHANGE_TYPE: DBM
TIMESTAMP: 26 may 2026 6:02:06 p.m.</description>
          <styleUrl>#style_40</styleUrl>
          <Point>
            <coordinates>-77.082361,-12.031708</coordinates>
          </Point>
        </Placemark>
        <Placemark>
          <name>-100</name>
          <description>
LAC: 38 CID: 5462:22 RNC: 0 PSC: 383
ACCURACY: 14
CHANGE_TYPE: DBM
TIMESTAMP: 26 may 2026 6:02:07 p.m.</description>
          <styleUrl>#style_40</styleUrl>
          <Point>
            <coordinates>-77.082361,-12.031708</coordinates>
          </Point>
        </Placemark>
        <Placemark>
          <name>-96</name>
          <description>
LAC: 38 CID: 5462:22 RNC: 0 PSC: 383
ACCURACY: 14
CHANGE_TYPE: DBM
TIMESTAMP: 26 may 2026 6:02:08 p.m.</description>
          <styleUrl>#style_50</styleUrl>
          <Point>
            <coordinates>-77.082361,-12.031708</coordinates>
          </Point>
        </Placemark>
        <Placemark>
          <name>-100</name>
          <description>
LAC: 38 CID: 5462:22 RNC: 0 PSC: 383
ACCURACY: 14
CHANGE_TYPE: DBM
TIMESTAMP: 26 may 2026 6:02:10 p.m.</description>
          <styleUrl>#style_40</styleUrl>
          <Point>
            <coordinates>-77.082301,-12.031721</coordinates>
          </Point>
        </Placemark>
        <Placemark>
          <name>-99</name>
          <description>
LAC: 38 CID: 5462:22 RNC: 0 PSC: 383
ACCURACY: 14
CHANGE_TYPE: DBM
TIMESTAMP: 26 may 2026 6:02:12 p.m.</description>
          <styleUrl>#style_40</styleUrl>
          <Point>
            <coordinates>-77.082301,-12.031721</coordinates>
          </Point>
        </Placemark>
        <Placemark>
          <name>-96</name>
          <description>
LAC: 38 CID: 5462:22 RNC: 0 PSC: 383
ACCURACY: 14
CHANGE_TYPE: DBM
TIMESTAMP: 26 may 2026 6:02:14 p.m.</description>
          <styleUrl>#style_50</styleUrl>
          <Point>
            <coordinates>-77.082223,-12.031694</coordinates>
          </Point>
        </Placemark>
        <Placemark>
          <name>-94</name>
          <description>
LAC: 38 CID: 5462:22 RNC: 0 PSC: 383
ACCURACY: 14
CHANGE_TYPE: DBM
TIMESTAMP: 26 may 2026 6:02:16 p.m.</description>
          <styleUrl>#style_50</styleUrl>
          <Point>
            <coordinates>-77.082223,-12.031694</coordinates>
          </Point>
        </Placemark>
        <Placemark>
          <name>-94</name>
          <description>
LAC: 38 CID: 5462:22 RNC: 0 PSC: 383
ACCURACY: 14
CHANGE_TYPE: DBM
TIMESTAMP: 26 may 2026 6:02:17 p.m.</description>
          <styleUrl>#style_50</styleUrl>
          <Point>
            <coordinates>-77.082223,-12.031694</coordinates>
          </Point>
        </Placemark>
        <Placemark>
          <name>-98</name>
          <description>
LAC: 38 CID: 5462:22 RNC: 0 PSC: 383
ACCURACY: 14
CHANGE_TYPE: DBM
TIMESTAMP: 26 may 2026 6:02:18 p.m.</description>
          <styleUrl>#style_40</styleUrl>
          <Point>
            <coordinates>-77.082223,-12.031694</coordinates>
          </Point>
        </Placemark>
        <Placemark>
          <name>-98</name>
          <description>
LAC: 38 CID: 5462:22 RNC: 0 PSC: 383
ACCURACY: 12
CHANGE_TYPE: DBM
TIMESTAMP: 26 may 2026 6:02:19 p.m.</description>
          <styleUrl>#style_40</styleUrl>
          <Point>
            <coordinates>-77.082127,-12.031624</coordinates>
          </Point>
        </Placemark>
        <Placemark>
          <name>-99</name>
          <description>
LAC: 38 CID: 5462:22 RNC: 0 PSC: 383
ACCURACY: 12
CHANGE_TYPE: DBM
TIMESTAMP: 26 may 2026 6:02:20 p.m.</description>
          <styleUrl>#style_40</styleUrl>
          <Point>
            <coordinates>-77.082127,-12.031624</coordinates>
          </Point>
        </Placemark>
        <Placemark>
          <name>-99</name>
          <description>
LAC: 38 CID: 5462:22 RNC: 0 PSC: 383
ACCURACY: 12
CHANGE_TYPE: DBM
TIMESTAMP: 26 may 2026 6:02:21 p.m.</description>
          <styleUrl>#style_40</styleUrl>
          <Point>
            <coordinates>-77.082127,-12.031624</coordinates>
          </Point>
        </Placemark>
        <Placemark>
          <name>-100</name>
          <description>
LAC: 38 CID: 5462:22 RNC: 0 PSC: 383
ACCURACY: 12
CHANGE_TYPE: DBM
TIMESTAMP: 26 may 2026 6:02:22 p.m.</description>
          <styleUrl>#style_40</styleUrl>
          <Point>
            <coordinates>-77.082127,-12.031624</coordinates>
          </Point>
        </Placemark>
        <Placemark>
          <name>-100</name>
          <description>
LAC: 38 CID: 5462:22 RNC: 0 PSC: 383
ACCURACY: 12
CHANGE_TYPE: DBM
TIMESTAMP: 26 may 2026 6:02:23 p.m.</description>
          <styleUrl>#style_40</styleUrl>
          <Point>
            <coordinates>-77.082127,-12.031624</coordinates>
          </Point>
        </Placemark>
        <Placemark>
          <name>-97</name>
          <description>
LAC: 38 CID: 5462:22 RNC: 0 PSC: 383
ACCURACY: 12
CHANGE_TYPE: DBM
TIMESTAMP: 26 may 2026 6:02:24 p.m.</description>
          <styleUrl>#style_40</styleUrl>
          <Point>
            <coordinates>-77.082058,-12.031611</coordinates>
          </Point>
        </Placemark>
        <Placemark>
          <name>-98</name>
          <description>
LAC: 38 CID: 5462:22 RNC: 0 PSC: 383
ACCURACY: 12
CHANGE_TYPE: DBM
TIMESTAMP: 26 may 2026 6:02:27 p.m.</description>
          <styleUrl>#style_40</styleUrl>
          <Point>
            <coordinates>-77.082058,-12.031611</coordinates>
          </Point>
        </Placemark>
        <Placemark>
          <name>-98</name>
          <description>
LAC: 38 CID: 5462:22 RNC: 0 PSC: 383
ACCURACY: 12
CHANGE_TYPE: DBM
TIMESTAMP: 26 may 2026 6:02:28 p.m.</description>
          <styleUrl>#style_40</styleUrl>
          <Point>
            <coordinates>-77.082058,-12.031611</coordinates>
          </Point>
        </Placemark>
        <Placemark>
          <name>-97</name>
          <description>
LAC: 38 CID: 5462:22 RNC: 0 PSC: 383
ACCURACY: 12
CHANGE_TYPE: DBM
TIMESTAMP: 26 may 2026 6:02:29 p.m.</description>
          <styleUrl>#style_40</styleUrl>
          <Point>
            <coordinates>-77.081989,-12.031597</coordinates>
          </Point>
        </Placemark>
        <Placemark>
          <name>-97</name>
          <description>
LAC: 38 CID: 5462:22 RNC: 0 PSC: 383
ACCURACY: 12
CHANGE_TYPE: DBM
TIMESTAMP: 26 may 2026 6:02:30 p.m.</description>
          <styleUrl>#style_40</styleUrl>
          <Point>
            <coordinates>-77.081989,-12.031597</coordinates>
          </Point>
        </Placemark>
        <Placemark>
          <name>-97</name>
          <description>
LAC: 38 CID: 5462:22 RNC: 0 PSC: 383
ACCURACY: 12
CHANGE_TYPE: DBM
TIMESTAMP: 26 may 2026 6:02:31 p.m.</description>
          <styleUrl>#style_40</styleUrl>
          <Point>
            <coordinates>-77.081989,-12.031597</coordinates>
          </Point>
        </Placemark>
        <Placemark>
          <name>-97</name>
          <description>
LAC: 38 CID: 5462:22 RNC: 0 PSC: 383
ACCURACY: 12
CHANGE_TYPE: DBM
TIMESTAMP: 26 may 2026 6:02:32 p.m.</description>
          <styleUrl>#style_40</styleUrl>
          <Point>
            <coordinates>-77.081989,-12.031597</coordinates>
          </Point>
        </Placemark>
        <Placemark>
          <name>-96</name>
          <description>
LAC: 38 CID: 5462:22 RNC: 0 PSC: 383
ACCURACY: 12
CHANGE_TYPE: DBM
TIMESTAMP: 26 may 2026 6:02:33 p.m.</description>
          <styleUrl>#style_50</styleUrl>
          <Point>
            <coordinates>-77.081989,-12.031597</coordinates>
          </Point>
        </Placemark>
        <Placemark>
          <name>-96</name>
          <description>
LAC: 38 CID: 5462:22 RNC: 0 PSC: 383
ACCURACY: 12
CHANGE_TYPE: DBM
TIMESTAMP: 26 may 2026 6:02:34 p.m.</description>
          <styleUrl>#style_50</styleUrl>
          <Point>
            <coordinates>-77.081934,-12.03158</coordinates>
          </Point>
        </Placemark>
        <Placemark>
          <name>-100</name>
          <description>
LAC: 38 CID: 5462:22 RNC: 0 PSC: 383
ACCURACY: 12
CHANGE_TYPE: DBM
TIMESTAMP: 26 may 2026 6:02:35 p.m.</description>
          <styleUrl>#style_40</styleUrl>
          <Point>
            <coordinates>-77.081934,-12.03158</coordinates>
          </Point>
        </Placemark>
        <Placemark>
          <name>-100</name>
          <description>
LAC: 38 CID: 5462:22 RNC: 0 PSC: 383
ACCURACY: 12
CHANGE_TYPE: DBM
TIMESTAMP: 26 may 2026 6:02:36 p.m.</description>
          <styleUrl>#style_40</styleUrl>
          <Point>
            <coordinates>-77.081934,-12.03158</coordinates>
          </Point>
        </Placemark>
        <Placemark>
          <name>-99</name>
          <description>
LAC: 38 CID: 5462:22 RNC: 0 PSC: 383
ACCURACY: 12
CHANGE_TYPE: DBM
TIMESTAMP: 26 may 2026 6:02:37 p.m.</description>
          <styleUrl>#style_40</styleUrl>
          <Point>
            <coordinates>-77.081934,-12.03158</coordinates>
          </Point>
        </Placemark>
        <Placemark>
          <name>-99</name>
          <description>
LAC: 38 CID: 5462:22 RNC: 0 PSC: 383
ACCURACY: 12
CHANGE_TYPE: DBM
TIMESTAMP: 26 may 2026 6:02:38 p.m.</description>
          <styleUrl>#style_40</styleUrl>
          <Point>
            <coordinates>-77.081934,-12.03158</coordinates>
          </Point>
        </Placemark>
        <Placemark>
          <name>-101</name>
          <description>
LAC: 38 CID: 5462:22 RNC: 0 PSC: 383
ACCURACY: 12
CHANGE_TYPE: DBM
TIMESTAMP: 26 may 2026 6:02:39 p.m.</description>
          <styleUrl>#style_40</styleUrl>
          <Point>
            <coordinates>-77.081934,-12.03158</coordinates>
          </Point>
        </Placemark>
        <Placemark>
          <name>-101</name>
          <description>
LAC: 38 CID: 5462:22 RNC: 0 PSC: 383
ACCURACY: 12
CHANGE_TYPE: DBM
TIMESTAMP: 26 may 2026 6:02:40 p.m.</description>
          <styleUrl>#style_40</styleUrl>
          <Point>
            <coordinates>-77.081934,-12.03158</coordinates>
          </Point>
        </Placemark>
        <Placemark>
          <name>-101</name>
          <description>
LAC: 38 CID: 5462:22 RNC: 0 PSC: 383
ACCURACY: 12
CHANGE_TYPE: DBM
TIMESTAMP: 26 may 2026 6:02:41 p.m.</description>
          <styleUrl>#style_40</styleUrl>
          <Point>
            <coordinates>-77.081934,-12.03158</coordinates>
          </Point>
        </Placemark>
        <Placemark>
          <name>-101</name>
          <description>
LAC: 38 CID: 5462:22 RNC: 0 PSC: 383
ACCURACY: 12
CHANGE_TYPE: DBM
TIMESTAMP: 26 may 2026 6:02:43 p.m.</description>
          <styleUrl>#style_40</styleUrl>
          <Point>
            <coordinates>-77.081934,-12.03158</coordinates>
          </Point>
        </Placemark>
        <Placemark>
          <name>-102</name>
          <description>
LAC: 38 CID: 5462:22 RNC: 0 PSC: 383
ACCURACY: 12
CHANGE_TYPE: DBM
TIMESTAMP: 26 may 2026 6:02:45 p.m.</description>
          <styleUrl>#style_40</styleUrl>
          <Point>
            <coordinates>-77.081934,-12.03158</coordinates>
          </Point>
        </Placemark>
        <Placemark>
          <name>-102</name>
          <description>
LAC: 38 CID: 5462:22 RNC: 0 PSC: 383
ACCURACY: 12
CHANGE_TYPE: DBM
TIMESTAMP: 26 may 2026 6:02:46 p.m.</description>
          <styleUrl>#style_40</styleUrl>
          <Point>
            <coordinates>-77.081934,-12.03158</coordinates>
          </Point>
        </Placemark>
        <Placemark>
          <name>-100</name>
          <description>
LAC: 38 CID: 5462:22 RNC: 0 PSC: 383
ACCURACY: 12
CHANGE_TYPE: DBM
TIMESTAMP: 26 may 2026 6:02:47 p.m.</description>
          <styleUrl>#style_40</styleUrl>
          <Point>
            <coordinates>-77.081934,-12.03158</coordinates>
          </Point>
        </Placemark>
        <Placemark>
          <name>-100</name>
          <description>
LAC: 38 CID: 5462:22 RNC: 0 PSC: 383
ACCURACY: 12
CHANGE_TYPE: DBM
TIMESTAMP: 26 may 2026 6:02:48 p.m.</description>
          <styleUrl>#style_40</styleUrl>
          <Point>
            <coordinates>-77.081934,-12.03158</coordinates>
          </Point>
        </Placemark>
        <Placemark>
          <name>-101</name>
          <description>
LAC: 38 CID: 5462:22 RNC: 0 PSC: 383
ACCURACY: 13
CHANGE_TYPE: DBM
TIMESTAMP: 26 may 2026 6:02:49 p.m.</description>
          <styleUrl>#style_40</styleUrl>
          <Point>
            <coordinates>-77.081856,-12.031586</coordinates>
          </Point>
        </Placemark>
        <Placemark>
          <name>-102</name>
          <description>
LAC: 38 CID: 5462:22 RNC: 0 PSC: 383
ACCURACY: 13
CHANGE_TYPE: DBM
TIMESTAMP: 26 may 2026 6:02:51 p.m.</description>
          <styleUrl>#style_40</styleUrl>
          <Point>
            <coordinates>-77.081856,-12.031586</coordinates>
          </Point>
        </Placemark>
        <Placemark>
          <name>-103</name>
          <description>
LAC: 38 CID: 5462:22 RNC: 0 PSC: 383
ACCURACY: 13
CHANGE_TYPE: DBM
TIMESTAMP: 26 may 2026 6:02:54 p.m.</description>
          <styleUrl>#style_40</styleUrl>
          <Point>
            <coordinates>-77.081856,-12.031586</coordinates>
          </Point>
        </Placemark>
        <Placemark>
          <name>-103</name>
          <description>
LAC: 38 CID: 5462:22 RNC: 0 PSC: 383
ACCURACY: 13
CHANGE_TYPE: DBM
TIMESTAMP: 26 may 2026 6:02:55 p.m.</description>
          <styleUrl>#style_40</styleUrl>
          <Point>
            <coordinates>-77.081856,-12.031586</coordinates>
          </Point>
        </Placemark>
        <Placemark>
          <name>-102</name>
          <description>
LAC: 38 CID: 5462:22 RNC: 0 PSC: 383
ACCURACY: 13
CHANGE_TYPE: DBM
TIMESTAMP: 26 may 2026 6:02:56 p.m.</description>
          <styleUrl>#style_40</styleUrl>
          <Point>
            <coordinates>-77.081856,-12.031586</coordinates>
          </Point>
        </Placemark>
        <Placemark>
          <name>-102</name>
          <description>
LAC: 38 CID: 5462:22 RNC: 0 PSC: 383
ACCURACY: 13
CHANGE_TYPE: DBM
TIMESTAMP: 26 may 2026 6:02:57 p.m.</description>
          <styleUrl>#style_40</styleUrl>
          <Point>
            <coordinates>-77.081856,-12.031586</coordinates>
          </Point>
        </Placemark>
        <Placemark>
          <name>-102</name>
          <description>
LAC: 38 CID: 5462:22 RNC: 0 PSC: 383
ACCURACY: 13
CHANGE_TYPE: DBM
TIMESTAMP: 26 may 2026 6:02:58 p.m.</description>
          <styleUrl>#style_40</styleUrl>
          <Point>
            <coordinates>-77.081856,-12.031586</coordinates>
          </Point>
        </Placemark>
        <Placemark>
          <name>-101</name>
          <description>
LAC: 38 CID: 5462:22 RNC: 0 PSC: 383
ACCURACY: 14
CHANGE_TYPE: DBM
TIMESTAMP: 26 may 2026 6:03:00 p.m.</description>
          <styleUrl>#style_40</styleUrl>
          <Point>
            <coordinates>-77.081809,-12.031616</coordinates>
          </Point>
        </Placemark>
        <Placemark>
          <name>-101</name>
          <description>
LAC: 38 CID: 5462:22 RNC: 0 PSC: 383
ACCURACY: 14
CHANGE_TYPE: DBM
TIMESTAMP: 26 may 2026 6:03:01 p.m.</description>
          <styleUrl>#style_40</styleUrl>
          <Point>
            <coordinates>-77.081809,-12.031616</coordinates>
          </Point>
        </Placemark>
        <Placemark>
          <name>-101</name>
          <description>
LAC: 38 CID: 5462:22 RNC: 0 PSC: 383
ACCURACY: 14
CHANGE_TYPE: DBM
TIMESTAMP: 26 may 2026 6:03:02 p.m.</description>
          <styleUrl>#style_40</styleUrl>
          <Point>
            <coordinates>-77.081809,-12.031616</coordinates>
          </Point>
        </Placemark>
        <Placemark>
          <name>-99</name>
          <description>
LAC: 38 CID: 5462:22 RNC: 0 PSC: 383
ACCURACY: 15
CHANGE_TYPE: DBM
TIMESTAMP: 26 may 2026 6:03:04 p.m.</description>
          <styleUrl>#style_40</styleUrl>
          <Point>
            <coordinates>-77.081763,-12.031607</coordinates>
          </Point>
        </Placemark>
        <Placemark>
          <name>-99</name>
          <description>
LAC: 38 CID: 5462:22 RNC: 0 PSC: 383
ACCURACY: 15
CHANGE_TYPE: DBM
TIMESTAMP: 26 may 2026 6:03:05 p.m.</description>
          <styleUrl>#style_40</styleUrl>
          <Point>
            <coordinates>-77.081763,-12.031607</coordinates>
          </Point>
        </Placemark>
        <Placemark>
          <name>-99</name>
          <description>
LAC: 38 CID: 5462:22 RNC: 0 PSC: 383
ACCURACY: 15
CHANGE_TYPE: DBM
TIMESTAMP: 26 may 2026 6:03:06 p.m.</description>
          <styleUrl>#style_40</styleUrl>
          <Point>
            <coordinates>-77.081763,-12.031607</coordinates>
          </Point>
        </Placemark>
        <Placemark>
          <name>-98</name>
          <description>
LAC: 38 CID: 5462:22 RNC: 0 PSC: 383
ACCURACY: 15
CHANGE_TYPE: DBM
TIMESTAMP: 26 may 2026 6:03:08 p.m.</description>
          <styleUrl>#style_40</styleUrl>
          <Point>
            <coordinates>-77.081763,-12.031607</coordinates>
          </Point>
        </Placemark>
        <Placemark>
          <name>-100</name>
          <description>
LAC: 38 CID: 5462:22 RNC: 0 PSC: 383
ACCURACY: 15
CHANGE_TYPE: DBM
TIMESTAMP: 26 may 2026 6:03:10 p.m.</description>
          <styleUrl>#style_40</styleUrl>
          <Point>
            <coordinates>-77.081763,-12.031607</coordinates>
          </Point>
        </Placemark>
        <Placemark>
          <name>-100</name>
          <description>
LAC: 38 CID: 5462:22 RNC: 0 PSC: 383
ACCURACY: 15
CHANGE_TYPE: DBM
TIMESTAMP: 26 may 2026 6:03:11 p.m.</description>
          <styleUrl>#style_40</styleUrl>
          <Point>
            <coordinates>-77.081763,-12.031607</coordinates>
          </Point>
        </Placemark>
        <Placemark>
          <name>-102</name>
          <description>
LAC: 38 CID: 5462:22 RNC: 0 PSC: 383
ACCURACY: 15
CHANGE_TYPE: DBM
TIMESTAMP: 26 may 2026 6:03:12 p.m.</description>
          <styleUrl>#style_40</styleUrl>
          <Point>
            <coordinates>-77.081763,-12.031607</coordinates>
          </Point>
        </Placemark>
        <Placemark>
          <name>-102</name>
          <description>
LAC: 38 CID: 5462:22 RNC: 0 PSC: 383
ACCURACY: 15
CHANGE_TYPE: DBM
TIMESTAMP: 26 may 2026 6:03:13 p.m.</description>
          <styleUrl>#style_40</styleUrl>
          <Point>
            <coordinates>-77.081763,-12.031607</coordinates>
          </Point>
        </Placemark>
        <Placemark>
          <name>-100</name>
          <description>
LAC: 38 CID: 5462:22 RNC: 0 PSC: 383
ACCURACY: 14
CHANGE_TYPE: DBM
TIMESTAMP: 26 may 2026 6:03:14 p.m.</description>
          <styleUrl>#style_40</styleUrl>
          <Point>
            <coordinates>-77.081679,-12.031633</coordinates>
          </Point>
        </Placemark>
        <Placemark>
          <name>-102</name>
          <description>
LAC: 38 CID: 5462:22 RNC: 0 PSC: 383
ACCURACY: 14
CHANGE_TYPE: DBM
TIMESTAMP: 26 may 2026 6:03:16 p.m.</description>
          <styleUrl>#style_40</styleUrl>
          <Point>
            <coordinates>-77.081679,-12.031633</coordinates>
          </Point>
        </Placemark>
        <Placemark>
          <name>-102</name>
          <description>
LAC: 38 CID: 5462:22 RNC: 0 PSC: 383
ACCURACY: 14
CHANGE_TYPE: DBM
TIMESTAMP: 26 may 2026 6:03:17 p.m.</description>
          <styleUrl>#style_40</styleUrl>
          <Point>
            <coordinates>-77.081679,-12.031633</coordinates>
          </Point>
        </Placemark>
        <Placemark>
          <name>-99</name>
          <description>
LAC: 38 CID: 5462:22 RNC: 0 PSC: 383
ACCURACY: 13
CHANGE_TYPE: DBM
TIMESTAMP: 26 may 2026 6:03:19 p.m.</description>
          <styleUrl>#style_40</styleUrl>
          <Point>
            <coordinates>-77.081643,-12.031681</coordinates>
          </Point>
        </Placemark>
        <Placemark>
          <name>-99</name>
          <description>
LAC: 38 CID: 5462:22 RNC: 0 PSC: 383
ACCURACY: 13
CHANGE_TYPE: DBM
TIMESTAMP: 26 may 2026 6:03:20 p.m.</description>
          <styleUrl>#style_40</styleUrl>
          <Point>
            <coordinates>-77.081643,-12.031681</coordinates>
          </Point>
        </Placemark>
        <Placemark>
          <name>-100</name>
          <description>
LAC: 38 CID: 5462:22 RNC: 0 PSC: 383
ACCURACY: 13
CHANGE_TYPE: DBM
TIMESTAMP: 26 may 2026 6:03:21 p.m.</description>
          <styleUrl>#style_40</styleUrl>
          <Point>
            <coordinates>-77.081643,-12.031681</coordinates>
          </Point>
        </Placemark>
        <Placemark>
          <name>-100</name>
          <description>
LAC: 38 CID: 5462:22 RNC: 0 PSC: 383
ACCURACY: 13
CHANGE_TYPE: DBM
TIMESTAMP: 26 may 2026 6:03:22 p.m.</description>
          <styleUrl>#style_40</styleUrl>
          <Point>
            <coordinates>-77.081643,-12.031681</coordinates>
          </Point>
        </Placemark>
        <Placemark>
          <name>-101</name>
          <description>
LAC: 38 CID: 5462:22 RNC: 0 PSC: 383
ACCURACY: 13
CHANGE_TYPE: DBM
TIMESTAMP: 26 may 2026 6:03:23 p.m.</description>
          <styleUrl>#style_40</styleUrl>
          <Point>
            <coordinates>-77.081643,-12.031681</coordinates>
          </Point>
        </Placemark>
        <Placemark>
          <name>-101</name>
          <description>
LAC: 38 CID: 5462:22 RNC: 0 PSC: 383
ACCURACY: 13
CHANGE_TYPE: DBM
TIMESTAMP: 26 may 2026 6:03:24 p.m.</description>
          <styleUrl>#style_40</styleUrl>
          <Point>
            <coordinates>-77.081643,-12.031681</coordinates>
          </Point>
        </Placemark>
        <Placemark>
          <name>-102</name>
          <description>
LAC: 38 CID: 5462:22 RNC: 0 PSC: 383
ACCURACY: 13
CHANGE_TYPE: DBM
TIMESTAMP: 26 may 2026 6:03:25 p.m.</description>
          <styleUrl>#style_40</styleUrl>
          <Point>
            <coordinates>-77.081643,-12.031681</coordinates>
          </Point>
        </Placemark>
        <Placemark>
          <name>-102</name>
          <description>
LAC: 38 CID: 5462:22 RNC: 0 PSC: 383
ACCURACY: 13
CHANGE_TYPE: DBM
TIMESTAMP: 26 may 2026 6:03:26 p.m.</description>
          <styleUrl>#style_40</styleUrl>
          <Point>
            <coordinates>-77.081643,-12.031681</coordinates>
          </Point>
        </Placemark>
        <Placemark>
          <name>-102</name>
          <description>
LAC: 38 CID: 5462:22 RNC: 0 PSC: 383
ACCURACY: 13
CHANGE_TYPE: DBM
TIMESTAMP: 26 may 2026 6:03:27 p.m.</description>
          <styleUrl>#style_40</styleUrl>
          <Point>
            <coordinates>-77.081643,-12.031681</coordinates>
          </Point>
        </Placemark>
        <Placemark>
          <name>-106</name>
          <description>
LAC: 38 CID: 5462:22 RNC: 0 PSC: 383
ACCURACY: 13
CHANGE_TYPE: DBM
TIMESTAMP: 26 may 2026 6:03:29 p.m.</description>
          <styleUrl>#style_40</styleUrl>
          <Point>
            <coordinates>-77.081595,-12.031726</coordinates>
          </Point>
        </Placemark>
        <Placemark>
          <name>-104</name>
          <description>
LAC: 38 CID: 5462:22 RNC: 0 PSC: 383
ACCURACY: 13
CHANGE_TYPE: DBM
TIMESTAMP: 26 may 2026 6:03:31 p.m.</description>
          <styleUrl>#style_40</styleUrl>
          <Point>
            <coordinates>-77.081595,-12.031726</coordinates>
          </Point>
        </Placemark>
        <Placemark>
          <name>-101</name>
          <description>
LAC: 38 CID: 5462:22 RNC: 0 PSC: 383
ACCURACY: 13
CHANGE_TYPE: DBM
TIMESTAMP: 26 may 2026 6:03:33 p.m.</description>
          <styleUrl>#style_40</styleUrl>
          <Point>
            <coordinates>-77.081595,-12.031726</coordinates>
          </Point>
        </Placemark>
        <Placemark>
          <name>-101</name>
          <description>
LAC: 38 CID: 5462:22 RNC: 0 PSC: 383
ACCURACY: 13
CHANGE_TYPE: DBM
TIMESTAMP: 26 may 2026 6:03:34 p.m.</description>
          <styleUrl>#style_40</styleUrl>
          <Point>
            <coordinates>-77.081595,-12.031726</coordinates>
          </Point>
        </Placemark>
        <Placemark>
          <name>-102</name>
          <description>
LAC: 38 CID: 5462:22 RNC: 0 PSC: 383
ACCURACY: 13
CHANGE_TYPE: DBM
TIMESTAMP: 26 may 2026 6:03:35 p.m.</description>
          <styleUrl>#style_40</styleUrl>
          <Point>
            <coordinates>-77.081595,-12.031726</coordinates>
          </Point>
        </Placemark>
        <Placemark>
          <name>-102</name>
          <description>
LAC: 38 CID: 5462:22 RNC: 0 PSC: 383
ACCURACY: 13
CHANGE_TYPE: DBM
TIMESTAMP: 26 may 2026 6:03:37 p.m.</description>
          <styleUrl>#style_40</styleUrl>
          <Point>
            <coordinates>-77.081595,-12.031726</coordinates>
          </Point>
        </Placemark>
        <Placemark>
          <name>-102</name>
          <description>
LAC: 38 CID: 5462:22 RNC: 0 PSC: 383
ACCURACY: 13
CHANGE_TYPE: DBM
TIMESTAMP: 26 may 2026 6:03:38 p.m.</description>
          <styleUrl>#style_40</styleUrl>
          <Point>
            <coordinates>-77.081595,-12.031726</coordinates>
          </Point>
        </Placemark>
        <Placemark>
          <name>-101</name>
          <description>
LAC: 38 CID: 5462:22 RNC: 0 PSC: 383
ACCURACY: 11
CHANGE_TYPE: DBM
TIMESTAMP: 26 may 2026 6:03:39 p.m.</description>
          <styleUrl>#style_40</styleUrl>
          <Point>
            <coordinates>-77.081506,-12.031689</coordinates>
          </Point>
        </Placemark>
        <Placemark>
          <name>-100</name>
          <description>
LAC: 38 CID: 5462:22 RNC: 0 PSC: 383
ACCURACY: 11
CHANGE_TYPE: DBM
TIMESTAMP: 26 may 2026 6:03:41 p.m.</description>
          <styleUrl>#style_40</styleUrl>
          <Point>
            <coordinates>-77.081506,-12.031689</coordinates>
          </Point>
        </Placemark>
        <Placemark>
          <name>-100</name>
          <description>
LAC: 38 CID: 5462:22 RNC: 0 PSC: 383
ACCURACY: 11
CHANGE_TYPE: DBM
TIMESTAMP: 26 may 2026 6:03:42 p.m.</description>
          <styleUrl>#style_40</styleUrl>
          <Point>
            <coordinates>-77.081506,-12.031689</coordinates>
          </Point>
        </Placemark>
        <Placemark>
          <name>-101</name>
          <description>
LAC: 38 CID: 5462:22 RNC: 0 PSC: 383
ACCURACY: 12
CHANGE_TYPE: DBM
TIMESTAMP: 26 may 2026 6:03:43 p.m.</description>
          <styleUrl>#style_40</styleUrl>
          <Point>
            <coordinates>-77.081435,-12.031674</coordinates>
          </Point>
        </Placemark>
        <Placemark>
          <name>-100</name>
          <description>
LAC: 38 CID: 5462:22 RNC: 0 PSC: 383
ACCURACY: 12
CHANGE_TYPE: DBM
TIMESTAMP: 26 may 2026 6:03:46 p.m.</description>
          <styleUrl>#style_40</styleUrl>
          <Point>
            <coordinates>-77.081435,-12.031674</coordinates>
          </Point>
        </Placemark>
        <Placemark>
          <name>-101</name>
          <description>
LAC: 38 CID: 5462:22 RNC: 0 PSC: 383
ACCURACY: 12
CHANGE_TYPE: DBM
TIMESTAMP: 26 may 2026 6:03:48 p.m.</description>
          <styleUrl>#style_40</styleUrl>
          <Point>
            <coordinates>-77.081435,-12.031674</coordinates>
          </Point>
        </Placemark>
        <Placemark>
          <name>-101</name>
          <description>
LAC: 38 CID: 5462:22 RNC: 0 PSC: 383
ACCURACY: 11
CHANGE_TYPE: DBM
TIMESTAMP: 26 may 2026 6:03:49 p.m.</description>
          <styleUrl>#style_40</styleUrl>
          <Point>
            <coordinates>-77.081372,-12.031658</coordinates>
          </Point>
        </Placemark>
        <Placemark>
          <name>-104</name>
          <description>
LAC: 38 CID: 5462:22 RNC: 0 PSC: 383
ACCURACY: 11
CHANGE_TYPE: DBM
TIMESTAMP: 26 may 2026 6:03:50 p.m.</description>
          <styleUrl>#style_40</styleUrl>
          <Point>
            <coordinates>-77.081372,-12.031658</coordinates>
          </Point>
        </Placemark>
        <Placemark>
          <name>-100</name>
          <description>
LAC: 38 CID: 5462:22 RNC: 0 PSC: 383
ACCURACY: 11
CHANGE_TYPE: DBM
TIMESTAMP: 26 may 2026 6:03:52 p.m.</description>
          <styleUrl>#style_40</styleUrl>
          <Point>
            <coordinates>-77.081372,-12.031658</coordinates>
          </Point>
        </Placemark>
        <Placemark>
          <name>-100</name>
          <description>
LAC: 38 CID: 5462:22 RNC: 0 PSC: 383
ACCURACY: 11
CHANGE_TYPE: DBM
TIMESTAMP: 26 may 2026 6:03:53 p.m.</description>
          <styleUrl>#style_40</styleUrl>
          <Point>
            <coordinates>-77.081372,-12.031658</coordinates>
          </Point>
        </Placemark>
        <Placemark>
          <name>-98</name>
          <description>
LAC: 38 CID: 5462:22 RNC: 0 PSC: 383
ACCURACY: 11
CHANGE_TYPE: DBM
TIMESTAMP: 26 may 2026 6:03:54 p.m.</description>
          <styleUrl>#style_40</styleUrl>
          <Point>
            <coordinates>-77.081308,-12.031651</coordinates>
          </Point>
        </Placemark>
        <Placemark>
          <name>-98</name>
          <description>
LAC: 38 CID: 5462:22 RNC: 0 PSC: 383
ACCURACY: 11
CHANGE_TYPE: DBM
TIMESTAMP: 26 may 2026 6:03:55 p.m.</description>
          <styleUrl>#style_40</styleUrl>
          <Point>
            <coordinates>-77.081308,-12.031651</coordinates>
          </Point>
        </Placemark>
        <Placemark>
          <name>-100</name>
          <description>
LAC: 38 CID: 5462:22 RNC: 0 PSC: 383
ACCURACY: 11
CHANGE_TYPE: DBM
TIMESTAMP: 26 may 2026 6:03:56 p.m.</description>
          <styleUrl>#style_40</styleUrl>
          <Point>
            <coordinates>-77.081308,-12.031651</coordinates>
          </Point>
        </Placemark>
        <Placemark>
          <name>-100</name>
          <description>
LAC: 38 CID: 5462:22 RNC: 0 PSC: 383
ACCURACY: 11
CHANGE_TYPE: DBM
TIMESTAMP: 26 may 2026 6:03:57 p.m.</description>
          <styleUrl>#style_40</styleUrl>
          <Point>
            <coordinates>-77.081308,-12.031651</coordinates>
          </Point>
        </Placemark>
        <Placemark>
          <name>-102</name>
          <description>
LAC: 38 CID: 5462:22 RNC: 0 PSC: 383
ACCURACY: 11
CHANGE_TYPE: DBM
TIMESTAMP: 26 may 2026 6:03:58 p.m.</description>
          <styleUrl>#style_40</styleUrl>
          <Point>
            <coordinates>-77.081308,-12.031651</coordinates>
          </Point>
        </Placemark>
        <Placemark>
          <name>-106</name>
          <description>
LAC: 38 CID: 5462:22 RNC: 0 PSC: 383
ACCURACY: 11
CHANGE_TYPE: DBM
TIMESTAMP: 26 may 2026 6:04:00 p.m.</description>
          <styleUrl>#style_40</styleUrl>
          <Point>
            <coordinates>-77.081308,-12.031651</coordinates>
          </Point>
        </Placemark>
        <Placemark>
          <name>-106</name>
          <description>
LAC: 38 CID: 5462:22 RNC: 0 PSC: 383
ACCURACY: 11
CHANGE_TYPE: DBM
TIMESTAMP: 26 may 2026 6:04:02 p.m.</description>
          <styleUrl>#style_40</styleUrl>
          <Point>
            <coordinates>-77.081308,-12.031651</coordinates>
          </Point>
        </Placemark>
        <Placemark>
          <name>-106</name>
          <description>
LAC: 38 CID: 5462:22 RNC: 0 PSC: 383
ACCURACY: 11
CHANGE_TYPE: DBM
TIMESTAMP: 26 may 2026 6:04:04 p.m.</description>
          <styleUrl>#style_40</styleUrl>
          <Point>
            <coordinates>-77.081245,-12.031687</coordinates>
          </Point>
        </Placemark>
        <Placemark>
          <name>-106</name>
          <description>
LAC: 38 CID: 5462:22 RNC: 0 PSC: 383
ACCURACY: 11
CHANGE_TYPE: DBM
TIMESTAMP: 26 may 2026 6:04:05 p.m.</description>
          <styleUrl>#style_40</styleUrl>
          <Point>
            <coordinates>-77.081245,-12.031687</coordinates>
          </Point>
        </Placemark>
        <Placemark>
          <name>-107</name>
          <description>
LAC: 38 CID: 5462:22 RNC: 0 PSC: 383
ACCURACY: 11
CHANGE_TYPE: DBM
TIMESTAMP: 26 may 2026 6:04:06 p.m.</description>
          <styleUrl>#style_30</styleUrl>
          <Point>
            <coordinates>-77.081245,-12.031687</coordinates>
          </Point>
        </Placemark>
        <Placemark>
          <name>-106</name>
          <description>
LAC: 38 CID: 5462:22 RNC: 0 PSC: 383
ACCURACY: 11
CHANGE_TYPE: DBM
TIMESTAMP: 26 may 2026 6:04:08 p.m.</description>
          <styleUrl>#style_40</styleUrl>
          <Point>
            <coordinates>-77.081245,-12.031687</coordinates>
          </Point>
        </Placemark>
        <Placemark>
          <name>-106</name>
          <description>
LAC: 38 CID: 5462:22 RNC: 0 PSC: 383
ACCURACY: 11
CHANGE_TYPE: DBM
TIMESTAMP: 26 may 2026 6:04:09 p.m.</description>
          <styleUrl>#style_40</styleUrl>
          <Point>
            <coordinates>-77.081245,-12.031687</coordinates>
          </Point>
        </Placemark>
        <Placemark>
          <name>-107</name>
          <description>
LAC: 38 CID: 5462:22 RNC: 0 PSC: 383
ACCURACY: 11
CHANGE_TYPE: DBM
TIMESTAMP: 26 may 2026 6:04:11 p.m.</description>
          <styleUrl>#style_30</styleUrl>
          <Point>
            <coordinates>-77.081245,-12.031687</coordinates>
          </Point>
        </Placemark>
        <Placemark>
          <name>-105</name>
          <description>
LAC: 38 CID: 5462:22 RNC: 0 PSC: 383
ACCURACY: 11
CHANGE_TYPE: DBM
TIMESTAMP: 26 may 2026 6:04:13 p.m.</description>
          <styleUrl>#style_40</styleUrl>
          <Point>
            <coordinates>-77.081245,-12.031687</coordinates>
          </Point>
        </Placemark>
        <Placemark>
          <name>-105</name>
          <description>
LAC: 38 CID: 5462:22 RNC: 0 PSC: 383
ACCURACY: 11
CHANGE_TYPE: DBM
TIMESTAMP: 26 may 2026 6:04:15 p.m.</description>
          <styleUrl>#style_40</styleUrl>
          <Point>
            <coordinates>-77.081269,-12.031771</coordinates>
          </Point>
        </Placemark>
        <Placemark>
          <name>-105</name>
          <description>
LAC: 38 CID: 5462:22 RNC: 0 PSC: 383
ACCURACY: 11
CHANGE_TYPE: DBM
TIMESTAMP: 26 may 2026 6:04:16 p.m.</description>
          <styleUrl>#style_40</styleUrl>
          <Point>
            <coordinates>-77.081269,-12.031771</coordinates>
          </Point>
        </Placemark>
        <Placemark>
          <name>-102</name>
          <description>
LAC: 38 CID: 5462:22 RNC: 0 PSC: 383
ACCURACY: 11
CHANGE_TYPE: DBM
TIMESTAMP: 26 may 2026 6:04:17 p.m.</description>
          <styleUrl>#style_40</styleUrl>
          <Point>
            <coordinates>-77.081269,-12.031771</coordinates>
          </Point>
        </Placemark>
        <Placemark>
          <name>-105</name>
          <description>
LAC: 38 CID: 5462:22 RNC: 0 PSC: 383
ACCURACY: 12
CHANGE_TYPE: DBM
TIMESTAMP: 26 may 2026 6:04:19 p.m.</description>
          <styleUrl>#style_40</styleUrl>
          <Point>
            <coordinates>-77.081288,-12.031824</coordinates>
          </Point>
        </Placemark>
        <Placemark>
          <name>-105</name>
          <description>
LAC: 38 CID: 5462:22 RNC: 0 PSC: 383
ACCURACY: 12
CHANGE_TYPE: DBM
TIMESTAMP: 26 may 2026 6:04:21 p.m.</description>
          <styleUrl>#style_40</styleUrl>
          <Point>
            <coordinates>-77.081288,-12.031824</coordinates>
          </Point>
        </Placemark>
        <Placemark>
          <name>-105</name>
          <description>
LAC: 38 CID: 5462:22 RNC: 0 PSC: 383
ACCURACY: 12
CHANGE_TYPE: DBM
TIMESTAMP: 26 may 2026 6:04:22 p.m.</description>
          <styleUrl>#style_40</styleUrl>
          <Point>
            <coordinates>-77.081288,-12.031824</coordinates>
          </Point>
        </Placemark>
        <Placemark>
          <name>-105</name>
          <description>
LAC: 38 CID: 5462:22 RNC: 0 PSC: 383
ACCURACY: 12
CHANGE_TYPE: DBM
TIMESTAMP: 26 may 2026 6:04:23 p.m.</description>
          <styleUrl>#style_40</styleUrl>
          <Point>
            <coordinates>-77.081288,-12.031824</coordinates>
          </Point>
        </Placemark>
        <Placemark>
          <name>-105</name>
          <description>
LAC: 38 CID: 5462:22 RNC: 0 PSC: 383
ACCURACY: 11
CHANGE_TYPE: DBM
TIMESTAMP: 26 may 2026 6:04:24 p.m.</description>
          <styleUrl>#style_40</styleUrl>
          <Point>
            <coordinates>-77.081315,-12.031866</coordinates>
          </Point>
        </Placemark>
        <Placemark>
          <name>-102</name>
          <description>
LAC: 38 CID: 5462:22 RNC: 0 PSC: 383
ACCURACY: 11
CHANGE_TYPE: DBM
TIMESTAMP: 26 may 2026 6:04:25 p.m.</description>
          <styleUrl>#style_40</styleUrl>
          <Point>
            <coordinates>-77.081315,-12.031866</coordinates>
          </Point>
        </Placemark>
        <Placemark>
          <name>-105</name>
          <description>
LAC: 38 CID: 5462:22 RNC: 0 PSC: 383
ACCURACY: 11
CHANGE_TYPE: DBM
TIMESTAMP: 26 may 2026 6:04:27 p.m.</description>
          <styleUrl>#style_40</styleUrl>
          <Point>
            <coordinates>-77.081315,-12.031866</coordinates>
          </Point>
        </Placemark>
        <Placemark>
          <name>-108</name>
          <description>
LAC: 38 CID: 5462:22 RNC: 0 PSC: 383
ACCURACY: 11
CHANGE_TYPE: DBM
TIMESTAMP: 26 may 2026 6:04:29 p.m.</description>
          <styleUrl>#style_30</styleUrl>
          <Point>
            <coordinates>-77.081372,-12.031895</coordinates>
          </Point>
        </Placemark>
        <Placemark>
          <name>-108</name>
          <description>
LAC: 38 CID: 5462:22 RNC: 0 PSC: 383
ACCURACY: 11
CHANGE_TYPE: DBM
TIMESTAMP: 26 may 2026 6:04:30 p.m.</description>
          <styleUrl>#style_30</styleUrl>
          <Point>
            <coordinates>-77.081372,-12.031895</coordinates>
          </Point>
        </Placemark>
        <Placemark>
          <name>-105</name>
          <description>
LAC: 38 CID: 5462:22 RNC: 0 PSC: 383
ACCURACY: 11
CHANGE_TYPE: DBM
TIMESTAMP: 26 may 2026 6:04:31 p.m.</description>
          <styleUrl>#style_40</styleUrl>
          <Point>
            <coordinates>-77.081372,-12.031895</coordinates>
          </Point>
        </Placemark>
        <Placemark>
          <name>-105</name>
          <description>
LAC: 38 CID: 5462:22 RNC: 0 PSC: 383
ACCURACY: 11
CHANGE_TYPE: DBM
TIMESTAMP: 26 may 2026 6:04:32 p.m.</description>
          <styleUrl>#style_40</styleUrl>
          <Point>
            <coordinates>-77.081372,-12.031895</coordinates>
          </Point>
        </Placemark>
        <Placemark>
          <name>-110</name>
          <description>
LAC: 38 CID: 5462:22 RNC: 0 PSC: 383
ACCURACY: 11
CHANGE_TYPE: DBM
TIMESTAMP: 26 may 2026 6:04:33 p.m.</description>
          <styleUrl>#style_30</styleUrl>
          <Point>
            <coordinates>-77.081372,-12.031895</coordinates>
          </Point>
        </Placemark>
        <Placemark>
          <name>-110</name>
          <description>
LAC: 38 CID: 5462:22 RNC: 0 PSC: 383
ACCURACY: 11
CHANGE_TYPE: DBM
TIMESTAMP: 26 may 2026 6:04:35 p.m.</description>
          <styleUrl>#style_30</styleUrl>
          <Point>
            <coordinates>-77.081372,-12.031895</coordinates>
          </Point>
        </Placemark>
        <Placemark>
          <name>-110</name>
          <description>
LAC: 38 CID: 5462:22 RNC: 0 PSC: 383
ACCURACY: 11
CHANGE_TYPE: DBM
TIMESTAMP: 26 may 2026 6:04:36 p.m.</description>
          <styleUrl>#style_30</styleUrl>
          <Point>
            <coordinates>-77.081372,-12.031895</coordinates>
          </Point>
        </Placemark>
        <Placemark>
          <name>-110</name>
          <description>
LAC: 38 CID: 5462:22 RNC: 0 PSC: 383
ACCURACY: 11
CHANGE_TYPE: DBM
TIMESTAMP: 26 may 2026 6:04:38 p.m.</description>
          <styleUrl>#style_30</styleUrl>
          <Point>
            <coordinates>-77.081372,-12.031895</coordinates>
          </Point>
        </Placemark>
        <Placemark>
          <name>-110</name>
          <description>
LAC: 38 CID: 5462:22 RNC: 0 PSC: 383
ACCURACY: 11
CHANGE_TYPE: DBM
TIMESTAMP: 26 may 2026 6:04:39 p.m.</description>
          <styleUrl>#style_30</styleUrl>
          <Point>
            <coordinates>-77.081439,-12.031936</coordinates>
          </Point>
        </Placemark>
        <Placemark>
          <name>-109</name>
          <description>
LAC: 38 CID: 5462:22 RNC: 0 PSC: 383
ACCURACY: 11
CHANGE_TYPE: DBM
TIMESTAMP: 26 may 2026 6:04:40 p.m.</description>
          <styleUrl>#style_30</styleUrl>
          <Point>
            <coordinates>-77.081439,-12.031936</coordinates>
          </Point>
        </Placemark>
        <Placemark>
          <name>-109</name>
          <description>
LAC: 38 CID: 5462:22 RNC: 0 PSC: 383
ACCURACY: 11
CHANGE_TYPE: DBM
TIMESTAMP: 26 may 2026 6:04:41 p.m.</description>
          <styleUrl>#style_30</styleUrl>
          <Point>
            <coordinates>-77.081439,-12.031936</coordinates>
          </Point>
        </Placemark>
        <Placemark>
          <name>-110</name>
          <description>
LAC: 38 CID: 5462:22 RNC: 0 PSC: 383
ACCURACY: 11
CHANGE_TYPE: DBM
TIMESTAMP: 26 may 2026 6:04:42 p.m.</description>
          <styleUrl>#style_30</styleUrl>
          <Point>
            <coordinates>-77.081439,-12.031936</coordinates>
          </Point>
        </Placemark>
        <Placemark>
          <name>-110</name>
          <description>
LAC: 38 CID: 5462:22 RNC: 0 PSC: 383
ACCURACY: 11
CHANGE_TYPE: DBM
TIMESTAMP: 26 may 2026 6:04:43 p.m.</description>
          <styleUrl>#style_30</styleUrl>
          <Point>
            <coordinates>-77.081439,-12.031936</coordinates>
          </Point>
        </Placemark>
        <Placemark>
          <name>-109</name>
          <description>
LAC: 38 CID: 5462:22 RNC: 0 PSC: 383
ACCURACY: 11
CHANGE_TYPE: DBM
TIMESTAMP: 26 may 2026 6:04:44 p.m.</description>
          <styleUrl>#style_30</styleUrl>
          <Point>
            <coordinates>-77.081439,-12.031936</coordinates>
          </Point>
        </Placemark>
        <Placemark>
          <name>-91</name>
          <description>
LAC: 38 CID: 5462:22 RNC: 0 PSC: 383
ACCURACY: 11
CHANGE_TYPE: GPS
TIMESTAMP: 26 may 2026 5:58:13 p.m.</description>
          <styleUrl>#style_50</styleUrl>
          <Point>
            <coordinates>-77.084012,-12.031301</coordinates>
          </Point>
        </Placemark>
        <Placemark>
          <name>-88</name>
          <description>
LAC: 38 CID: 5462:22 RNC: 0 PSC: 383
ACCURACY: 11
CHANGE_TYPE: GPS
TIMESTAMP: 26 may 2026 5:58:23 p.m.</description>
          <styleUrl>#style_50</styleUrl>
          <Point>
            <coordinates>-77.083935,-12.03132</coordinates>
          </Point>
        </Placemark>
        <Placemark>
          <name>-93</name>
          <description>
LAC: 38 CID: 5462:22 RNC: 0 PSC: 383
ACCURACY: 12
CHANGE_TYPE: GPS
TIMESTAMP: 26 may 2026 5:58:43 p.m.</description>
          <styleUrl>#style_50</styleUrl>
          <Point>
            <coordinates>-77.083797,-12.031354</coordinates>
          </Point>
        </Placemark>
        <Placemark>
          <name>-88</name>
          <description>
LAC: 38 CID: 5462:22 RNC: 0 PSC: 383
ACCURACY: 12
CHANGE_TYPE: GPS
TIMESTAMP: 26 may 2026 5:58:48 p.m.</description>
          <styleUrl>#style_50</styleUrl>
          <Point>
            <coordinates>-77.083744,-12.031345</coordinates>
          </Point>
        </Placemark>
        <Placemark>
          <name>-98</name>
          <description>
LAC: 38 CID: 5462:22 RNC: 0 PSC: 383
ACCURACY: 12
CHANGE_TYPE: GPS
TIMESTAMP: 26 may 2026 5:59:18 p.m.</description>
          <styleUrl>#style_40</styleUrl>
          <Point>
            <coordinates>-77.083582,-12.031461</coordinates>
          </Point>
        </Placemark>
        <Placemark>
          <name>-98</name>
          <description>
LAC: 38 CID: 5462:22 RNC: 0 PSC: 383
ACCURACY: 13
CHANGE_TYPE: GPS
TIMESTAMP: 26 may 2026 5:59:23 p.m.</description>
          <styleUrl>#style_40</styleUrl>
          <Point>
            <coordinates>-77.083529,-12.031472</coordinates>
          </Point>
        </Placemark>
        <Placemark>
          <name>-96</name>
          <description>
LAC: 38 CID: 5462:22 RNC: 0 PSC: 383
ACCURACY: 12
CHANGE_TYPE: GPS
TIMESTAMP: 26 may 2026 5:59:33 p.m.</description>
          <styleUrl>#style_50</styleUrl>
          <Point>
            <coordinates>-77.083462,-12.031467</coordinates>
          </Point>
        </Placemark>
        <Placemark>
          <name>-95</name>
          <description>
LAC: 38 CID: 5462:22 RNC: 0 PSC: 383
ACCURACY: 14
CHANGE_TYPE: GPS
TIMESTAMP: 26 may 2026 5:59:48 p.m.</description>
          <styleUrl>#style_50</styleUrl>
          <Point>
            <coordinates>-77.083356,-12.031486</coordinates>
          </Point>
        </Placemark>
        <Placemark>
          <name>-98</name>
          <description>
LAC: 38 CID: 5462:22 RNC: 0 PSC: 383
ACCURACY: 13
CHANGE_TYPE: GPS
TIMESTAMP: 26 may 2026 5:59:58 p.m.</description>
          <styleUrl>#style_40</styleUrl>
          <Point>
            <coordinates>-77.083233,-12.031483</coordinates>
          </Point>
        </Placemark>
        <Placemark>
          <name>-95</name>
          <description>
LAC: 38 CID: 5462:22 RNC: 0 PSC: 383
ACCURACY: 13
CHANGE_TYPE: GPS
TIMESTAMP: 26 may 2026 6:00:03 p.m.</description>
          <styleUrl>#style_50</styleUrl>
          <Point>
            <coordinates>-77.08318,-12.031467</coordinates>
          </Point>
        </Placemark>
        <Placemark>
          <name>-80</name>
          <description>
LAC: 38 CID: 5462:22 RNC: 0 PSC: 383
ACCURACY: 13
CHANGE_TYPE: GPS
TIMESTAMP: 26 may 2026 6:00:18 p.m.</description>
          <styleUrl>#style_60</styleUrl>
          <Point>
            <coordinates>-77.083057,-12.031456</coordinates>
          </Point>
        </Placemark>
        <Placemark>
          <name>-89</name>
          <description>
LAC: 38 CID: 5462:22 RNC: 0 PSC: 383
ACCURACY: 12
CHANGE_TYPE: GPS
TIMESTAMP: 26 may 2026 6:00:28 p.m.</description>
          <styleUrl>#style_50</styleUrl>
          <Point>
            <coordinates>-77.083006,-12.031486</coordinates>
          </Point>
        </Placemark>
        <Placemark>
          <name>-93</name>
          <description>
LAC: 38 CID: 5462:22 RNC: 0 PSC: 383
ACCURACY: 11
CHANGE_TYPE: GPS
TIMESTAMP: 26 may 2026 6:00:38 p.m.</description>
          <styleUrl>#style_50</styleUrl>
          <Point>
            <coordinates>-77.082918,-12.031477</coordinates>
          </Point>
        </Placemark>
        <Placemark>
          <name>-93</name>
          <description>
LAC: 38 CID: 5462:22 RNC: 0 PSC: 383
ACCURACY: 12
CHANGE_TYPE: GPS
TIMESTAMP: 26 may 2026 6:00:43 p.m.</description>
          <styleUrl>#style_50</styleUrl>
          <Point>
            <coordinates>-77.082844,-12.031486</coordinates>
          </Point>
        </Placemark>
        <Placemark>
          <name>-90</name>
          <description>
LAC: 38 CID: 5462:22 RNC: 0 PSC: 383
ACCURACY: 12
CHANGE_TYPE: GPS
TIMESTAMP: 26 may 2026 6:00:48 p.m.</description>
          <styleUrl>#style_50</styleUrl>
          <Point>
            <coordinates>-77.082794,-12.031494</coordinates>
          </Point>
        </Placemark>
        <Placemark>
          <name>-94</name>
          <description>
LAC: 38 CID: 5462:22 RNC: 0 PSC: 383
ACCURACY: 12
CHANGE_TYPE: GPS
TIMESTAMP: 26 may 2026 6:00:58 p.m.</description>
          <styleUrl>#style_50</styleUrl>
          <Point>
            <coordinates>-77.082717,-12.031498</coordinates>
          </Point>
        </Placemark>
        <Placemark>
          <name>-89</name>
          <description>
LAC: 38 CID: 5462:22 RNC: 0 PSC: 383
ACCURACY: 12
CHANGE_TYPE: GPS
TIMESTAMP: 26 may 2026 6:01:08 p.m.</description>
          <styleUrl>#style_50</styleUrl>
          <Point>
            <coordinates>-77.08266,-12.031521</coordinates>
          </Point>
        </Placemark>
        <Placemark>
          <name>-102</name>
          <description>
LAC: 38 CID: 5462:22 RNC: 0 PSC: 383
ACCURACY: 13
CHANGE_TYPE: GPS
TIMESTAMP: 26 may 2026 6:01:18 p.m.</description>
          <styleUrl>#style_40</styleUrl>
          <Point>
            <coordinates>-77.082617,-12.031559</coordinates>
          </Point>
        </Placemark>
        <Placemark>
          <name>-98</name>
          <description>
LAC: 38 CID: 5462:22 RNC: 0 PSC: 383
ACCURACY: 14
CHANGE_TYPE: GPS
TIMESTAMP: 26 may 2026 6:01:23 p.m.</description>
          <styleUrl>#style_40</styleUrl>
          <Point>
            <coordinates>-77.082593,-12.031598</coordinates>
          </Point>
        </Placemark>
        <Placemark>
          <name>-98</name>
          <description>
LAC: 38 CID: 5462:22 RNC: 0 PSC: 383
ACCURACY: 14
CHANGE_TYPE: GPS
TIMESTAMP: 26 may 2026 6:01:33 p.m.</description>
          <styleUrl>#style_40</styleUrl>
          <Point>
            <coordinates>-77.082546,-12.031629</coordinates>
          </Point>
        </Placemark>
        <Placemark>
          <name>-101</name>
          <description>
LAC: 38 CID: 5462:22 RNC: 0 PSC: 383
ACCURACY: 13
CHANGE_TYPE: GPS
TIMESTAMP: 26 may 2026 6:01:43 p.m.</description>
          <styleUrl>#style_40</styleUrl>
          <Point>
            <coordinates>-77.0825,-12.031655</coordinates>
          </Point>
        </Placemark>
        <Placemark>
          <name>-103</name>
          <description>
LAC: 38 CID: 5462:22 RNC: 0 PSC: 383
ACCURACY: 14
CHANGE_TYPE: GPS
TIMESTAMP: 26 may 2026 6:01:53 p.m.</description>
          <styleUrl>#style_40</styleUrl>
          <Point>
            <coordinates>-77.082438,-12.031683</coordinates>
          </Point>
        </Placemark>
        <Placemark>
          <name>-100</name>
          <description>
LAC: 38 CID: 5462:22 RNC: 0 PSC: 383
ACCURACY: 14
CHANGE_TYPE: GPS
TIMESTAMP: 26 may 2026 6:02:03 p.m.</description>
          <styleUrl>#style_40</styleUrl>
          <Point>
            <coordinates>-77.082361,-12.031708</coordinates>
          </Point>
        </Placemark>
        <Placemark>
          <name>-96</name>
          <description>
LAC: 38 CID: 5462:22 RNC: 0 PSC: 383
ACCURACY: 14
CHANGE_TYPE: GPS
TIMESTAMP: 26 may 2026 6:02:08 p.m.</description>
          <styleUrl>#style_50</styleUrl>
          <Point>
            <coordinates>-77.082301,-12.031721</coordinates>
          </Point>
        </Placemark>
        <Placemark>
          <name>-99</name>
          <description>
LAC: 38 CID: 5462:22 RNC: 0 PSC: 383
ACCURACY: 14
CHANGE_TYPE: GPS
TIMESTAMP: 26 may 2026 6:02:13 p.m.</description>
          <styleUrl>#style_40</styleUrl>
          <Point>
            <coordinates>-77.082223,-12.031694</coordinates>
          </Point>
        </Placemark>
        <Placemark>
          <name>-98</name>
          <description>
LAC: 38 CID: 5462:22 RNC: 0 PSC: 383
ACCURACY: 12
CHANGE_TYPE: GPS
TIMESTAMP: 26 may 2026 6:02:18 p.m.</description>
          <styleUrl>#style_40</styleUrl>
          <Point>
            <coordinates>-77.082127,-12.031624</coordinates>
          </Point>
        </Placemark>
        <Placemark>
          <name>-100</name>
          <description>
LAC: 38 CID: 5462:22 RNC: 0 PSC: 383
ACCURACY: 12
CHANGE_TYPE: GPS
TIMESTAMP: 26 may 2026 6:02:23 p.m.</description>
          <styleUrl>#style_40</styleUrl>
          <Point>
            <coordinates>-77.082058,-12.031611</coordinates>
          </Point>
        </Placemark>
        <Placemark>
          <name>-98</name>
          <description>
LAC: 38 CID: 5462:22 RNC: 0 PSC: 383
ACCURACY: 12
CHANGE_TYPE: GPS
TIMESTAMP: 26 may 2026 6:02:28 p.m.</description>
          <styleUrl>#style_40</styleUrl>
          <Point>
            <coordinates>-77.081989,-12.031597</coordinates>
          </Point>
        </Placemark>
        <Placemark>
          <name>-96</name>
          <description>
LAC: 38 CID: 5462:22 RNC: 0 PSC: 383
ACCURACY: 12
CHANGE_TYPE: GPS
TIMESTAMP: 26 may 2026 6:02:33 p.m.</description>
          <styleUrl>#style_50</styleUrl>
          <Point>
            <coordinates>-77.081934,-12.03158</coordinates>
          </Point>
        </Placemark>
        <Placemark>
          <name>-100</name>
          <description>
LAC: 38 CID: 5462:22 RNC: 0 PSC: 383
ACCURACY: 13
CHANGE_TYPE: GPS
TIMESTAMP: 26 may 2026 6:02:48 p.m.</description>
          <styleUrl>#style_40</styleUrl>
          <Point>
            <coordinates>-77.081856,-12.031586</coordinates>
          </Point>
        </Placemark>
        <Placemark>
          <name>-102</name>
          <description>
LAC: 38 CID: 5462:22 RNC: 0 PSC: 383
ACCURACY: 14
CHANGE_TYPE: GPS
TIMESTAMP: 26 may 2026 6:02:58 p.m.</description>
          <styleUrl>#style_40</styleUrl>
          <Point>
            <coordinates>-77.081809,-12.031616</coordinates>
          </Point>
        </Placemark>
        <Placemark>
          <name>-101</name>
          <description>
LAC: 38 CID: 5462:22 RNC: 0 PSC: 383
ACCURACY: 15
CHANGE_TYPE: GPS
TIMESTAMP: 26 may 2026 6:03:03 p.m.</description>
          <styleUrl>#style_40</styleUrl>
          <Point>
            <coordinates>-77.081763,-12.031607</coordinates>
          </Point>
        </Placemark>
        <Placemark>
          <name>-102</name>
          <description>
LAC: 38 CID: 5462:22 RNC: 0 PSC: 383
ACCURACY: 14
CHANGE_TYPE: GPS
TIMESTAMP: 26 may 2026 6:03:13 p.m.</description>
          <styleUrl>#style_40</styleUrl>
          <Point>
            <coordinates>-77.081679,-12.031633</coordinates>
          </Point>
        </Placemark>
        <Placemark>
          <name>-102</name>
          <description>
LAC: 38 CID: 5462:22 RNC: 0 PSC: 383
ACCURACY: 13
CHANGE_TYPE: GPS
TIMESTAMP: 26 may 2026 6:03:18 p.m.</description>
          <styleUrl>#style_40</styleUrl>
          <Point>
            <coordinates>-77.081643,-12.031681</coordinates>
          </Point>
        </Placemark>
        <Placemark>
          <name>-102</name>
          <description>
LAC: 38 CID: 5462:22 RNC: 0 PSC: 383
ACCURACY: 13
CHANGE_TYPE: GPS
TIMESTAMP: 26 may 2026 6:03:28 p.m.</description>
          <styleUrl>#style_40</styleUrl>
          <Point>
            <coordinates>-77.081595,-12.031726</coordinates>
          </Point>
        </Placemark>
        <Placemark>
          <name>-102</name>
          <description>
LAC: 38 CID: 5462:22 RNC: 0 PSC: 383
ACCURACY: 11
CHANGE_TYPE: GPS
TIMESTAMP: 26 may 2026 6:03:38 p.m.</description>
          <styleUrl>#style_40</styleUrl>
          <Point>
            <coordinates>-77.081506,-12.031689</coordinates>
          </Point>
        </Placemark>
        <Placemark>
          <name>-100</name>
          <description>
LAC: 38 CID: 5462:22 RNC: 0 PSC: 383
ACCURACY: 12
CHANGE_TYPE: GPS
TIMESTAMP: 26 may 2026 6:03:43 p.m.</description>
          <styleUrl>#style_40</styleUrl>
          <Point>
            <coordinates>-77.081435,-12.031674</coordinates>
          </Point>
        </Placemark>
        <Placemark>
          <name>-101</name>
          <description>
LAC: 38 CID: 5462:22 RNC: 0 PSC: 383
ACCURACY: 11
CHANGE_TYPE: GPS
TIMESTAMP: 26 may 2026 6:03:48 p.m.</description>
          <styleUrl>#style_40</styleUrl>
          <Point>
            <coordinates>-77.081372,-12.031658</coordinates>
          </Point>
        </Placemark>
        <Placemark>
          <name>-100</name>
          <description>
LAC: 38 CID: 5462:22 RNC: 0 PSC: 383
ACCURACY: 11
CHANGE_TYPE: GPS
TIMESTAMP: 26 may 2026 6:03:53 p.m.</description>
          <styleUrl>#style_40</styleUrl>
          <Point>
            <coordinates>-77.081308,-12.031651</coordinates>
          </Point>
        </Placemark>
        <Placemark>
          <name>-106</name>
          <description>
LAC: 38 CID: 5462:22 RNC: 0 PSC: 383
ACCURACY: 11
CHANGE_TYPE: GPS
TIMESTAMP: 26 may 2026 6:04:03 p.m.</description>
          <styleUrl>#style_40</styleUrl>
          <Point>
            <coordinates>-77.081245,-12.031687</coordinates>
          </Point>
        </Placemark>
        <Placemark>
          <name>-105</name>
          <description>
LAC: 38 CID: 5462:22 RNC: 0 PSC: 383
ACCURACY: 11
CHANGE_TYPE: GPS
TIMESTAMP: 26 may 2026 6:04:13 p.m.</description>
          <styleUrl>#style_40</styleUrl>
          <Point>
            <coordinates>-77.081269,-12.031771</coordinates>
          </Point>
        </Placemark>
        <Placemark>
          <name>-102</name>
          <description>
LAC: 38 CID: 5462:22 RNC: 0 PSC: 383
ACCURACY: 12
CHANGE_TYPE: GPS
TIMESTAMP: 26 may 2026 6:04:18 p.m.</description>
          <styleUrl>#style_40</styleUrl>
          <Point>
            <coordinates>-77.081288,-12.031824</coordinates>
          </Point>
        </Placemark>
        <Placemark>
          <name>-105</name>
          <description>
LAC: 38 CID: 5462:22 RNC: 0 PSC: 383
ACCURACY: 11
CHANGE_TYPE: GPS
TIMESTAMP: 26 may 2026 6:04:23 p.m.</description>
          <styleUrl>#style_40</styleUrl>
          <Point>
            <coordinates>-77.081315,-12.031866</coordinates>
          </Point>
        </Placemark>
        <Placemark>
          <name>-105</name>
          <description>
LAC: 38 CID: 5462:22 RNC: 0 PSC: 383
ACCURACY: 11
CHANGE_TYPE: GPS
TIMESTAMP: 26 may 2026 6:04:28 p.m.</description>
          <styleUrl>#style_40</styleUrl>
          <Point>
            <coordinates>-77.081372,-12.031895</coordinates>
          </Point>
        </Placemark>
        <Placemark>
          <name>-110</name>
          <description>
LAC: 38 CID: 5462:22 RNC: 0 PSC: 383
ACCURACY: 11
CHANGE_TYPE: GPS
TIMESTAMP: 26 may 2026 6:04:38 p.m.</description>
          <styleUrl>#style_30</styleUrl>
          <Point>
            <coordinates>-77.081439,-12.031936</coordinates>
          </Point>
        </Placemark>
      </Folder>
      <Folder>
        <open>0</open>
        <name>LAC: 38 CID: 5462:23 RNC: 0 PSC: 127</name>
        <Placemark>
          <name>38/1398295 LTE</name>
          <description>~18344 (yd), Provincia de Lima, Av. Pacasmayo 267, Lima 15079, Perú</description>
          <styleUrl>#style_cur</styleUrl>
          <Point>
            <coordinates>-77.04699,-12.04161</coordinates>
          </Point>
        </Placemark>
        <Placemark>
          <name>-98</name>
          <description>
LAC: 38 CID: 5462:23 RNC: 0 PSC: 127
ACCURACY: 10
CHANGE_TYPE: CELL
TIMESTAMP: 26 may 2026 5:36:45 p.m.</description>
          <styleUrl>#style_40</styleUrl>
          <Point>
            <coordinates>-77.085964,-12.030034</coordinates>
          </Point>
        </Placemark>
        <Placemark>
          <name>-101</name>
          <description>
LAC: 38 CID: 5462:23 RNC: 0 PSC: 127
ACCURACY: 10
CHANGE_TYPE: CELL
TIMESTAMP: 26 may 2026 5:37:02 p.m.</description>
          <styleUrl>#style_40</styleUrl>
          <Point>
            <coordinates>-77.085918,-12.029929</coordinates>
          </Point>
        </Placemark>
        <Placemark>
          <name>-1</name>
          <description>
LAC: 38 CID: 5462:23 RNC: 0 PSC: 127
ACCURACY: 10
CHANGE_TYPE: CELL
TIMESTAMP: 26 may 2026 5:37:14 p.m.</description>
          <styleUrl>#style_0</styleUrl>
          <Point>
            <coordinates>-77.085813,-12.029773</coordinates>
          </Point>
        </Placemark>
        <Placemark>
          <name>-99</name>
          <description>
LAC: 38 CID: 5462:23 RNC: 0 PSC: 127
ACCURACY: 10
CHANGE_TYPE: CELL
TIMESTAMP: 26 may 2026 5:37:26 p.m.</description>
          <styleUrl>#style_40</styleUrl>
          <Point>
            <coordinates>-77.085812,-12.029723</coordinates>
          </Point>
        </Placemark>
        <Placemark>
          <name>-100</name>
          <description>
LAC: 38 CID: 5462:23 RNC: 0 PSC: 127
ACCURACY: 10
CHANGE_TYPE: CELL
TIMESTAMP: 26 may 2026 5:37:35 p.m.</description>
          <styleUrl>#style_40</styleUrl>
          <Point>
            <coordinates>-77.085813,-12.029654</coordinates>
          </Point>
        </Placemark>
        <Placemark>
          <name>-98</name>
          <description>
LAC: 38 CID: 5462:23 RNC: 0 PSC: 127
ACCURACY: 10
CHANGE_TYPE: DBM
TIMESTAMP: 26 may 2026 5:36:45 p.m.</description>
          <styleUrl>#style_40</styleUrl>
          <Point>
            <coordinates>-77.085964,-12.030034</coordinates>
          </Point>
        </Placemark>
        <Placemark>
          <name>-101</name>
          <description>
LAC: 38 CID: 5462:23 RNC: 0 PSC: 127
ACCURACY: 10
CHANGE_TYPE: DBM
TIMESTAMP: 26 may 2026 5:36:47 p.m.</description>
          <styleUrl>#style_40</styleUrl>
          <Point>
            <coordinates>-77.085964,-12.030034</coordinates>
          </Point>
        </Placemark>
        <Placemark>
          <name>-101</name>
          <description>
LAC: 38 CID: 5462:23 RNC: 0 PSC: 127
ACCURACY: 10
CHANGE_TYPE: DBM
TIMESTAMP: 26 may 2026 5:36:48 p.m.</description>
          <styleUrl>#style_40</styleUrl>
          <Point>
            <coordinates>-77.085964,-12.030034</coordinates>
          </Point>
        </Placemark>
        <Placemark>
          <name>-100</name>
          <description>
LAC: 38 CID: 5462:23 RNC: 0 PSC: 127
ACCURACY: 10
CHANGE_TYPE: DBM
TIMESTAMP: 26 may 2026 5:36:49 p.m.</description>
          <styleUrl>#style_40</styleUrl>
          <Point>
            <coordinates>-77.085936,-12.029974</coordinates>
          </Point>
        </Placemark>
        <Placemark>
          <name>-102</name>
          <description>
LAC: 38 CID: 5462:23 RNC: 0 PSC: 127
ACCURACY: 10
CHANGE_TYPE: DBM
TIMESTAMP: 26 may 2026 5:36:51 p.m.</description>
          <styleUrl>#style_40</styleUrl>
          <Point>
            <coordinates>-77.085936,-12.029974</coordinates>
          </Point>
        </Placemark>
        <Placemark>
          <name>-102</name>
          <description>
LAC: 38 CID: 5462:23 RNC: 0 PSC: 127
ACCURACY: 10
CHANGE_TYPE: DBM
TIMESTAMP: 26 may 2026 5:36:52 p.m.</description>
          <styleUrl>#style_40</styleUrl>
          <Point>
            <coordinates>-77.085936,-12.029974</coordinates>
          </Point>
        </Placemark>
        <Placemark>
          <name>-103</name>
          <description>
LAC: 38 CID: 5462:23 RNC: 0 PSC: 127
ACCURACY: 10
CHANGE_TYPE: DBM
TIMESTAMP: 26 may 2026 5:36:53 p.m.</description>
          <styleUrl>#style_40</styleUrl>
          <Point>
            <coordinates>-77.085936,-12.029974</coordinates>
          </Point>
        </Placemark>
        <Placemark>
          <name>-103</name>
          <description>
LAC: 38 CID: 5462:23 RNC: 0 PSC: 127
ACCURACY: 10
CHANGE_TYPE: DBM
TIMESTAMP: 26 may 2026 5:36:54 p.m.</description>
          <styleUrl>#style_40</styleUrl>
          <Point>
            <coordinates>-77.085918,-12.029929</coordinates>
          </Point>
        </Placemark>
        <Placemark>
          <name>-101</name>
          <description>
LAC: 38 CID: 5462:23 RNC: 0 PSC: 127
ACCURACY: 10
CHANGE_TYPE: DBM
TIMESTAMP: 26 may 2026 5:37:02 p.m.</description>
          <styleUrl>#style_40</styleUrl>
          <Point>
            <coordinates>-77.085918,-12.029929</coordinates>
          </Point>
        </Placemark>
        <Placemark>
          <name>-101</name>
          <description>
LAC: 38 CID: 5462:23 RNC: 0 PSC: 127
ACCURACY: 10
CHANGE_TYPE: DBM
TIMESTAMP: 26 may 2026 5:37:03 p.m.</description>
          <styleUrl>#style_40</styleUrl>
          <Point>
            <coordinates>-77.085918,-12.029929</coordinates>
          </Point>
        </Placemark>
        <Placemark>
          <name>-104</name>
          <description>
LAC: 38 CID: 5462:23 RNC: 0 PSC: 127
ACCURACY: 10
CHANGE_TYPE: DBM
TIMESTAMP: 26 may 2026 5:37:04 p.m.</description>
          <styleUrl>#style_40</styleUrl>
          <Point>
            <coordinates>-77.085876,-12.029854</coordinates>
          </Point>
        </Placemark>
        <Placemark>
          <name>-104</name>
          <description>
LAC: 38 CID: 5462:23 RNC: 0 PSC: 127
ACCURACY: 10
CHANGE_TYPE: DBM
TIMESTAMP: 26 may 2026 5:37:05 p.m.</description>
          <styleUrl>#style_40</styleUrl>
          <Point>
            <coordinates>-77.085876,-12.029854</coordinates>
          </Point>
        </Placemark>
        <Placemark>
          <name>-1</name>
          <description>
LAC: 38 CID: 5462:23 RNC: 0 PSC: 127
ACCURACY: 10
CHANGE_TYPE: DBM
TIMESTAMP: 26 may 2026 5:37:06 p.m.</description>
          <styleUrl>#style_0</styleUrl>
          <Point>
            <coordinates>-77.085876,-12.029854</coordinates>
          </Point>
        </Placemark>
        <Placemark>
          <name>-1</name>
          <description>
LAC: 38 CID: 5462:23 RNC: 0 PSC: 127
ACCURACY: 10
CHANGE_TYPE: DBM
TIMESTAMP: 26 may 2026 5:37:07 p.m.</description>
          <styleUrl>#style_0</styleUrl>
          <Point>
            <coordinates>-77.085876,-12.029854</coordinates>
          </Point>
        </Placemark>
        <Placemark>
          <name>-1</name>
          <description>
LAC: 38 CID: 5462:23 RNC: 0 PSC: 127
ACCURACY: 10
CHANGE_TYPE: DBM
TIMESTAMP: 26 may 2026 5:37:14 p.m.</description>
          <styleUrl>#style_0</styleUrl>
          <Point>
            <coordinates>-77.085813,-12.029773</coordinates>
          </Point>
        </Placemark>
        <Placemark>
          <name>-1</name>
          <description>
LAC: 38 CID: 5462:23 RNC: 0 PSC: 127
ACCURACY: 10
CHANGE_TYPE: DBM
TIMESTAMP: 26 may 2026 5:37:15 p.m.</description>
          <styleUrl>#style_0</styleUrl>
          <Point>
            <coordinates>-77.085813,-12.029773</coordinates>
          </Point>
        </Placemark>
        <Placemark>
          <name>-104</name>
          <description>
LAC: 38 CID: 5462:23 RNC: 0 PSC: 127
ACCURACY: 10
CHANGE_TYPE: DBM
TIMESTAMP: 26 may 2026 5:37:16 p.m.</description>
          <styleUrl>#style_40</styleUrl>
          <Point>
            <coordinates>-77.085813,-12.029773</coordinates>
          </Point>
        </Placemark>
        <Placemark>
          <name>-104</name>
          <description>
LAC: 38 CID: 5462:23 RNC: 0 PSC: 127
ACCURACY: 10
CHANGE_TYPE: DBM
TIMESTAMP: 26 may 2026 5:37:17 p.m.</description>
          <styleUrl>#style_40</styleUrl>
          <Point>
            <coordinates>-77.085813,-12.029773</coordinates>
          </Point>
        </Placemark>
        <Placemark>
          <name>-99</name>
          <description>
LAC: 38 CID: 5462:23 RNC: 0 PSC: 127
ACCURACY: 10
CHANGE_TYPE: DBM
TIMESTAMP: 26 may 2026 5:37:26 p.m.</description>
          <styleUrl>#style_40</styleUrl>
          <Point>
            <coordinates>-77.085812,-12.029723</coordinates>
          </Point>
        </Placemark>
        <Placemark>
          <name>-99</name>
          <description>
LAC: 38 CID: 5462:23 RNC: 0 PSC: 127
ACCURACY: 10
CHANGE_TYPE: DBM
TIMESTAMP: 26 may 2026 5:37:27 p.m.</description>
          <styleUrl>#style_40</styleUrl>
          <Point>
            <coordinates>-77.085812,-12.029723</coordinates>
          </Point>
        </Placemark>
        <Placemark>
          <name>-102</name>
          <description>
LAC: 38 CID: 5462:23 RNC: 0 PSC: 127
ACCURACY: 10
CHANGE_TYPE: DBM
TIMESTAMP: 26 may 2026 5:37:28 p.m.</description>
          <styleUrl>#style_40</styleUrl>
          <Point>
            <coordinates>-77.085812,-12.029723</coordinates>
          </Point>
        </Placemark>
        <Placemark>
          <name>-102</name>
          <description>
LAC: 38 CID: 5462:23 RNC: 0 PSC: 127
ACCURACY: 10
CHANGE_TYPE: DBM
TIMESTAMP: 26 may 2026 5:37:29 p.m.</description>
          <styleUrl>#style_40</styleUrl>
          <Point>
            <coordinates>-77.085812,-12.029723</coordinates>
          </Point>
        </Placemark>
        <Placemark>
          <name>-100</name>
          <description>
LAC: 38 CID: 5462:23 RNC: 0 PSC: 127
ACCURACY: 10
CHANGE_TYPE: DBM
TIMESTAMP: 26 may 2026 5:37:35 p.m.</description>
          <styleUrl>#style_40</styleUrl>
          <Point>
            <coordinates>-77.085813,-12.029654</coordinates>
          </Point>
        </Placemark>
        <Placemark>
          <name>-100</name>
          <description>
LAC: 38 CID: 5462:23 RNC: 0 PSC: 127
ACCURACY: 10
CHANGE_TYPE: DBM
TIMESTAMP: 26 may 2026 5:37:36 p.m.</description>
          <styleUrl>#style_40</styleUrl>
          <Point>
            <coordinates>-77.085813,-12.029654</coordinates>
          </Point>
        </Placemark>
        <Placemark>
          <name>-101</name>
          <description>
LAC: 38 CID: 5462:23 RNC: 0 PSC: 127
ACCURACY: 10
CHANGE_TYPE: DBM
TIMESTAMP: 26 may 2026 5:37:37 p.m.</description>
          <styleUrl>#style_40</styleUrl>
          <Point>
            <coordinates>-77.085813,-12.029654</coordinates>
          </Point>
        </Placemark>
        <Placemark>
          <name>-101</name>
          <description>
LAC: 38 CID: 5462:23 RNC: 0 PSC: 127
ACCURACY: 10
CHANGE_TYPE: DBM
TIMESTAMP: 26 may 2026 5:37:38 p.m.</description>
          <styleUrl>#style_40</styleUrl>
          <Point>
            <coordinates>-77.085813,-12.029654</coordinates>
          </Point>
        </Placemark>
        <Placemark>
          <name>-101</name>
          <description>
LAC: 38 CID: 5462:23 RNC: 0 PSC: 127
ACCURACY: 10
CHANGE_TYPE: DBM
TIMESTAMP: 26 may 2026 5:37:39 p.m.</description>
          <styleUrl>#style_40</styleUrl>
          <Point>
            <coordinates>-77.085813,-12.029654</coordinates>
          </Point>
        </Placemark>
        <Placemark>
          <name>-101</name>
          <description>
LAC: 38 CID: 5462:23 RNC: 0 PSC: 127
ACCURACY: 10
CHANGE_TYPE: DBM
TIMESTAMP: 26 may 2026 5:37:40 p.m.</description>
          <styleUrl>#style_40</styleUrl>
          <Point>
            <coordinates>-77.085813,-12.029654</coordinates>
          </Point>
        </Placemark>
        <Placemark>
          <name>-102</name>
          <description>
LAC: 38 CID: 5462:23 RNC: 0 PSC: 127
ACCURACY: 10
CHANGE_TYPE: DBM
TIMESTAMP: 26 may 2026 5:37:41 p.m.</description>
          <styleUrl>#style_40</styleUrl>
          <Point>
            <coordinates>-77.085813,-12.029654</coordinates>
          </Point>
        </Placemark>
        <Placemark>
          <name>-102</name>
          <description>
LAC: 38 CID: 5462:23 RNC: 0 PSC: 127
ACCURACY: 10
CHANGE_TYPE: DBM
TIMESTAMP: 26 may 2026 5:37:42 p.m.</description>
          <styleUrl>#style_40</styleUrl>
          <Point>
            <coordinates>-77.085813,-12.029654</coordinates>
          </Point>
        </Placemark>
        <Placemark>
          <name>-103</name>
          <description>
LAC: 38 CID: 5462:23 RNC: 0 PSC: 127
ACCURACY: 10
CHANGE_TYPE: DBM
TIMESTAMP: 26 may 2026 5:37:43 p.m.</description>
          <styleUrl>#style_40</styleUrl>
          <Point>
            <coordinates>-77.085813,-12.029654</coordinates>
          </Point>
        </Placemark>
        <Placemark>
          <name>-103</name>
          <description>
LAC: 38 CID: 5462:23 RNC: 0 PSC: 127
ACCURACY: 10
CHANGE_TYPE: DBM
TIMESTAMP: 26 may 2026 5:37:44 p.m.</description>
          <styleUrl>#style_40</styleUrl>
          <Point>
            <coordinates>-77.085814,-12.029584</coordinates>
          </Point>
        </Placemark>
        <Placemark>
          <name>-103</name>
          <description>
LAC: 38 CID: 5462:23 RNC: 0 PSC: 127
ACCURACY: 10
CHANGE_TYPE: DBM
TIMESTAMP: 26 may 2026 5:37:45 p.m.</description>
          <styleUrl>#style_40</styleUrl>
          <Point>
            <coordinates>-77.085814,-12.029584</coordinates>
          </Point>
        </Placemark>
        <Placemark>
          <name>-103</name>
          <description>
LAC: 38 CID: 5462:23 RNC: 0 PSC: 127
ACCURACY: 10
CHANGE_TYPE: DBM
TIMESTAMP: 26 may 2026 5:37:46 p.m.</description>
          <styleUrl>#style_40</styleUrl>
          <Point>
            <coordinates>-77.085814,-12.029584</coordinates>
          </Point>
        </Placemark>
        <Placemark>
          <name>-102</name>
          <description>
LAC: 38 CID: 5462:23 RNC: 0 PSC: 127
ACCURACY: 10
CHANGE_TYPE: DBM
TIMESTAMP: 26 may 2026 5:37:47 p.m.</description>
          <styleUrl>#style_40</styleUrl>
          <Point>
            <coordinates>-77.085814,-12.029584</coordinates>
          </Point>
        </Placemark>
        <Placemark>
          <name>-101</name>
          <description>
LAC: 38 CID: 5462:23 RNC: 0 PSC: 127
ACCURACY: 10
CHANGE_TYPE: DBM
TIMESTAMP: 26 may 2026 5:37:49 p.m.</description>
          <styleUrl>#style_40</styleUrl>
          <Point>
            <coordinates>-77.085814,-12.029584</coordinates>
          </Point>
        </Placemark>
        <Placemark>
          <name>-101</name>
          <description>
LAC: 38 CID: 5462:23 RNC: 0 PSC: 127
ACCURACY: 10
CHANGE_TYPE: DBM
TIMESTAMP: 26 may 2026 5:37:50 p.m.</description>
          <styleUrl>#style_40</styleUrl>
          <Point>
            <coordinates>-77.085814,-12.029584</coordinates>
          </Point>
        </Placemark>
        <Placemark>
          <name>-101</name>
          <description>
LAC: 38 CID: 5462:23 RNC: 0 PSC: 127
ACCURACY: 10
CHANGE_TYPE: DBM
TIMESTAMP: 26 may 2026 5:37:52 p.m.</description>
          <styleUrl>#style_40</styleUrl>
          <Point>
            <coordinates>-77.085814,-12.029584</coordinates>
          </Point>
        </Placemark>
        <Placemark>
          <name>-100</name>
          <description>
LAC: 38 CID: 5462:23 RNC: 0 PSC: 127
ACCURACY: 10
CHANGE_TYPE: DBM
TIMESTAMP: 26 may 2026 5:37:53 p.m.</description>
          <styleUrl>#style_40</styleUrl>
          <Point>
            <coordinates>-77.085814,-12.029584</coordinates>
          </Point>
        </Placemark>
        <Placemark>
          <name>-100</name>
          <description>
LAC: 38 CID: 5462:23 RNC: 0 PSC: 127
ACCURACY: 11
CHANGE_TYPE: DBM
TIMESTAMP: 26 may 2026 5:37:54 p.m.</description>
          <styleUrl>#style_40</styleUrl>
          <Point>
            <coordinates>-77.085762,-12.029521</coordinates>
          </Point>
        </Placemark>
        <Placemark>
          <name>-104</name>
          <description>
LAC: 38 CID: 5462:23 RNC: 0 PSC: 127
ACCURACY: 11
CHANGE_TYPE: DBM
TIMESTAMP: 26 may 2026 5:37:55 p.m.</description>
          <styleUrl>#style_40</styleUrl>
          <Point>
            <coordinates>-77.085762,-12.029521</coordinates>
          </Point>
        </Placemark>
        <Placemark>
          <name>-104</name>
          <description>
LAC: 38 CID: 5462:23 RNC: 0 PSC: 127
ACCURACY: 11
CHANGE_TYPE: DBM
TIMESTAMP: 26 may 2026 5:37:56 p.m.</description>
          <styleUrl>#style_40</styleUrl>
          <Point>
            <coordinates>-77.085762,-12.029521</coordinates>
          </Point>
        </Placemark>
        <Placemark>
          <name>-103</name>
          <description>
LAC: 38 CID: 5462:23 RNC: 0 PSC: 127
ACCURACY: 11
CHANGE_TYPE: DBM
TIMESTAMP: 26 may 2026 5:37:57 p.m.</description>
          <styleUrl>#style_40</styleUrl>
          <Point>
            <coordinates>-77.085762,-12.029521</coordinates>
          </Point>
        </Placemark>
        <Placemark>
          <name>-103</name>
          <description>
LAC: 38 CID: 5462:23 RNC: 0 PSC: 127
ACCURACY: 11
CHANGE_TYPE: DBM
TIMESTAMP: 26 may 2026 5:37:58 p.m.</description>
          <styleUrl>#style_40</styleUrl>
          <Point>
            <coordinates>-77.085762,-12.029521</coordinates>
          </Point>
        </Placemark>
        <Placemark>
          <name>-102</name>
          <description>
LAC: 38 CID: 5462:23 RNC: 0 PSC: 127
ACCURACY: 11
CHANGE_TYPE: DBM
TIMESTAMP: 26 may 2026 5:37:59 p.m.</description>
          <styleUrl>#style_40</styleUrl>
          <Point>
            <coordinates>-77.085762,-12.029521</coordinates>
          </Point>
        </Placemark>
        <Placemark>
          <name>-102</name>
          <description>
LAC: 38 CID: 5462:23 RNC: 0 PSC: 127
ACCURACY: 11
CHANGE_TYPE: DBM
TIMESTAMP: 26 may 2026 5:38:00 p.m.</description>
          <styleUrl>#style_40</styleUrl>
          <Point>
            <coordinates>-77.085762,-12.029521</coordinates>
          </Point>
        </Placemark>
        <Placemark>
          <name>-102</name>
          <description>
LAC: 38 CID: 5462:23 RNC: 0 PSC: 127
ACCURACY: 11
CHANGE_TYPE: DBM
TIMESTAMP: 26 may 2026 5:38:01 p.m.</description>
          <styleUrl>#style_40</styleUrl>
          <Point>
            <coordinates>-77.085762,-12.029521</coordinates>
          </Point>
        </Placemark>
        <Placemark>
          <name>-102</name>
          <description>
LAC: 38 CID: 5462:23 RNC: 0 PSC: 127
ACCURACY: 11
CHANGE_TYPE: DBM
TIMESTAMP: 26 may 2026 5:38:02 p.m.</description>
          <styleUrl>#style_40</styleUrl>
          <Point>
            <coordinates>-77.085762,-12.029521</coordinates>
          </Point>
        </Placemark>
        <Placemark>
          <name>-97</name>
          <description>
LAC: 38 CID: 5462:23 RNC: 0 PSC: 127
ACCURACY: 11
CHANGE_TYPE: DBM
TIMESTAMP: 26 may 2026 5:38:03 p.m.</description>
          <styleUrl>#style_40</styleUrl>
          <Point>
            <coordinates>-77.085788,-12.029458</coordinates>
          </Point>
        </Placemark>
        <Placemark>
          <name>-97</name>
          <description>
LAC: 38 CID: 5462:23 RNC: 0 PSC: 127
ACCURACY: 11
CHANGE_TYPE: DBM
TIMESTAMP: 26 may 2026 5:38:05 p.m.</description>
          <styleUrl>#style_40</styleUrl>
          <Point>
            <coordinates>-77.085788,-12.029458</coordinates>
          </Point>
        </Placemark>
        <Placemark>
          <name>-99</name>
          <description>
LAC: 38 CID: 5462:23 RNC: 0 PSC: 127
ACCURACY: 11
CHANGE_TYPE: DBM
TIMESTAMP: 26 may 2026 5:38:06 p.m.</description>
          <styleUrl>#style_40</styleUrl>
          <Point>
            <coordinates>-77.085788,-12.029458</coordinates>
          </Point>
        </Placemark>
        <Placemark>
          <name>-102</name>
          <description>
LAC: 38 CID: 5462:23 RNC: 0 PSC: 127
ACCURACY: 11
CHANGE_TYPE: DBM
TIMESTAMP: 26 may 2026 5:38:08 p.m.</description>
          <styleUrl>#style_40</styleUrl>
          <Point>
            <coordinates>-77.085788,-12.029458</coordinates>
          </Point>
        </Placemark>
        <Placemark>
          <name>-103</name>
          <description>
LAC: 38 CID: 5462:23 RNC: 0 PSC: 127
ACCURACY: 11
CHANGE_TYPE: DBM
TIMESTAMP: 26 may 2026 5:38:10 p.m.</description>
          <styleUrl>#style_40</styleUrl>
          <Point>
            <coordinates>-77.085788,-12.029458</coordinates>
          </Point>
        </Placemark>
        <Placemark>
          <name>-103</name>
          <description>
LAC: 38 CID: 5462:23 RNC: 0 PSC: 127
ACCURACY: 11
CHANGE_TYPE: DBM
TIMESTAMP: 26 may 2026 5:38:12 p.m.</description>
          <styleUrl>#style_40</styleUrl>
          <Point>
            <coordinates>-77.085788,-12.029458</coordinates>
          </Point>
        </Placemark>
        <Placemark>
          <name>-103</name>
          <description>
LAC: 38 CID: 5462:23 RNC: 0 PSC: 127
ACCURACY: 11
CHANGE_TYPE: DBM
TIMESTAMP: 26 may 2026 5:38:13 p.m.</description>
          <styleUrl>#style_40</styleUrl>
          <Point>
            <coordinates>-77.085788,-12.029458</coordinates>
          </Point>
        </Placemark>
        <Placemark>
          <name>-102</name>
          <description>
LAC: 38 CID: 5462:23 RNC: 0 PSC: 127
ACCURACY: 11
CHANGE_TYPE: DBM
TIMESTAMP: 26 may 2026 5:38:14 p.m.</description>
          <styleUrl>#style_40</styleUrl>
          <Point>
            <coordinates>-77.085755,-12.029393</coordinates>
          </Point>
        </Placemark>
        <Placemark>
          <name>-102</name>
          <description>
LAC: 38 CID: 5462:23 RNC: 0 PSC: 127
ACCURACY: 11
CHANGE_TYPE: DBM
TIMESTAMP: 26 may 2026 5:38:15 p.m.</description>
          <styleUrl>#style_40</styleUrl>
          <Point>
            <coordinates>-77.085755,-12.029393</coordinates>
          </Point>
        </Placemark>
        <Placemark>
          <name>-102</name>
          <description>
LAC: 38 CID: 5462:23 RNC: 0 PSC: 127
ACCURACY: 11
CHANGE_TYPE: DBM
TIMESTAMP: 26 may 2026 5:38:16 p.m.</description>
          <styleUrl>#style_40</styleUrl>
          <Point>
            <coordinates>-77.085755,-12.029393</coordinates>
          </Point>
        </Placemark>
        <Placemark>
          <name>-102</name>
          <description>
LAC: 38 CID: 5462:23 RNC: 0 PSC: 127
ACCURACY: 11
CHANGE_TYPE: DBM
TIMESTAMP: 26 may 2026 5:38:17 p.m.</description>
          <styleUrl>#style_40</styleUrl>
          <Point>
            <coordinates>-77.085755,-12.029393</coordinates>
          </Point>
        </Placemark>
        <Placemark>
          <name>-102</name>
          <description>
LAC: 38 CID: 5462:23 RNC: 0 PSC: 127
ACCURACY: 11
CHANGE_TYPE: DBM
TIMESTAMP: 26 may 2026 5:38:18 p.m.</description>
          <styleUrl>#style_40</styleUrl>
          <Point>
            <coordinates>-77.085755,-12.029393</coordinates>
          </Point>
        </Placemark>
        <Placemark>
          <name>-102</name>
          <description>
LAC: 38 CID: 5462:23 RNC: 0 PSC: 127
ACCURACY: 11
CHANGE_TYPE: DBM
TIMESTAMP: 26 may 2026 5:38:19 p.m.</description>
          <styleUrl>#style_40</styleUrl>
          <Point>
            <coordinates>-77.085755,-12.029393</coordinates>
          </Point>
        </Placemark>
        <Placemark>
          <name>-100</name>
          <description>
LAC: 38 CID: 5462:23 RNC: 0 PSC: 127
ACCURACY: 11
CHANGE_TYPE: DBM
TIMESTAMP: 26 may 2026 5:38:20 p.m.</description>
          <styleUrl>#style_40</styleUrl>
          <Point>
            <coordinates>-77.085755,-12.029393</coordinates>
          </Point>
        </Placemark>
        <Placemark>
          <name>-100</name>
          <description>
LAC: 38 CID: 5462:23 RNC: 0 PSC: 127
ACCURACY: 11
CHANGE_TYPE: DBM
TIMESTAMP: 26 may 2026 5:38:21 p.m.</description>
          <styleUrl>#style_40</styleUrl>
          <Point>
            <coordinates>-77.085755,-12.029393</coordinates>
          </Point>
        </Placemark>
        <Placemark>
          <name>-104</name>
          <description>
LAC: 38 CID: 5462:23 RNC: 0 PSC: 127
ACCURACY: 11
CHANGE_TYPE: DBM
TIMESTAMP: 26 may 2026 5:38:22 p.m.</description>
          <styleUrl>#style_40</styleUrl>
          <Point>
            <coordinates>-77.085755,-12.029393</coordinates>
          </Point>
        </Placemark>
        <Placemark>
          <name>-104</name>
          <description>
LAC: 38 CID: 5462:23 RNC: 0 PSC: 127
ACCURACY: 11
CHANGE_TYPE: DBM
TIMESTAMP: 26 may 2026 5:38:23 p.m.</description>
          <styleUrl>#style_40</styleUrl>
          <Point>
            <coordinates>-77.085755,-12.029393</coordinates>
          </Point>
        </Placemark>
        <Placemark>
          <name>-101</name>
          <description>
LAC: 38 CID: 5462:23 RNC: 0 PSC: 127
ACCURACY: 11
CHANGE_TYPE: DBM
TIMESTAMP: 26 may 2026 5:38:24 p.m.</description>
          <styleUrl>#style_40</styleUrl>
          <Point>
            <coordinates>-77.08571,-12.029322</coordinates>
          </Point>
        </Placemark>
        <Placemark>
          <name>-101</name>
          <description>
LAC: 38 CID: 5462:23 RNC: 0 PSC: 127
ACCURACY: 11
CHANGE_TYPE: DBM
TIMESTAMP: 26 may 2026 5:38:25 p.m.</description>
          <styleUrl>#style_40</styleUrl>
          <Point>
            <coordinates>-77.08571,-12.029322</coordinates>
          </Point>
        </Placemark>
        <Placemark>
          <name>-102</name>
          <description>
LAC: 38 CID: 5462:23 RNC: 0 PSC: 127
ACCURACY: 11
CHANGE_TYPE: DBM
TIMESTAMP: 26 may 2026 5:38:26 p.m.</description>
          <styleUrl>#style_40</styleUrl>
          <Point>
            <coordinates>-77.08571,-12.029322</coordinates>
          </Point>
        </Placemark>
        <Placemark>
          <name>-102</name>
          <description>
LAC: 38 CID: 5462:23 RNC: 0 PSC: 127
ACCURACY: 11
CHANGE_TYPE: DBM
TIMESTAMP: 26 may 2026 5:38:27 p.m.</description>
          <styleUrl>#style_40</styleUrl>
          <Point>
            <coordinates>-77.08571,-12.029322</coordinates>
          </Point>
        </Placemark>
        <Placemark>
          <name>-102</name>
          <description>
LAC: 38 CID: 5462:23 RNC: 0 PSC: 127
ACCURACY: 11
CHANGE_TYPE: DBM
TIMESTAMP: 26 may 2026 5:38:28 p.m.</description>
          <styleUrl>#style_40</styleUrl>
          <Point>
            <coordinates>-77.08571,-12.029322</coordinates>
          </Point>
        </Placemark>
        <Placemark>
          <name>-102</name>
          <description>
LAC: 38 CID: 5462:23 RNC: 0 PSC: 127
ACCURACY: 11
CHANGE_TYPE: DBM
TIMESTAMP: 26 may 2026 5:38:29 p.m.</description>
          <styleUrl>#style_40</styleUrl>
          <Point>
            <coordinates>-77.085685,-12.029277</coordinates>
          </Point>
        </Placemark>
        <Placemark>
          <name>-101</name>
          <description>
LAC: 38 CID: 5462:23 RNC: 0 PSC: 127
ACCURACY: 11
CHANGE_TYPE: DBM
TIMESTAMP: 26 may 2026 5:38:30 p.m.</description>
          <styleUrl>#style_40</styleUrl>
          <Point>
            <coordinates>-77.085685,-12.029277</coordinates>
          </Point>
        </Placemark>
        <Placemark>
          <name>-101</name>
          <description>
LAC: 38 CID: 5462:23 RNC: 0 PSC: 127
ACCURACY: 11
CHANGE_TYPE: DBM
TIMESTAMP: 26 may 2026 5:38:31 p.m.</description>
          <styleUrl>#style_40</styleUrl>
          <Point>
            <coordinates>-77.085685,-12.029277</coordinates>
          </Point>
        </Placemark>
        <Placemark>
          <name>-102</name>
          <description>
LAC: 38 CID: 5462:23 RNC: 0 PSC: 127
ACCURACY: 11
CHANGE_TYPE: DBM
TIMESTAMP: 26 may 2026 5:38:32 p.m.</description>
          <styleUrl>#style_40</styleUrl>
          <Point>
            <coordinates>-77.085685,-12.029277</coordinates>
          </Point>
        </Placemark>
        <Placemark>
          <name>-102</name>
          <description>
LAC: 38 CID: 5462:23 RNC: 0 PSC: 127
ACCURACY: 11
CHANGE_TYPE: DBM
TIMESTAMP: 26 may 2026 5:38:33 p.m.</description>
          <styleUrl>#style_40</styleUrl>
          <Point>
            <coordinates>-77.085685,-12.029277</coordinates>
          </Point>
        </Placemark>
        <Placemark>
          <name>-102</name>
          <description>
LAC: 38 CID: 5462:23 RNC: 0 PSC: 127
ACCURACY: 11
CHANGE_TYPE: DBM
TIMESTAMP: 26 may 2026 5:38:34 p.m.</description>
          <styleUrl>#style_40</styleUrl>
          <Point>
            <coordinates>-77.085685,-12.029277</coordinates>
          </Point>
        </Placemark>
        <Placemark>
          <name>-102</name>
          <description>
LAC: 38 CID: 5462:23 RNC: 0 PSC: 127
ACCURACY: 11
CHANGE_TYPE: DBM
TIMESTAMP: 26 may 2026 5:38:37 p.m.</description>
          <styleUrl>#style_40</styleUrl>
          <Point>
            <coordinates>-77.085685,-12.029277</coordinates>
          </Point>
        </Placemark>
        <Placemark>
          <name>-102</name>
          <description>
LAC: 38 CID: 5462:23 RNC: 0 PSC: 127
ACCURACY: 11
CHANGE_TYPE: DBM
TIMESTAMP: 26 may 2026 5:38:38 p.m.</description>
          <styleUrl>#style_40</styleUrl>
          <Point>
            <coordinates>-77.085685,-12.029277</coordinates>
          </Point>
        </Placemark>
        <Placemark>
          <name>-99</name>
          <description>
LAC: 38 CID: 5462:23 RNC: 0 PSC: 127
ACCURACY: 11
CHANGE_TYPE: DBM
TIMESTAMP: 26 may 2026 5:38:39 p.m.</description>
          <styleUrl>#style_40</styleUrl>
          <Point>
            <coordinates>-77.08566,-12.029214</coordinates>
          </Point>
        </Placemark>
        <Placemark>
          <name>-100</name>
          <description>
LAC: 38 CID: 5462:23 RNC: 0 PSC: 127
ACCURACY: 11
CHANGE_TYPE: DBM
TIMESTAMP: 26 may 2026 5:38:41 p.m.</description>
          <styleUrl>#style_40</styleUrl>
          <Point>
            <coordinates>-77.08566,-12.029214</coordinates>
          </Point>
        </Placemark>
        <Placemark>
          <name>-100</name>
          <description>
LAC: 38 CID: 5462:23 RNC: 0 PSC: 127
ACCURACY: 11
CHANGE_TYPE: DBM
TIMESTAMP: 26 may 2026 5:38:42 p.m.</description>
          <styleUrl>#style_40</styleUrl>
          <Point>
            <coordinates>-77.08566,-12.029214</coordinates>
          </Point>
        </Placemark>
        <Placemark>
          <name>-99</name>
          <description>
LAC: 38 CID: 5462:23 RNC: 0 PSC: 127
ACCURACY: 11
CHANGE_TYPE: DBM
TIMESTAMP: 26 may 2026 5:38:43 p.m.</description>
          <styleUrl>#style_40</styleUrl>
          <Point>
            <coordinates>-77.08566,-12.029214</coordinates>
          </Point>
        </Placemark>
        <Placemark>
          <name>-99</name>
          <description>
LAC: 38 CID: 5462:23 RNC: 0 PSC: 127
ACCURACY: 11
CHANGE_TYPE: DBM
TIMESTAMP: 26 may 2026 5:38:44 p.m.</description>
          <styleUrl>#style_40</styleUrl>
          <Point>
            <coordinates>-77.085637,-12.029168</coordinates>
          </Point>
        </Placemark>
        <Placemark>
          <name>-95</name>
          <description>
LAC: 38 CID: 5462:23 RNC: 0 PSC: 127
ACCURACY: 11
CHANGE_TYPE: DBM
TIMESTAMP: 26 may 2026 5:38:45 p.m.</description>
          <styleUrl>#style_50</styleUrl>
          <Point>
            <coordinates>-77.085637,-12.029168</coordinates>
          </Point>
        </Placemark>
        <Placemark>
          <name>-97</name>
          <description>
LAC: 38 CID: 5462:23 RNC: 0 PSC: 127
ACCURACY: 11
CHANGE_TYPE: DBM
TIMESTAMP: 26 may 2026 5:38:47 p.m.</description>
          <styleUrl>#style_40</styleUrl>
          <Point>
            <coordinates>-77.085637,-12.029168</coordinates>
          </Point>
        </Placemark>
        <Placemark>
          <name>-94</name>
          <description>
LAC: 38 CID: 5462:23 RNC: 0 PSC: 127
ACCURACY: 11
CHANGE_TYPE: DBM
TIMESTAMP: 26 may 2026 5:38:49 p.m.</description>
          <styleUrl>#style_50</styleUrl>
          <Point>
            <coordinates>-77.085589,-12.02912</coordinates>
          </Point>
        </Placemark>
        <Placemark>
          <name>-94</name>
          <description>
LAC: 38 CID: 5462:23 RNC: 0 PSC: 127
ACCURACY: 11
CHANGE_TYPE: DBM
TIMESTAMP: 26 may 2026 5:38:51 p.m.</description>
          <styleUrl>#style_50</styleUrl>
          <Point>
            <coordinates>-77.085589,-12.02912</coordinates>
          </Point>
        </Placemark>
        <Placemark>
          <name>-94</name>
          <description>
LAC: 38 CID: 5462:23 RNC: 0 PSC: 127
ACCURACY: 11
CHANGE_TYPE: DBM
TIMESTAMP: 26 may 2026 5:38:52 p.m.</description>
          <styleUrl>#style_50</styleUrl>
          <Point>
            <coordinates>-77.085589,-12.02912</coordinates>
          </Point>
        </Placemark>
        <Placemark>
          <name>-92</name>
          <description>
LAC: 38 CID: 5462:23 RNC: 0 PSC: 127
ACCURACY: 11
CHANGE_TYPE: DBM
TIMESTAMP: 26 may 2026 5:38:53 p.m.</description>
          <styleUrl>#style_50</styleUrl>
          <Point>
            <coordinates>-77.085589,-12.02912</coordinates>
          </Point>
        </Placemark>
        <Placemark>
          <name>-94</name>
          <description>
LAC: 38 CID: 5462:23 RNC: 0 PSC: 127
ACCURACY: 12
CHANGE_TYPE: DBM
TIMESTAMP: 26 may 2026 5:38:55 p.m.</description>
          <styleUrl>#style_50</styleUrl>
          <Point>
            <coordinates>-77.085571,-12.029076</coordinates>
          </Point>
        </Placemark>
        <Placemark>
          <name>-94</name>
          <description>
LAC: 38 CID: 5462:23 RNC: 0 PSC: 127
ACCURACY: 12
CHANGE_TYPE: DBM
TIMESTAMP: 26 may 2026 5:38:57 p.m.</description>
          <styleUrl>#style_50</styleUrl>
          <Point>
            <coordinates>-77.085571,-12.029076</coordinates>
          </Point>
        </Placemark>
        <Placemark>
          <name>-94</name>
          <description>
LAC: 38 CID: 5462:23 RNC: 0 PSC: 127
ACCURACY: 12
CHANGE_TYPE: DBM
TIMESTAMP: 26 may 2026 5:38:58 p.m.</description>
          <styleUrl>#style_50</styleUrl>
          <Point>
            <coordinates>-77.085571,-12.029076</coordinates>
          </Point>
        </Placemark>
        <Placemark>
          <name>-92</name>
          <description>
LAC: 38 CID: 5462:23 RNC: 0 PSC: 127
ACCURACY: 12
CHANGE_TYPE: DBM
TIMESTAMP: 26 may 2026 5:38:59 p.m.</description>
          <styleUrl>#style_50</styleUrl>
          <Point>
            <coordinates>-77.085571,-12.029076</coordinates>
          </Point>
        </Placemark>
        <Placemark>
          <name>-92</name>
          <description>
LAC: 38 CID: 5462:23 RNC: 0 PSC: 127
ACCURACY: 12
CHANGE_TYPE: DBM
TIMESTAMP: 26 may 2026 5:39:00 p.m.</description>
          <styleUrl>#style_50</styleUrl>
          <Point>
            <coordinates>-77.085571,-12.029076</coordinates>
          </Point>
        </Placemark>
        <Placemark>
          <name>-89</name>
          <description>
LAC: 38 CID: 5462:23 RNC: 0 PSC: 127
ACCURACY: 12
CHANGE_TYPE: DBM
TIMESTAMP: 26 may 2026 5:39:01 p.m.</description>
          <styleUrl>#style_50</styleUrl>
          <Point>
            <coordinates>-77.085571,-12.029076</coordinates>
          </Point>
        </Placemark>
        <Placemark>
          <name>-89</name>
          <description>
LAC: 38 CID: 5462:23 RNC: 0 PSC: 127
ACCURACY: 12
CHANGE_TYPE: DBM
TIMESTAMP: 26 may 2026 5:39:02 p.m.</description>
          <styleUrl>#style_50</styleUrl>
          <Point>
            <coordinates>-77.085571,-12.029076</coordinates>
          </Point>
        </Placemark>
        <Placemark>
          <name>-91</name>
          <description>
LAC: 38 CID: 5462:23 RNC: 0 PSC: 127
ACCURACY: 12
CHANGE_TYPE: DBM
TIMESTAMP: 26 may 2026 5:39:03 p.m.</description>
          <styleUrl>#style_50</styleUrl>
          <Point>
            <coordinates>-77.085571,-12.029076</coordinates>
          </Point>
        </Placemark>
        <Placemark>
          <name>-88</name>
          <description>
LAC: 38 CID: 5462:23 RNC: 0 PSC: 127
ACCURACY: 11
CHANGE_TYPE: DBM
TIMESTAMP: 26 may 2026 5:39:05 p.m.</description>
          <styleUrl>#style_50</styleUrl>
          <Point>
            <coordinates>-77.085551,-12.028993</coordinates>
          </Point>
        </Placemark>
        <Placemark>
          <name>-88</name>
          <description>
LAC: 38 CID: 5462:23 RNC: 0 PSC: 127
ACCURACY: 11
CHANGE_TYPE: DBM
TIMESTAMP: 26 may 2026 5:39:06 p.m.</description>
          <styleUrl>#style_50</styleUrl>
          <Point>
            <coordinates>-77.085551,-12.028993</coordinates>
          </Point>
        </Placemark>
        <Placemark>
          <name>-91</name>
          <description>
LAC: 38 CID: 5462:23 RNC: 0 PSC: 127
ACCURACY: 11
CHANGE_TYPE: DBM
TIMESTAMP: 26 may 2026 5:39:07 p.m.</description>
          <styleUrl>#style_50</styleUrl>
          <Point>
            <coordinates>-77.085551,-12.028993</coordinates>
          </Point>
        </Placemark>
        <Placemark>
          <name>-91</name>
          <description>
LAC: 38 CID: 5462:23 RNC: 0 PSC: 127
ACCURACY: 11
CHANGE_TYPE: DBM
TIMESTAMP: 26 may 2026 5:39:08 p.m.</description>
          <styleUrl>#style_50</styleUrl>
          <Point>
            <coordinates>-77.085551,-12.028993</coordinates>
          </Point>
        </Placemark>
        <Placemark>
          <name>-89</name>
          <description>
LAC: 38 CID: 5462:23 RNC: 0 PSC: 127
ACCURACY: 11
CHANGE_TYPE: DBM
TIMESTAMP: 26 may 2026 5:39:09 p.m.</description>
          <styleUrl>#style_50</styleUrl>
          <Point>
            <coordinates>-77.085551,-12.028993</coordinates>
          </Point>
        </Placemark>
        <Placemark>
          <name>-89</name>
          <description>
LAC: 38 CID: 5462:23 RNC: 0 PSC: 127
ACCURACY: 11
CHANGE_TYPE: DBM
TIMESTAMP: 26 may 2026 5:39:11 p.m.</description>
          <styleUrl>#style_50</styleUrl>
          <Point>
            <coordinates>-77.085551,-12.028993</coordinates>
          </Point>
        </Placemark>
        <Placemark>
          <name>-88</name>
          <description>
LAC: 38 CID: 5462:23 RNC: 0 PSC: 127
ACCURACY: 11
CHANGE_TYPE: DBM
TIMESTAMP: 26 may 2026 5:39:12 p.m.</description>
          <styleUrl>#style_50</styleUrl>
          <Point>
            <coordinates>-77.085551,-12.028993</coordinates>
          </Point>
        </Placemark>
        <Placemark>
          <name>-88</name>
          <description>
LAC: 38 CID: 5462:23 RNC: 0 PSC: 127
ACCURACY: 11
CHANGE_TYPE: DBM
TIMESTAMP: 26 may 2026 5:39:13 p.m.</description>
          <styleUrl>#style_50</styleUrl>
          <Point>
            <coordinates>-77.085551,-12.028993</coordinates>
          </Point>
        </Placemark>
        <Placemark>
          <name>-85</name>
          <description>
LAC: 38 CID: 5462:23 RNC: 0 PSC: 127
ACCURACY: 11
CHANGE_TYPE: DBM
TIMESTAMP: 26 may 2026 5:39:14 p.m.</description>
          <styleUrl>#style_60</styleUrl>
          <Point>
            <coordinates>-77.085537,-12.028929</coordinates>
          </Point>
        </Placemark>
        <Placemark>
          <name>-85</name>
          <description>
LAC: 38 CID: 5462:23 RNC: 0 PSC: 127
ACCURACY: 11
CHANGE_TYPE: DBM
TIMESTAMP: 26 may 2026 5:39:15 p.m.</description>
          <styleUrl>#style_60</styleUrl>
          <Point>
            <coordinates>-77.085537,-12.028929</coordinates>
          </Point>
        </Placemark>
        <Placemark>
          <name>-77</name>
          <description>
LAC: 38 CID: 5462:23 RNC: 0 PSC: 127
ACCURACY: 11
CHANGE_TYPE: DBM
TIMESTAMP: 26 may 2026 5:39:16 p.m.</description>
          <styleUrl>#style_60</styleUrl>
          <Point>
            <coordinates>-77.085537,-12.028929</coordinates>
          </Point>
        </Placemark>
        <Placemark>
          <name>-77</name>
          <description>
LAC: 38 CID: 5462:23 RNC: 0 PSC: 127
ACCURACY: 11
CHANGE_TYPE: DBM
TIMESTAMP: 26 may 2026 5:39:17 p.m.</description>
          <styleUrl>#style_60</styleUrl>
          <Point>
            <coordinates>-77.085537,-12.028929</coordinates>
          </Point>
        </Placemark>
        <Placemark>
          <name>-75</name>
          <description>
LAC: 38 CID: 5462:23 RNC: 0 PSC: 127
ACCURACY: 11
CHANGE_TYPE: DBM
TIMESTAMP: 26 may 2026 5:39:18 p.m.</description>
          <styleUrl>#style_70</styleUrl>
          <Point>
            <coordinates>-77.085537,-12.028929</coordinates>
          </Point>
        </Placemark>
        <Placemark>
          <name>-75</name>
          <description>
LAC: 38 CID: 5462:23 RNC: 0 PSC: 127
ACCURACY: 11
CHANGE_TYPE: DBM
TIMESTAMP: 26 may 2026 5:39:19 p.m.</description>
          <styleUrl>#style_70</styleUrl>
          <Point>
            <coordinates>-77.085487,-12.028915</coordinates>
          </Point>
        </Placemark>
        <Placemark>
          <name>-77</name>
          <description>
LAC: 38 CID: 5462:23 RNC: 0 PSC: 127
ACCURACY: 11
CHANGE_TYPE: DBM
TIMESTAMP: 26 may 2026 5:39:20 p.m.</description>
          <styleUrl>#style_60</styleUrl>
          <Point>
            <coordinates>-77.085487,-12.028915</coordinates>
          </Point>
        </Placemark>
        <Placemark>
          <name>-77</name>
          <description>
LAC: 38 CID: 5462:23 RNC: 0 PSC: 127
ACCURACY: 11
CHANGE_TYPE: DBM
TIMESTAMP: 26 may 2026 5:39:21 p.m.</description>
          <styleUrl>#style_60</styleUrl>
          <Point>
            <coordinates>-77.085487,-12.028915</coordinates>
          </Point>
        </Placemark>
        <Placemark>
          <name>-79</name>
          <description>
LAC: 38 CID: 5462:23 RNC: 0 PSC: 127
ACCURACY: 11
CHANGE_TYPE: DBM
TIMESTAMP: 26 may 2026 5:39:22 p.m.</description>
          <styleUrl>#style_60</styleUrl>
          <Point>
            <coordinates>-77.085487,-12.028915</coordinates>
          </Point>
        </Placemark>
        <Placemark>
          <name>-79</name>
          <description>
LAC: 38 CID: 5462:23 RNC: 0 PSC: 127
ACCURACY: 11
CHANGE_TYPE: DBM
TIMESTAMP: 26 may 2026 5:39:23 p.m.</description>
          <styleUrl>#style_60</styleUrl>
          <Point>
            <coordinates>-77.085487,-12.028915</coordinates>
          </Point>
        </Placemark>
        <Placemark>
          <name>-79</name>
          <description>
LAC: 38 CID: 5462:23 RNC: 0 PSC: 127
ACCURACY: 12
CHANGE_TYPE: DBM
TIMESTAMP: 26 may 2026 5:39:24 p.m.</description>
          <styleUrl>#style_60</styleUrl>
          <Point>
            <coordinates>-77.085402,-12.028918</coordinates>
          </Point>
        </Placemark>
        <Placemark>
          <name>-79</name>
          <description>
LAC: 38 CID: 5462:23 RNC: 0 PSC: 127
ACCURACY: 12
CHANGE_TYPE: DBM
TIMESTAMP: 26 may 2026 5:39:25 p.m.</description>
          <styleUrl>#style_60</styleUrl>
          <Point>
            <coordinates>-77.085402,-12.028918</coordinates>
          </Point>
        </Placemark>
        <Placemark>
          <name>-76</name>
          <description>
LAC: 38 CID: 5462:23 RNC: 0 PSC: 127
ACCURACY: 12
CHANGE_TYPE: DBM
TIMESTAMP: 26 may 2026 5:39:26 p.m.</description>
          <styleUrl>#style_70</styleUrl>
          <Point>
            <coordinates>-77.085402,-12.028918</coordinates>
          </Point>
        </Placemark>
        <Placemark>
          <name>-74</name>
          <description>
LAC: 38 CID: 5462:23 RNC: 0 PSC: 127
ACCURACY: 12
CHANGE_TYPE: DBM
TIMESTAMP: 26 may 2026 5:39:28 p.m.</description>
          <styleUrl>#style_70</styleUrl>
          <Point>
            <coordinates>-77.085402,-12.028918</coordinates>
          </Point>
        </Placemark>
        <Placemark>
          <name>-74</name>
          <description>
LAC: 38 CID: 5462:23 RNC: 0 PSC: 127
ACCURACY: 12
CHANGE_TYPE: DBM
TIMESTAMP: 26 may 2026 5:39:29 p.m.</description>
          <styleUrl>#style_70</styleUrl>
          <Point>
            <coordinates>-77.085332,-12.028909</coordinates>
          </Point>
        </Placemark>
        <Placemark>
          <name>-77</name>
          <description>
LAC: 38 CID: 5462:23 RNC: 0 PSC: 127
ACCURACY: 12
CHANGE_TYPE: DBM
TIMESTAMP: 26 may 2026 5:39:30 p.m.</description>
          <styleUrl>#style_60</styleUrl>
          <Point>
            <coordinates>-77.085332,-12.028909</coordinates>
          </Point>
        </Placemark>
        <Placemark>
          <name>-77</name>
          <description>
LAC: 38 CID: 5462:23 RNC: 0 PSC: 127
ACCURACY: 12
CHANGE_TYPE: DBM
TIMESTAMP: 26 may 2026 5:39:31 p.m.</description>
          <styleUrl>#style_60</styleUrl>
          <Point>
            <coordinates>-77.085332,-12.028909</coordinates>
          </Point>
        </Placemark>
        <Placemark>
          <name>-76</name>
          <description>
LAC: 38 CID: 5462:23 RNC: 0 PSC: 127
ACCURACY: 12
CHANGE_TYPE: DBM
TIMESTAMP: 26 may 2026 5:39:32 p.m.</description>
          <styleUrl>#style_70</styleUrl>
          <Point>
            <coordinates>-77.085332,-12.028909</coordinates>
          </Point>
        </Placemark>
        <Placemark>
          <name>-76</name>
          <description>
LAC: 38 CID: 5462:23 RNC: 0 PSC: 127
ACCURACY: 12
CHANGE_TYPE: DBM
TIMESTAMP: 26 may 2026 5:39:33 p.m.</description>
          <styleUrl>#style_70</styleUrl>
          <Point>
            <coordinates>-77.085332,-12.028909</coordinates>
          </Point>
        </Placemark>
        <Placemark>
          <name>-77</name>
          <description>
LAC: 38 CID: 5462:23 RNC: 0 PSC: 127
ACCURACY: 11
CHANGE_TYPE: DBM
TIMESTAMP: 26 may 2026 5:39:34 p.m.</description>
          <styleUrl>#style_60</styleUrl>
          <Point>
            <coordinates>-77.085282,-12.0289</coordinates>
          </Point>
        </Placemark>
        <Placemark>
          <name>-77</name>
          <description>
LAC: 38 CID: 5462:23 RNC: 0 PSC: 127
ACCURACY: 11
CHANGE_TYPE: DBM
TIMESTAMP: 26 may 2026 5:39:35 p.m.</description>
          <styleUrl>#style_60</styleUrl>
          <Point>
            <coordinates>-77.085282,-12.0289</coordinates>
          </Point>
        </Placemark>
        <Placemark>
          <name>-76</name>
          <description>
LAC: 38 CID: 5462:23 RNC: 0 PSC: 127
ACCURACY: 11
CHANGE_TYPE: DBM
TIMESTAMP: 26 may 2026 5:39:36 p.m.</description>
          <styleUrl>#style_70</styleUrl>
          <Point>
            <coordinates>-77.085282,-12.0289</coordinates>
          </Point>
        </Placemark>
        <Placemark>
          <name>-76</name>
          <description>
LAC: 38 CID: 5462:23 RNC: 0 PSC: 127
ACCURACY: 11
CHANGE_TYPE: DBM
TIMESTAMP: 26 may 2026 5:39:37 p.m.</description>
          <styleUrl>#style_70</styleUrl>
          <Point>
            <coordinates>-77.085282,-12.0289</coordinates>
          </Point>
        </Placemark>
        <Placemark>
          <name>-78</name>
          <description>
LAC: 38 CID: 5462:23 RNC: 0 PSC: 127
ACCURACY: 12
CHANGE_TYPE: DBM
TIMESTAMP: 26 may 2026 5:39:38 p.m.</description>
          <styleUrl>#style_60</styleUrl>
          <Point>
            <coordinates>-77.08524,-12.028919</coordinates>
          </Point>
        </Placemark>
        <Placemark>
          <name>-78</name>
          <description>
LAC: 38 CID: 5462:23 RNC: 0 PSC: 127
ACCURACY: 12
CHANGE_TYPE: DBM
TIMESTAMP: 26 may 2026 5:39:39 p.m.</description>
          <styleUrl>#style_60</styleUrl>
          <Point>
            <coordinates>-77.08524,-12.028919</coordinates>
          </Point>
        </Placemark>
        <Placemark>
          <name>-78</name>
          <description>
LAC: 38 CID: 5462:23 RNC: 0 PSC: 127
ACCURACY: 12
CHANGE_TYPE: DBM
TIMESTAMP: 26 may 2026 5:39:40 p.m.</description>
          <styleUrl>#style_60</styleUrl>
          <Point>
            <coordinates>-77.08524,-12.028919</coordinates>
          </Point>
        </Placemark>
        <Placemark>
          <name>-78</name>
          <description>
LAC: 38 CID: 5462:23 RNC: 0 PSC: 127
ACCURACY: 12
CHANGE_TYPE: DBM
TIMESTAMP: 26 may 2026 5:39:42 p.m.</description>
          <styleUrl>#style_60</styleUrl>
          <Point>
            <coordinates>-77.08524,-12.028919</coordinates>
          </Point>
        </Placemark>
        <Placemark>
          <name>-73</name>
          <description>
LAC: 38 CID: 5462:23 RNC: 0 PSC: 127
ACCURACY: 12
CHANGE_TYPE: DBM
TIMESTAMP: 26 may 2026 5:39:43 p.m.</description>
          <styleUrl>#style_70</styleUrl>
          <Point>
            <coordinates>-77.08524,-12.028919</coordinates>
          </Point>
        </Placemark>
        <Placemark>
          <name>-73</name>
          <description>
LAC: 38 CID: 5462:23 RNC: 0 PSC: 127
ACCURACY: 12
CHANGE_TYPE: DBM
TIMESTAMP: 26 may 2026 5:39:44 p.m.</description>
          <styleUrl>#style_70</styleUrl>
          <Point>
            <coordinates>-77.08524,-12.028919</coordinates>
          </Point>
        </Placemark>
        <Placemark>
          <name>-75</name>
          <description>
LAC: 38 CID: 5462:23 RNC: 0 PSC: 127
ACCURACY: 12
CHANGE_TYPE: DBM
TIMESTAMP: 26 may 2026 5:39:45 p.m.</description>
          <styleUrl>#style_70</styleUrl>
          <Point>
            <coordinates>-77.08524,-12.028919</coordinates>
          </Point>
        </Placemark>
        <Placemark>
          <name>-72</name>
          <description>
LAC: 38 CID: 5462:23 RNC: 0 PSC: 127
ACCURACY: 12
CHANGE_TYPE: DBM
TIMESTAMP: 26 may 2026 5:39:47 p.m.</description>
          <styleUrl>#style_70</styleUrl>
          <Point>
            <coordinates>-77.08524,-12.028919</coordinates>
          </Point>
        </Placemark>
        <Placemark>
          <name>-72</name>
          <description>
LAC: 38 CID: 5462:23 RNC: 0 PSC: 127
ACCURACY: 12
CHANGE_TYPE: DBM
TIMESTAMP: 26 may 2026 5:39:48 p.m.</description>
          <styleUrl>#style_70</styleUrl>
          <Point>
            <coordinates>-77.08524,-12.028919</coordinates>
          </Point>
        </Placemark>
        <Placemark>
          <name>-73</name>
          <description>
LAC: 38 CID: 5462:23 RNC: 0 PSC: 127
ACCURACY: 12
CHANGE_TYPE: DBM
TIMESTAMP: 26 may 2026 5:39:49 p.m.</description>
          <styleUrl>#style_70</styleUrl>
          <Point>
            <coordinates>-77.085188,-12.028954</coordinates>
          </Point>
        </Placemark>
        <Placemark>
          <name>-73</name>
          <description>
LAC: 38 CID: 5462:23 RNC: 0 PSC: 127
ACCURACY: 12
CHANGE_TYPE: DBM
TIMESTAMP: 26 may 2026 5:39:50 p.m.</description>
          <styleUrl>#style_70</styleUrl>
          <Point>
            <coordinates>-77.085188,-12.028954</coordinates>
          </Point>
        </Placemark>
        <Placemark>
          <name>-76</name>
          <description>
LAC: 38 CID: 5462:23 RNC: 0 PSC: 127
ACCURACY: 12
CHANGE_TYPE: DBM
TIMESTAMP: 26 may 2026 5:39:51 p.m.</description>
          <styleUrl>#style_70</styleUrl>
          <Point>
            <coordinates>-77.085188,-12.028954</coordinates>
          </Point>
        </Placemark>
        <Placemark>
          <name>-76</name>
          <description>
LAC: 38 CID: 5462:23 RNC: 0 PSC: 127
ACCURACY: 12
CHANGE_TYPE: DBM
TIMESTAMP: 26 may 2026 5:39:52 p.m.</description>
          <styleUrl>#style_70</styleUrl>
          <Point>
            <coordinates>-77.085188,-12.028954</coordinates>
          </Point>
        </Placemark>
        <Placemark>
          <name>-77</name>
          <description>
LAC: 38 CID: 5462:23 RNC: 0 PSC: 127
ACCURACY: 12
CHANGE_TYPE: DBM
TIMESTAMP: 26 may 2026 5:39:53 p.m.</description>
          <styleUrl>#style_60</styleUrl>
          <Point>
            <coordinates>-77.085188,-12.028954</coordinates>
          </Point>
        </Placemark>
        <Placemark>
          <name>-76</name>
          <description>
LAC: 38 CID: 5462:23 RNC: 0 PSC: 127
ACCURACY: 12
CHANGE_TYPE: DBM
TIMESTAMP: 26 may 2026 5:39:55 p.m.</description>
          <styleUrl>#style_70</styleUrl>
          <Point>
            <coordinates>-77.085188,-12.028954</coordinates>
          </Point>
        </Placemark>
        <Placemark>
          <name>-76</name>
          <description>
LAC: 38 CID: 5462:23 RNC: 0 PSC: 127
ACCURACY: 12
CHANGE_TYPE: DBM
TIMESTAMP: 26 may 2026 5:39:56 p.m.</description>
          <styleUrl>#style_70</styleUrl>
          <Point>
            <coordinates>-77.085188,-12.028954</coordinates>
          </Point>
        </Placemark>
        <Placemark>
          <name>-76</name>
          <description>
LAC: 38 CID: 5462:23 RNC: 0 PSC: 127
ACCURACY: 12
CHANGE_TYPE: DBM
TIMESTAMP: 26 may 2026 5:39:57 p.m.</description>
          <styleUrl>#style_70</styleUrl>
          <Point>
            <coordinates>-77.085188,-12.028954</coordinates>
          </Point>
        </Placemark>
        <Placemark>
          <name>-76</name>
          <description>
LAC: 38 CID: 5462:23 RNC: 0 PSC: 127
ACCURACY: 12
CHANGE_TYPE: DBM
TIMESTAMP: 26 may 2026 5:39:58 p.m.</description>
          <styleUrl>#style_70</styleUrl>
          <Point>
            <coordinates>-77.085188,-12.028954</coordinates>
          </Point>
        </Placemark>
        <Placemark>
          <name>-74</name>
          <description>
LAC: 38 CID: 5462:23 RNC: 0 PSC: 127
ACCURACY: 12
CHANGE_TYPE: DBM
TIMESTAMP: 26 may 2026 5:39:59 p.m.</description>
          <styleUrl>#style_70</styleUrl>
          <Point>
            <coordinates>-77.085128,-12.028986</coordinates>
          </Point>
        </Placemark>
        <Placemark>
          <name>-74</name>
          <description>
LAC: 38 CID: 5462:23 RNC: 0 PSC: 127
ACCURACY: 12
CHANGE_TYPE: DBM
TIMESTAMP: 26 may 2026 5:40:00 p.m.</description>
          <styleUrl>#style_70</styleUrl>
          <Point>
            <coordinates>-77.085128,-12.028986</coordinates>
          </Point>
        </Placemark>
        <Placemark>
          <name>-72</name>
          <description>
LAC: 38 CID: 5462:23 RNC: 0 PSC: 127
ACCURACY: 12
CHANGE_TYPE: DBM
TIMESTAMP: 26 may 2026 5:40:01 p.m.</description>
          <styleUrl>#style_70</styleUrl>
          <Point>
            <coordinates>-77.085128,-12.028986</coordinates>
          </Point>
        </Placemark>
        <Placemark>
          <name>-70</name>
          <description>
LAC: 38 CID: 5462:23 RNC: 0 PSC: 127
ACCURACY: 12
CHANGE_TYPE: DBM
TIMESTAMP: 26 may 2026 5:40:03 p.m.</description>
          <styleUrl>#style_70</styleUrl>
          <Point>
            <coordinates>-77.085128,-12.028986</coordinates>
          </Point>
        </Placemark>
        <Placemark>
          <name>-70</name>
          <description>
LAC: 38 CID: 5462:23 RNC: 0 PSC: 127
ACCURACY: 12
CHANGE_TYPE: DBM
TIMESTAMP: 26 may 2026 5:40:04 p.m.</description>
          <styleUrl>#style_70</styleUrl>
          <Point>
            <coordinates>-77.085128,-12.028986</coordinates>
          </Point>
        </Placemark>
        <Placemark>
          <name>-74</name>
          <description>
LAC: 38 CID: 5462:23 RNC: 0 PSC: 127
ACCURACY: 12
CHANGE_TYPE: DBM
TIMESTAMP: 26 may 2026 5:40:05 p.m.</description>
          <styleUrl>#style_70</styleUrl>
          <Point>
            <coordinates>-77.085128,-12.028986</coordinates>
          </Point>
        </Placemark>
        <Placemark>
          <name>-74</name>
          <description>
LAC: 38 CID: 5462:23 RNC: 0 PSC: 127
ACCURACY: 12
CHANGE_TYPE: DBM
TIMESTAMP: 26 may 2026 5:40:06 p.m.</description>
          <styleUrl>#style_70</styleUrl>
          <Point>
            <coordinates>-77.085128,-12.028986</coordinates>
          </Point>
        </Placemark>
        <Placemark>
          <name>-68</name>
          <description>
LAC: 38 CID: 5462:23 RNC: 0 PSC: 127
ACCURACY: 12
CHANGE_TYPE: DBM
TIMESTAMP: 26 may 2026 5:40:07 p.m.</description>
          <styleUrl>#style_70</styleUrl>
          <Point>
            <coordinates>-77.085128,-12.028986</coordinates>
          </Point>
        </Placemark>
        <Placemark>
          <name>-68</name>
          <description>
LAC: 38 CID: 5462:23 RNC: 0 PSC: 127
ACCURACY: 12
CHANGE_TYPE: DBM
TIMESTAMP: 26 may 2026 5:40:08 p.m.</description>
          <styleUrl>#style_70</styleUrl>
          <Point>
            <coordinates>-77.085128,-12.028986</coordinates>
          </Point>
        </Placemark>
        <Placemark>
          <name>-70</name>
          <description>
LAC: 38 CID: 5462:23 RNC: 0 PSC: 127
ACCURACY: 12
CHANGE_TYPE: DBM
TIMESTAMP: 26 may 2026 5:40:09 p.m.</description>
          <styleUrl>#style_70</styleUrl>
          <Point>
            <coordinates>-77.085056,-12.029021</coordinates>
          </Point>
        </Placemark>
        <Placemark>
          <name>-73</name>
          <description>
LAC: 38 CID: 5462:23 RNC: 0 PSC: 127
ACCURACY: 12
CHANGE_TYPE: DBM
TIMESTAMP: 26 may 2026 5:40:11 p.m.</description>
          <styleUrl>#style_70</styleUrl>
          <Point>
            <coordinates>-77.085056,-12.029021</coordinates>
          </Point>
        </Placemark>
        <Placemark>
          <name>-72</name>
          <description>
LAC: 38 CID: 5462:23 RNC: 0 PSC: 127
ACCURACY: 12
CHANGE_TYPE: DBM
TIMESTAMP: 26 may 2026 5:40:14 p.m.</description>
          <styleUrl>#style_70</styleUrl>
          <Point>
            <coordinates>-77.08502,-12.029056</coordinates>
          </Point>
        </Placemark>
        <Placemark>
          <name>-1</name>
          <description>
LAC: 38 CID: 5462:23 RNC: 0 PSC: 127
ACCURACY: 12
CHANGE_TYPE: DBM
TIMESTAMP: 26 may 2026 5:40:16 p.m.</description>
          <styleUrl>#style_0</styleUrl>
          <Point>
            <coordinates>-77.08502,-12.029056</coordinates>
          </Point>
        </Placemark>
        <Placemark>
          <name>-1</name>
          <description>
LAC: 38 CID: 5462:23 RNC: 0 PSC: 127
ACCURACY: 12
CHANGE_TYPE: DBM
TIMESTAMP: 26 may 2026 5:40:17 p.m.</description>
          <styleUrl>#style_0</styleUrl>
          <Point>
            <coordinates>-77.08502,-12.029056</coordinates>
          </Point>
        </Placemark>
        <Placemark>
          <name>-72</name>
          <description>
LAC: 38 CID: 5462:23 RNC: 0 PSC: 127
ACCURACY: 12
CHANGE_TYPE: DBM
TIMESTAMP: 26 may 2026 5:40:18 p.m.</description>
          <styleUrl>#style_70</styleUrl>
          <Point>
            <coordinates>-77.08502,-12.029056</coordinates>
          </Point>
        </Placemark>
        <Placemark>
          <name>-72</name>
          <description>
LAC: 38 CID: 5462:23 RNC: 0 PSC: 127
ACCURACY: 12
CHANGE_TYPE: DBM
TIMESTAMP: 26 may 2026 5:40:19 p.m.</description>
          <styleUrl>#style_70</styleUrl>
          <Point>
            <coordinates>-77.084979,-12.029078</coordinates>
          </Point>
        </Placemark>
        <Placemark>
          <name>-70</name>
          <description>
LAC: 38 CID: 5462:23 RNC: 0 PSC: 127
ACCURACY: 12
CHANGE_TYPE: DBM
TIMESTAMP: 26 may 2026 5:40:20 p.m.</description>
          <styleUrl>#style_70</styleUrl>
          <Point>
            <coordinates>-77.084979,-12.029078</coordinates>
          </Point>
        </Placemark>
        <Placemark>
          <name>-70</name>
          <description>
LAC: 38 CID: 5462:23 RNC: 0 PSC: 127
ACCURACY: 12
CHANGE_TYPE: DBM
TIMESTAMP: 26 may 2026 5:40:21 p.m.</description>
          <styleUrl>#style_70</styleUrl>
          <Point>
            <coordinates>-77.084979,-12.029078</coordinates>
          </Point>
        </Placemark>
        <Placemark>
          <name>-69</name>
          <description>
LAC: 38 CID: 5462:23 RNC: 0 PSC: 127
ACCURACY: 12
CHANGE_TYPE: DBM
TIMESTAMP: 26 may 2026 5:40:22 p.m.</description>
          <styleUrl>#style_70</styleUrl>
          <Point>
            <coordinates>-77.084979,-12.029078</coordinates>
          </Point>
        </Placemark>
        <Placemark>
          <name>-69</name>
          <description>
LAC: 38 CID: 5462:23 RNC: 0 PSC: 127
ACCURACY: 12
CHANGE_TYPE: DBM
TIMESTAMP: 26 may 2026 5:40:23 p.m.</description>
          <styleUrl>#style_70</styleUrl>
          <Point>
            <coordinates>-77.084979,-12.029078</coordinates>
          </Point>
        </Placemark>
        <Placemark>
          <name>-73</name>
          <description>
LAC: 38 CID: 5462:23 RNC: 0 PSC: 127
ACCURACY: 12
CHANGE_TYPE: DBM
TIMESTAMP: 26 may 2026 5:40:24 p.m.</description>
          <styleUrl>#style_70</styleUrl>
          <Point>
            <coordinates>-77.084979,-12.029078</coordinates>
          </Point>
        </Placemark>
        <Placemark>
          <name>-68</name>
          <description>
LAC: 38 CID: 5462:23 RNC: 0 PSC: 127
ACCURACY: 12
CHANGE_TYPE: DBM
TIMESTAMP: 26 may 2026 5:40:26 p.m.</description>
          <styleUrl>#style_70</styleUrl>
          <Point>
            <coordinates>-77.084979,-12.029078</coordinates>
          </Point>
        </Placemark>
        <Placemark>
          <name>-68</name>
          <description>
LAC: 38 CID: 5462:23 RNC: 0 PSC: 127
ACCURACY: 12
CHANGE_TYPE: DBM
TIMESTAMP: 26 may 2026 5:40:27 p.m.</description>
          <styleUrl>#style_70</styleUrl>
          <Point>
            <coordinates>-77.084979,-12.029078</coordinates>
          </Point>
        </Placemark>
        <Placemark>
          <name>-71</name>
          <description>
LAC: 38 CID: 5462:23 RNC: 0 PSC: 127
ACCURACY: 12
CHANGE_TYPE: DBM
TIMESTAMP: 26 may 2026 5:40:28 p.m.</description>
          <styleUrl>#style_70</styleUrl>
          <Point>
            <coordinates>-77.084979,-12.029078</coordinates>
          </Point>
        </Placemark>
        <Placemark>
          <name>-71</name>
          <description>
LAC: 38 CID: 5462:23 RNC: 0 PSC: 127
ACCURACY: 12
CHANGE_TYPE: DBM
TIMESTAMP: 26 may 2026 5:40:29 p.m.</description>
          <styleUrl>#style_70</styleUrl>
          <Point>
            <coordinates>-77.084929,-12.029089</coordinates>
          </Point>
        </Placemark>
        <Placemark>
          <name>-69</name>
          <description>
LAC: 38 CID: 5462:23 RNC: 0 PSC: 127
ACCURACY: 12
CHANGE_TYPE: DBM
TIMESTAMP: 26 may 2026 5:40:30 p.m.</description>
          <styleUrl>#style_70</styleUrl>
          <Point>
            <coordinates>-77.084929,-12.029089</coordinates>
          </Point>
        </Placemark>
        <Placemark>
          <name>-69</name>
          <description>
LAC: 38 CID: 5462:23 RNC: 0 PSC: 127
ACCURACY: 12
CHANGE_TYPE: DBM
TIMESTAMP: 26 may 2026 5:40:31 p.m.</description>
          <styleUrl>#style_70</styleUrl>
          <Point>
            <coordinates>-77.084929,-12.029089</coordinates>
          </Point>
        </Placemark>
        <Placemark>
          <name>-68</name>
          <description>
LAC: 38 CID: 5462:23 RNC: 0 PSC: 127
ACCURACY: 12
CHANGE_TYPE: DBM
TIMESTAMP: 26 may 2026 5:40:32 p.m.</description>
          <styleUrl>#style_70</styleUrl>
          <Point>
            <coordinates>-77.084929,-12.029089</coordinates>
          </Point>
        </Placemark>
        <Placemark>
          <name>-68</name>
          <description>
LAC: 38 CID: 5462:23 RNC: 0 PSC: 127
ACCURACY: 12
CHANGE_TYPE: DBM
TIMESTAMP: 26 may 2026 5:40:33 p.m.</description>
          <styleUrl>#style_70</styleUrl>
          <Point>
            <coordinates>-77.084929,-12.029089</coordinates>
          </Point>
        </Placemark>
        <Placemark>
          <name>-70</name>
          <description>
LAC: 38 CID: 5462:23 RNC: 0 PSC: 127
ACCURACY: 12
CHANGE_TYPE: DBM
TIMESTAMP: 26 may 2026 5:40:34 p.m.</description>
          <styleUrl>#style_70</styleUrl>
          <Point>
            <coordinates>-77.084929,-12.029089</coordinates>
          </Point>
        </Placemark>
        <Placemark>
          <name>-69</name>
          <description>
LAC: 38 CID: 5462:23 RNC: 0 PSC: 127
ACCURACY: 12
CHANGE_TYPE: DBM
TIMESTAMP: 26 may 2026 5:40:36 p.m.</description>
          <styleUrl>#style_70</styleUrl>
          <Point>
            <coordinates>-77.084929,-12.029089</coordinates>
          </Point>
        </Placemark>
        <Placemark>
          <name>-64</name>
          <description>
LAC: 38 CID: 5462:23 RNC: 0 PSC: 127
ACCURACY: 12
CHANGE_TYPE: DBM
TIMESTAMP: 26 may 2026 5:40:38 p.m.</description>
          <styleUrl>#style_80</styleUrl>
          <Point>
            <coordinates>-77.084929,-12.029089</coordinates>
          </Point>
        </Placemark>
        <Placemark>
          <name>-70</name>
          <description>
LAC: 38 CID: 5462:23 RNC: 0 PSC: 127
ACCURACY: 12
CHANGE_TYPE: DBM
TIMESTAMP: 26 may 2026 5:40:40 p.m.</description>
          <styleUrl>#style_70</styleUrl>
          <Point>
            <coordinates>-77.084873,-12.029115</coordinates>
          </Point>
        </Placemark>
        <Placemark>
          <name>-71</name>
          <description>
LAC: 38 CID: 5462:23 RNC: 0 PSC: 127
ACCURACY: 12
CHANGE_TYPE: DBM
TIMESTAMP: 26 may 2026 5:40:42 p.m.</description>
          <styleUrl>#style_70</styleUrl>
          <Point>
            <coordinates>-77.084873,-12.029115</coordinates>
          </Point>
        </Placemark>
        <Placemark>
          <name>-83</name>
          <description>
LAC: 38 CID: 5462:23 RNC: 0 PSC: 127
ACCURACY: 12
CHANGE_TYPE: DBM
TIMESTAMP: 26 may 2026 5:40:44 p.m.</description>
          <styleUrl>#style_60</styleUrl>
          <Point>
            <coordinates>-77.084873,-12.029115</coordinates>
          </Point>
        </Placemark>
        <Placemark>
          <name>-84</name>
          <description>
LAC: 38 CID: 5462:23 RNC: 0 PSC: 127
ACCURACY: 12
CHANGE_TYPE: DBM
TIMESTAMP: 26 may 2026 5:40:47 p.m.</description>
          <styleUrl>#style_60</styleUrl>
          <Point>
            <coordinates>-77.084873,-12.029115</coordinates>
          </Point>
        </Placemark>
        <Placemark>
          <name>-82</name>
          <description>
LAC: 38 CID: 5462:23 RNC: 0 PSC: 127
ACCURACY: 12
CHANGE_TYPE: DBM
TIMESTAMP: 26 may 2026 5:40:49 p.m.</description>
          <styleUrl>#style_60</styleUrl>
          <Point>
            <coordinates>-77.084873,-12.029115</coordinates>
          </Point>
        </Placemark>
        <Placemark>
          <name>-89</name>
          <description>
LAC: 38 CID: 5462:23 RNC: 0 PSC: 127
ACCURACY: 12
CHANGE_TYPE: DBM
TIMESTAMP: 26 may 2026 5:40:51 p.m.</description>
          <styleUrl>#style_50</styleUrl>
          <Point>
            <coordinates>-77.084873,-12.029115</coordinates>
          </Point>
        </Placemark>
        <Placemark>
          <name>-89</name>
          <description>
LAC: 38 CID: 5462:23 RNC: 0 PSC: 127
ACCURACY: 12
CHANGE_TYPE: DBM
TIMESTAMP: 26 may 2026 5:40:52 p.m.</description>
          <styleUrl>#style_50</styleUrl>
          <Point>
            <coordinates>-77.084873,-12.029115</coordinates>
          </Point>
        </Placemark>
        <Placemark>
          <name>-93</name>
          <description>
LAC: 38 CID: 5462:23 RNC: 0 PSC: 127
ACCURACY: 12
CHANGE_TYPE: DBM
TIMESTAMP: 26 may 2026 5:40:53 p.m.</description>
          <styleUrl>#style_50</styleUrl>
          <Point>
            <coordinates>-77.084873,-12.029115</coordinates>
          </Point>
        </Placemark>
        <Placemark>
          <name>-93</name>
          <description>
LAC: 38 CID: 5462:23 RNC: 0 PSC: 127
ACCURACY: 12
CHANGE_TYPE: DBM
TIMESTAMP: 26 may 2026 5:40:54 p.m.</description>
          <styleUrl>#style_50</styleUrl>
          <Point>
            <coordinates>-77.084873,-12.029115</coordinates>
          </Point>
        </Placemark>
        <Placemark>
          <name>-91</name>
          <description>
LAC: 38 CID: 5462:23 RNC: 0 PSC: 127
ACCURACY: 12
CHANGE_TYPE: DBM
TIMESTAMP: 26 may 2026 5:40:55 p.m.</description>
          <styleUrl>#style_50</styleUrl>
          <Point>
            <coordinates>-77.084873,-12.029115</coordinates>
          </Point>
        </Placemark>
        <Placemark>
          <name>-91</name>
          <description>
LAC: 38 CID: 5462:23 RNC: 0 PSC: 127
ACCURACY: 12
CHANGE_TYPE: DBM
TIMESTAMP: 26 may 2026 5:40:56 p.m.</description>
          <styleUrl>#style_50</styleUrl>
          <Point>
            <coordinates>-77.084873,-12.029115</coordinates>
          </Point>
        </Placemark>
        <Placemark>
          <name>-94</name>
          <description>
LAC: 38 CID: 5462:23 RNC: 0 PSC: 127
ACCURACY: 12
CHANGE_TYPE: DBM
TIMESTAMP: 26 may 2026 5:40:57 p.m.</description>
          <styleUrl>#style_50</styleUrl>
          <Point>
            <coordinates>-77.084873,-12.029115</coordinates>
          </Point>
        </Placemark>
        <Placemark>
          <name>-94</name>
          <description>
LAC: 38 CID: 5462:23 RNC: 0 PSC: 127
ACCURACY: 12
CHANGE_TYPE: DBM
TIMESTAMP: 26 may 2026 5:40:58 p.m.</description>
          <styleUrl>#style_50</styleUrl>
          <Point>
            <coordinates>-77.084873,-12.029115</coordinates>
          </Point>
        </Placemark>
        <Placemark>
          <name>-94</name>
          <description>
LAC: 38 CID: 5462:23 RNC: 0 PSC: 127
ACCURACY: 12
CHANGE_TYPE: DBM
TIMESTAMP: 26 may 2026 5:40:59 p.m.</description>
          <styleUrl>#style_50</styleUrl>
          <Point>
            <coordinates>-77.084873,-12.029115</coordinates>
          </Point>
        </Placemark>
        <Placemark>
          <name>-94</name>
          <description>
LAC: 38 CID: 5462:23 RNC: 0 PSC: 127
ACCURACY: 12
CHANGE_TYPE: DBM
TIMESTAMP: 26 may 2026 5:41:00 p.m.</description>
          <styleUrl>#style_50</styleUrl>
          <Point>
            <coordinates>-77.084873,-12.029115</coordinates>
          </Point>
        </Placemark>
        <Placemark>
          <name>-97</name>
          <description>
LAC: 38 CID: 5462:23 RNC: 0 PSC: 127
ACCURACY: 12
CHANGE_TYPE: DBM
TIMESTAMP: 26 may 2026 5:41:01 p.m.</description>
          <styleUrl>#style_40</styleUrl>
          <Point>
            <coordinates>-77.084873,-12.029115</coordinates>
          </Point>
        </Placemark>
        <Placemark>
          <name>-97</name>
          <description>
LAC: 38 CID: 5462:23 RNC: 0 PSC: 127
ACCURACY: 12
CHANGE_TYPE: DBM
TIMESTAMP: 26 may 2026 5:41:02 p.m.</description>
          <styleUrl>#style_40</styleUrl>
          <Point>
            <coordinates>-77.084873,-12.029115</coordinates>
          </Point>
        </Placemark>
        <Placemark>
          <name>-94</name>
          <description>
LAC: 38 CID: 5462:23 RNC: 0 PSC: 127
ACCURACY: 12
CHANGE_TYPE: DBM
TIMESTAMP: 26 may 2026 5:41:03 p.m.</description>
          <styleUrl>#style_50</styleUrl>
          <Point>
            <coordinates>-77.084873,-12.029115</coordinates>
          </Point>
        </Placemark>
        <Placemark>
          <name>-94</name>
          <description>
LAC: 38 CID: 5462:23 RNC: 0 PSC: 127
ACCURACY: 12
CHANGE_TYPE: DBM
TIMESTAMP: 26 may 2026 5:41:04 p.m.</description>
          <styleUrl>#style_50</styleUrl>
          <Point>
            <coordinates>-77.084873,-12.029115</coordinates>
          </Point>
        </Placemark>
        <Placemark>
          <name>-95</name>
          <description>
LAC: 38 CID: 5462:23 RNC: 0 PSC: 127
ACCURACY: 12
CHANGE_TYPE: DBM
TIMESTAMP: 26 may 2026 5:41:05 p.m.</description>
          <styleUrl>#style_50</styleUrl>
          <Point>
            <coordinates>-77.084873,-12.029115</coordinates>
          </Point>
        </Placemark>
        <Placemark>
          <name>-95</name>
          <description>
LAC: 38 CID: 5462:23 RNC: 0 PSC: 127
ACCURACY: 12
CHANGE_TYPE: DBM
TIMESTAMP: 26 may 2026 5:41:06 p.m.</description>
          <styleUrl>#style_50</styleUrl>
          <Point>
            <coordinates>-77.084873,-12.029115</coordinates>
          </Point>
        </Placemark>
        <Placemark>
          <name>-96</name>
          <description>
LAC: 38 CID: 5462:23 RNC: 0 PSC: 127
ACCURACY: 12
CHANGE_TYPE: DBM
TIMESTAMP: 26 may 2026 5:41:07 p.m.</description>
          <styleUrl>#style_50</styleUrl>
          <Point>
            <coordinates>-77.084873,-12.029115</coordinates>
          </Point>
        </Placemark>
        <Placemark>
          <name>-100</name>
          <description>
LAC: 38 CID: 5462:23 RNC: 0 PSC: 127
ACCURACY: 12
CHANGE_TYPE: DBM
TIMESTAMP: 26 may 2026 5:41:11 p.m.</description>
          <styleUrl>#style_40</styleUrl>
          <Point>
            <coordinates>-77.084856,-12.029178</coordinates>
          </Point>
        </Placemark>
        <Placemark>
          <name>-100</name>
          <description>
LAC: 38 CID: 5462:23 RNC: 0 PSC: 127
ACCURACY: 12
CHANGE_TYPE: DBM
TIMESTAMP: 26 may 2026 5:41:12 p.m.</description>
          <styleUrl>#style_40</styleUrl>
          <Point>
            <coordinates>-77.084856,-12.029178</coordinates>
          </Point>
        </Placemark>
        <Placemark>
          <name>-96</name>
          <description>
LAC: 38 CID: 5462:23 RNC: 0 PSC: 127
ACCURACY: 12
CHANGE_TYPE: DBM
TIMESTAMP: 26 may 2026 5:41:13 p.m.</description>
          <styleUrl>#style_50</styleUrl>
          <Point>
            <coordinates>-77.084856,-12.029178</coordinates>
          </Point>
        </Placemark>
        <Placemark>
          <name>-96</name>
          <description>
LAC: 38 CID: 5462:23 RNC: 0 PSC: 127
ACCURACY: 12
CHANGE_TYPE: DBM
TIMESTAMP: 26 may 2026 5:41:15 p.m.</description>
          <styleUrl>#style_50</styleUrl>
          <Point>
            <coordinates>-77.084856,-12.029178</coordinates>
          </Point>
        </Placemark>
        <Placemark>
          <name>-96</name>
          <description>
LAC: 38 CID: 5462:23 RNC: 0 PSC: 127
ACCURACY: 12
CHANGE_TYPE: DBM
TIMESTAMP: 26 may 2026 5:41:16 p.m.</description>
          <styleUrl>#style_50</styleUrl>
          <Point>
            <coordinates>-77.084856,-12.029178</coordinates>
          </Point>
        </Placemark>
        <Placemark>
          <name>-96</name>
          <description>
LAC: 38 CID: 5462:23 RNC: 0 PSC: 127
ACCURACY: 12
CHANGE_TYPE: DBM
TIMESTAMP: 26 may 2026 5:41:17 p.m.</description>
          <styleUrl>#style_50</styleUrl>
          <Point>
            <coordinates>-77.084856,-12.029178</coordinates>
          </Point>
        </Placemark>
        <Placemark>
          <name>-99</name>
          <description>
LAC: 38 CID: 5462:23 RNC: 0 PSC: 127
ACCURACY: 12
CHANGE_TYPE: DBM
TIMESTAMP: 26 may 2026 5:41:18 p.m.</description>
          <styleUrl>#style_40</styleUrl>
          <Point>
            <coordinates>-77.084856,-12.029178</coordinates>
          </Point>
        </Placemark>
        <Placemark>
          <name>-99</name>
          <description>
LAC: 38 CID: 5462:23 RNC: 0 PSC: 127
ACCURACY: 12
CHANGE_TYPE: DBM
TIMESTAMP: 26 may 2026 5:41:20 p.m.</description>
          <styleUrl>#style_40</styleUrl>
          <Point>
            <coordinates>-77.084856,-12.029178</coordinates>
          </Point>
        </Placemark>
        <Placemark>
          <name>-101</name>
          <description>
LAC: 38 CID: 5462:23 RNC: 0 PSC: 127
ACCURACY: 10
CHANGE_TYPE: GPS
TIMESTAMP: 26 may 2026 5:36:48 p.m.</description>
          <styleUrl>#style_40</styleUrl>
          <Point>
            <coordinates>-77.085936,-12.029974</coordinates>
          </Point>
        </Placemark>
        <Placemark>
          <name>-103</name>
          <description>
LAC: 38 CID: 5462:23 RNC: 0 PSC: 127
ACCURACY: 10
CHANGE_TYPE: GPS
TIMESTAMP: 26 may 2026 5:36:53 p.m.</description>
          <styleUrl>#style_40</styleUrl>
          <Point>
            <coordinates>-77.085918,-12.029929</coordinates>
          </Point>
        </Placemark>
        <Placemark>
          <name>-101</name>
          <description>
LAC: 38 CID: 5462:23 RNC: 0 PSC: 127
ACCURACY: 10
CHANGE_TYPE: GPS
TIMESTAMP: 26 may 2026 5:37:03 p.m.</description>
          <styleUrl>#style_40</styleUrl>
          <Point>
            <coordinates>-77.085876,-12.029854</coordinates>
          </Point>
        </Placemark>
        <Placemark>
          <name>-103</name>
          <description>
LAC: 38 CID: 5462:23 RNC: 0 PSC: 127
ACCURACY: 10
CHANGE_TYPE: GPS
TIMESTAMP: 26 may 2026 5:37:43 p.m.</description>
          <styleUrl>#style_40</styleUrl>
          <Point>
            <coordinates>-77.085814,-12.029584</coordinates>
          </Point>
        </Placemark>
        <Placemark>
          <name>-100</name>
          <description>
LAC: 38 CID: 5462:23 RNC: 0 PSC: 127
ACCURACY: 11
CHANGE_TYPE: GPS
TIMESTAMP: 26 may 2026 5:37:53 p.m.</description>
          <styleUrl>#style_40</styleUrl>
          <Point>
            <coordinates>-77.085762,-12.029521</coordinates>
          </Point>
        </Placemark>
        <Placemark>
          <name>-102</name>
          <description>
LAC: 38 CID: 5462:23 RNC: 0 PSC: 127
ACCURACY: 11
CHANGE_TYPE: GPS
TIMESTAMP: 26 may 2026 5:38:03 p.m.</description>
          <styleUrl>#style_40</styleUrl>
          <Point>
            <coordinates>-77.085788,-12.029458</coordinates>
          </Point>
        </Placemark>
        <Placemark>
          <name>-103</name>
          <description>
LAC: 38 CID: 5462:23 RNC: 0 PSC: 127
ACCURACY: 11
CHANGE_TYPE: GPS
TIMESTAMP: 26 may 2026 5:38:13 p.m.</description>
          <styleUrl>#style_40</styleUrl>
          <Point>
            <coordinates>-77.085755,-12.029393</coordinates>
          </Point>
        </Placemark>
        <Placemark>
          <name>-104</name>
          <description>
LAC: 38 CID: 5462:23 RNC: 0 PSC: 127
ACCURACY: 11
CHANGE_TYPE: GPS
TIMESTAMP: 26 may 2026 5:38:23 p.m.</description>
          <styleUrl>#style_40</styleUrl>
          <Point>
            <coordinates>-77.08571,-12.029322</coordinates>
          </Point>
        </Placemark>
        <Placemark>
          <name>-102</name>
          <description>
LAC: 38 CID: 5462:23 RNC: 0 PSC: 127
ACCURACY: 11
CHANGE_TYPE: GPS
TIMESTAMP: 26 may 2026 5:38:28 p.m.</description>
          <styleUrl>#style_40</styleUrl>
          <Point>
            <coordinates>-77.085685,-12.029277</coordinates>
          </Point>
        </Placemark>
        <Placemark>
          <name>-102</name>
          <description>
LAC: 38 CID: 5462:23 RNC: 0 PSC: 127
ACCURACY: 11
CHANGE_TYPE: GPS
TIMESTAMP: 26 may 2026 5:38:38 p.m.</description>
          <styleUrl>#style_40</styleUrl>
          <Point>
            <coordinates>-77.08566,-12.029214</coordinates>
          </Point>
        </Placemark>
        <Placemark>
          <name>-99</name>
          <description>
LAC: 38 CID: 5462:23 RNC: 0 PSC: 127
ACCURACY: 11
CHANGE_TYPE: GPS
TIMESTAMP: 26 may 2026 5:38:43 p.m.</description>
          <styleUrl>#style_40</styleUrl>
          <Point>
            <coordinates>-77.085637,-12.029168</coordinates>
          </Point>
        </Placemark>
        <Placemark>
          <name>-97</name>
          <description>
LAC: 38 CID: 5462:23 RNC: 0 PSC: 127
ACCURACY: 11
CHANGE_TYPE: GPS
TIMESTAMP: 26 may 2026 5:38:48 p.m.</description>
          <styleUrl>#style_40</styleUrl>
          <Point>
            <coordinates>-77.085589,-12.02912</coordinates>
          </Point>
        </Placemark>
        <Placemark>
          <name>-92</name>
          <description>
LAC: 38 CID: 5462:23 RNC: 0 PSC: 127
ACCURACY: 12
CHANGE_TYPE: GPS
TIMESTAMP: 26 may 2026 5:38:53 p.m.</description>
          <styleUrl>#style_50</styleUrl>
          <Point>
            <coordinates>-77.085571,-12.029076</coordinates>
          </Point>
        </Placemark>
        <Placemark>
          <name>-91</name>
          <description>
LAC: 38 CID: 5462:23 RNC: 0 PSC: 127
ACCURACY: 11
CHANGE_TYPE: GPS
TIMESTAMP: 26 may 2026 5:39:03 p.m.</description>
          <styleUrl>#style_50</styleUrl>
          <Point>
            <coordinates>-77.085551,-12.028993</coordinates>
          </Point>
        </Placemark>
        <Placemark>
          <name>-88</name>
          <description>
LAC: 38 CID: 5462:23 RNC: 0 PSC: 127
ACCURACY: 11
CHANGE_TYPE: GPS
TIMESTAMP: 26 may 2026 5:39:13 p.m.</description>
          <styleUrl>#style_50</styleUrl>
          <Point>
            <coordinates>-77.085537,-12.028929</coordinates>
          </Point>
        </Placemark>
        <Placemark>
          <name>-75</name>
          <description>
LAC: 38 CID: 5462:23 RNC: 0 PSC: 127
ACCURACY: 11
CHANGE_TYPE: GPS
TIMESTAMP: 26 may 2026 5:39:18 p.m.</description>
          <styleUrl>#style_70</styleUrl>
          <Point>
            <coordinates>-77.085487,-12.028915</coordinates>
          </Point>
        </Placemark>
        <Placemark>
          <name>-79</name>
          <description>
LAC: 38 CID: 5462:23 RNC: 0 PSC: 127
ACCURACY: 12
CHANGE_TYPE: GPS
TIMESTAMP: 26 may 2026 5:39:23 p.m.</description>
          <styleUrl>#style_60</styleUrl>
          <Point>
            <coordinates>-77.085402,-12.028918</coordinates>
          </Point>
        </Placemark>
        <Placemark>
          <name>-74</name>
          <description>
LAC: 38 CID: 5462:23 RNC: 0 PSC: 127
ACCURACY: 12
CHANGE_TYPE: GPS
TIMESTAMP: 26 may 2026 5:39:28 p.m.</description>
          <styleUrl>#style_70</styleUrl>
          <Point>
            <coordinates>-77.085332,-12.028909</coordinates>
          </Point>
        </Placemark>
        <Placemark>
          <name>-76</name>
          <description>
LAC: 38 CID: 5462:23 RNC: 0 PSC: 127
ACCURACY: 11
CHANGE_TYPE: GPS
TIMESTAMP: 26 may 2026 5:39:33 p.m.</description>
          <styleUrl>#style_70</styleUrl>
          <Point>
            <coordinates>-77.085282,-12.0289</coordinates>
          </Point>
        </Placemark>
        <Placemark>
          <name>-76</name>
          <description>
LAC: 38 CID: 5462:23 RNC: 0 PSC: 127
ACCURACY: 12
CHANGE_TYPE: GPS
TIMESTAMP: 26 may 2026 5:39:38 p.m.</description>
          <styleUrl>#style_70</styleUrl>
          <Point>
            <coordinates>-77.08524,-12.028919</coordinates>
          </Point>
        </Placemark>
        <Placemark>
          <name>-72</name>
          <description>
LAC: 38 CID: 5462:23 RNC: 0 PSC: 127
ACCURACY: 12
CHANGE_TYPE: GPS
TIMESTAMP: 26 may 2026 5:39:48 p.m.</description>
          <styleUrl>#style_70</styleUrl>
          <Point>
            <coordinates>-77.085188,-12.028954</coordinates>
          </Point>
        </Placemark>
        <Placemark>
          <name>-76</name>
          <description>
LAC: 38 CID: 5462:23 RNC: 0 PSC: 127
ACCURACY: 12
CHANGE_TYPE: GPS
TIMESTAMP: 26 may 2026 5:39:58 p.m.</description>
          <styleUrl>#style_70</styleUrl>
          <Point>
            <coordinates>-77.085128,-12.028986</coordinates>
          </Point>
        </Placemark>
        <Placemark>
          <name>-68</name>
          <description>
LAC: 38 CID: 5462:23 RNC: 0 PSC: 127
ACCURACY: 12
CHANGE_TYPE: GPS
TIMESTAMP: 26 may 2026 5:40:08 p.m.</description>
          <styleUrl>#style_70</styleUrl>
          <Point>
            <coordinates>-77.085056,-12.029021</coordinates>
          </Point>
        </Placemark>
        <Placemark>
          <name>-73</name>
          <description>
LAC: 38 CID: 5462:23 RNC: 0 PSC: 127
ACCURACY: 12
CHANGE_TYPE: GPS
TIMESTAMP: 26 may 2026 5:40:13 p.m.</description>
          <styleUrl>#style_70</styleUrl>
          <Point>
            <coordinates>-77.08502,-12.029056</coordinates>
          </Point>
        </Placemark>
        <Placemark>
          <name>-72</name>
          <description>
LAC: 38 CID: 5462:23 RNC: 0 PSC: 127
ACCURACY: 12
CHANGE_TYPE: GPS
TIMESTAMP: 26 may 2026 5:40:18 p.m.</description>
          <styleUrl>#style_70</styleUrl>
          <Point>
            <coordinates>-77.084979,-12.029078</coordinates>
          </Point>
        </Placemark>
        <Placemark>
          <name>-71</name>
          <description>
LAC: 38 CID: 5462:23 RNC: 0 PSC: 127
ACCURACY: 12
CHANGE_TYPE: GPS
TIMESTAMP: 26 may 2026 5:40:28 p.m.</description>
          <styleUrl>#style_70</styleUrl>
          <Point>
            <coordinates>-77.084929,-12.029089</coordinates>
          </Point>
        </Placemark>
        <Placemark>
          <name>-64</name>
          <description>
LAC: 38 CID: 5462:23 RNC: 0 PSC: 127
ACCURACY: 12
CHANGE_TYPE: GPS
TIMESTAMP: 26 may 2026 5:40:38 p.m.</description>
          <styleUrl>#style_80</styleUrl>
          <Point>
            <coordinates>-77.084873,-12.029115</coordinates>
          </Point>
        </Placemark>
        <Placemark>
          <name>-96</name>
          <description>
LAC: 38 CID: 5462:23 RNC: 0 PSC: 127
ACCURACY: 12
CHANGE_TYPE: GPS
TIMESTAMP: 26 may 2026 5:41:08 p.m.</description>
          <styleUrl>#style_50</styleUrl>
          <Point>
            <coordinates>-77.084856,-12.029178</coordinates>
          </Point>
        </Placemark>
      </Folder>
      <Folder>
        <open>0</open>
        <name>LAC: 38 CID: 253682:3 RNC: 0 PSC: 383</name>
        <Placemark>
          <name>38/64942595 LTE</name>
          <description>~18344 (yd), Provincia de Lima, Av. Pacasmayo 267, Lima 15079, Perú</description>
          <styleUrl>#style_cur</styleUrl>
          <Point>
            <coordinates>-77.04699,-12.04161</coordinates>
          </Point>
        </Placemark>
      </Folder>
      <Folder>
        <open>0</open>
        <name>LAC: 38 CID: 255053:1 RNC: 0 PSC: 240</name>
        <Placemark>
          <name>-73</name>
          <description>
LAC: 38 CID: 255053:1 RNC: 0 PSC: 240
ACCURACY: 10
CHANGE_TYPE: CELL
TIMESTAMP: 26 may 2026 5:48:12 p.m.</description>
          <styleUrl>#style_70</styleUrl>
          <Point>
            <coordinates>-77.086472,-12.031322</coordinates>
          </Point>
        </Placemark>
        <Placemark>
          <name>-73</name>
          <description>
LAC: 38 CID: 255053:1 RNC: 0 PSC: 240
ACCURACY: 10
CHANGE_TYPE: DBM
TIMESTAMP: 26 may 2026 5:48:12 p.m.</description>
          <styleUrl>#style_70</styleUrl>
          <Point>
            <coordinates>-77.086472,-12.031322</coordinates>
          </Point>
        </Placemark>
        <Placemark>
          <name>-73</name>
          <description>
LAC: 38 CID: 255053:1 RNC: 0 PSC: 240
ACCURACY: 10
CHANGE_TYPE: DBM
TIMESTAMP: 26 may 2026 5:48:14 p.m.</description>
          <styleUrl>#style_70</styleUrl>
          <Point>
            <coordinates>-77.086462,-12.031393</coordinates>
          </Point>
        </Placemark>
        <Placemark>
          <name>-73</name>
          <description>
LAC: 38 CID: 255053:1 RNC: 0 PSC: 240
ACCURACY: 10
CHANGE_TYPE: GPS
TIMESTAMP: 26 may 2026 5:48:13 p.m.</description>
          <styleUrl>#style_70</styleUrl>
          <Point>
            <coordinates>-77.086462,-12.031393</coordinates>
          </Point>
        </Placemark>
      </Folder>
      <Folder>
        <open>0</open>
        <name>LAC: 38 CID: 255053:21 RNC: 0 PSC: 240</name>
        <Placemark>
          <name>-103</name>
          <description>
LAC: 38 CID: 255053:21 RNC: 0 PSC: 240
ACCURACY: 10
CHANGE_TYPE: CELL
TIMESTAMP: 26 may 2026 5:36:55 p.m.</description>
          <styleUrl>#style_40</styleUrl>
          <Point>
            <coordinates>-77.085918,-12.029929</coordinates>
          </Point>
        </Placemark>
        <Placemark>
          <name>-103</name>
          <description>
LAC: 38 CID: 255053:21 RNC: 0 PSC: 240
ACCURACY: 10
CHANGE_TYPE: CELL
TIMESTAMP: 26 may 2026 5:37:18 p.m.</description>
          <styleUrl>#style_40</styleUrl>
          <Point>
            <coordinates>-77.085813,-12.029773</coordinates>
          </Point>
        </Placemark>
        <Placemark>
          <name>-104</name>
          <description>
LAC: 38 CID: 255053:21 RNC: 0 PSC: 240
ACCURACY: 10
CHANGE_TYPE: CELL
TIMESTAMP: 26 may 2026 5:37:30 p.m.</description>
          <styleUrl>#style_40</styleUrl>
          <Point>
            <coordinates>-77.085812,-12.029723</coordinates>
          </Point>
        </Placemark>
        <Placemark>
          <name>-70</name>
          <description>
LAC: 38 CID: 255053:21 RNC: 0 PSC: 240
ACCURACY: 10
CHANGE_TYPE: CELL
TIMESTAMP: 26 may 2026 5:48:15 p.m.</description>
          <styleUrl>#style_70</styleUrl>
          <Point>
            <coordinates>-77.086462,-12.031393</coordinates>
          </Point>
        </Placemark>
        <Placemark>
          <name>-110</name>
          <description>
LAC: 38 CID: 255053:21 RNC: 0 PSC: 240
ACCURACY: 11
CHANGE_TYPE: CELL
TIMESTAMP: 26 may 2026 6:04:46 p.m.</description>
          <styleUrl>#style_30</styleUrl>
          <Point>
            <coordinates>-77.081439,-12.031936</coordinates>
          </Point>
        </Placemark>
        <Placemark>
          <name>-103</name>
          <description>
LAC: 38 CID: 255053:21 RNC: 0 PSC: 240
ACCURACY: 10
CHANGE_TYPE: CELL
TIMESTAMP: 26 may 2026 6:07:46 p.m.</description>
          <styleUrl>#style_40</styleUrl>
          <Point>
            <coordinates>-77.082484,-12.032445</coordinates>
          </Point>
        </Placemark>
        <Placemark>
          <name>-105</name>
          <description>
LAC: 38 CID: 255053:21 RNC: 0 PSC: 240
ACCURACY: 11
CHANGE_TYPE: CELL
TIMESTAMP: 26 may 2026 6:09:57 p.m.</description>
          <styleUrl>#style_40</styleUrl>
          <Point>
            <coordinates>-77.08279,-12.032837</coordinates>
          </Point>
        </Placemark>
        <Placemark>
          <name>-103</name>
          <description>
LAC: 38 CID: 255053:21 RNC: 0 PSC: 240
ACCURACY: 10
CHANGE_TYPE: DBM
TIMESTAMP: 26 may 2026 5:36:55 p.m.</description>
          <styleUrl>#style_40</styleUrl>
          <Point>
            <coordinates>-77.085918,-12.029929</coordinates>
          </Point>
        </Placemark>
        <Placemark>
          <name>-103</name>
          <description>
LAC: 38 CID: 255053:21 RNC: 0 PSC: 240
ACCURACY: 10
CHANGE_TYPE: DBM
TIMESTAMP: 26 may 2026 5:36:57 p.m.</description>
          <styleUrl>#style_40</styleUrl>
          <Point>
            <coordinates>-77.085918,-12.029929</coordinates>
          </Point>
        </Placemark>
        <Placemark>
          <name>-103</name>
          <description>
LAC: 38 CID: 255053:21 RNC: 0 PSC: 240
ACCURACY: 10
CHANGE_TYPE: DBM
TIMESTAMP: 26 may 2026 5:36:59 p.m.</description>
          <styleUrl>#style_40</styleUrl>
          <Point>
            <coordinates>-77.085918,-12.029929</coordinates>
          </Point>
        </Placemark>
        <Placemark>
          <name>-105</name>
          <description>
LAC: 38 CID: 255053:21 RNC: 0 PSC: 240
ACCURACY: 10
CHANGE_TYPE: DBM
TIMESTAMP: 26 may 2026 5:37:00 p.m.</description>
          <styleUrl>#style_40</styleUrl>
          <Point>
            <coordinates>-77.085918,-12.029929</coordinates>
          </Point>
        </Placemark>
        <Placemark>
          <name>-103</name>
          <description>
LAC: 38 CID: 255053:21 RNC: 0 PSC: 240
ACCURACY: 10
CHANGE_TYPE: DBM
TIMESTAMP: 26 may 2026 5:37:18 p.m.</description>
          <styleUrl>#style_40</styleUrl>
          <Point>
            <coordinates>-77.085813,-12.029773</coordinates>
          </Point>
        </Placemark>
        <Placemark>
          <name>-103</name>
          <description>
LAC: 38 CID: 255053:21 RNC: 0 PSC: 240
ACCURACY: 10
CHANGE_TYPE: DBM
TIMESTAMP: 26 may 2026 5:37:19 p.m.</description>
          <styleUrl>#style_40</styleUrl>
          <Point>
            <coordinates>-77.085813,-12.029773</coordinates>
          </Point>
        </Placemark>
        <Placemark>
          <name>-103</name>
          <description>
LAC: 38 CID: 255053:21 RNC: 0 PSC: 240
ACCURACY: 10
CHANGE_TYPE: DBM
TIMESTAMP: 26 may 2026 5:37:20 p.m.</description>
          <styleUrl>#style_40</styleUrl>
          <Point>
            <coordinates>-77.085813,-12.029773</coordinates>
          </Point>
        </Placemark>
        <Placemark>
          <name>-101</name>
          <description>
LAC: 38 CID: 255053:21 RNC: 0 PSC: 240
ACCURACY: 10
CHANGE_TYPE: DBM
TIMESTAMP: 26 may 2026 5:37:22 p.m.</description>
          <styleUrl>#style_40</styleUrl>
          <Point>
            <coordinates>-77.085813,-12.029773</coordinates>
          </Point>
        </Placemark>
        <Placemark>
          <name>-101</name>
          <description>
LAC: 38 CID: 255053:21 RNC: 0 PSC: 240
ACCURACY: 10
CHANGE_TYPE: DBM
TIMESTAMP: 26 may 2026 5:37:23 p.m.</description>
          <styleUrl>#style_40</styleUrl>
          <Point>
            <coordinates>-77.085813,-12.029773</coordinates>
          </Point>
        </Placemark>
        <Placemark>
          <name>-101</name>
          <description>
LAC: 38 CID: 255053:21 RNC: 0 PSC: 240
ACCURACY: 10
CHANGE_TYPE: DBM
TIMESTAMP: 26 may 2026 5:37:24 p.m.</description>
          <styleUrl>#style_40</styleUrl>
          <Point>
            <coordinates>-77.085812,-12.029723</coordinates>
          </Point>
        </Placemark>
        <Placemark>
          <name>-101</name>
          <description>
LAC: 38 CID: 255053:21 RNC: 0 PSC: 240
ACCURACY: 10
CHANGE_TYPE: DBM
TIMESTAMP: 26 may 2026 5:37:25 p.m.</description>
          <styleUrl>#style_40</styleUrl>
          <Point>
            <coordinates>-77.085812,-12.029723</coordinates>
          </Point>
        </Placemark>
        <Placemark>
          <name>-104</name>
          <description>
LAC: 38 CID: 255053:21 RNC: 0 PSC: 240
ACCURACY: 10
CHANGE_TYPE: DBM
TIMESTAMP: 26 may 2026 5:37:30 p.m.</description>
          <styleUrl>#style_40</styleUrl>
          <Point>
            <coordinates>-77.085812,-12.029723</coordinates>
          </Point>
        </Placemark>
        <Placemark>
          <name>-104</name>
          <description>
LAC: 38 CID: 255053:21 RNC: 0 PSC: 240
ACCURACY: 10
CHANGE_TYPE: DBM
TIMESTAMP: 26 may 2026 5:37:31 p.m.</description>
          <styleUrl>#style_40</styleUrl>
          <Point>
            <coordinates>-77.085812,-12.029723</coordinates>
          </Point>
        </Placemark>
        <Placemark>
          <name>-106</name>
          <description>
LAC: 38 CID: 255053:21 RNC: 0 PSC: 240
ACCURACY: 10
CHANGE_TYPE: DBM
TIMESTAMP: 26 may 2026 5:37:33 p.m.</description>
          <styleUrl>#style_40</styleUrl>
          <Point>
            <coordinates>-77.085812,-12.029723</coordinates>
          </Point>
        </Placemark>
        <Placemark>
          <name>-106</name>
          <description>
LAC: 38 CID: 255053:21 RNC: 0 PSC: 240
ACCURACY: 10
CHANGE_TYPE: DBM
TIMESTAMP: 26 may 2026 5:37:34 p.m.</description>
          <styleUrl>#style_40</styleUrl>
          <Point>
            <coordinates>-77.085813,-12.029654</coordinates>
          </Point>
        </Placemark>
        <Placemark>
          <name>-70</name>
          <description>
LAC: 38 CID: 255053:21 RNC: 0 PSC: 240
ACCURACY: 10
CHANGE_TYPE: DBM
TIMESTAMP: 26 may 2026 5:48:15 p.m.</description>
          <styleUrl>#style_70</styleUrl>
          <Point>
            <coordinates>-77.086462,-12.031393</coordinates>
          </Point>
        </Placemark>
        <Placemark>
          <name>-70</name>
          <description>
LAC: 38 CID: 255053:21 RNC: 0 PSC: 240
ACCURACY: 10
CHANGE_TYPE: DBM
TIMESTAMP: 26 may 2026 5:48:16 p.m.</description>
          <styleUrl>#style_70</styleUrl>
          <Point>
            <coordinates>-77.086462,-12.031393</coordinates>
          </Point>
        </Placemark>
        <Placemark>
          <name>-69</name>
          <description>
LAC: 38 CID: 255053:21 RNC: 0 PSC: 240
ACCURACY: 10
CHANGE_TYPE: DBM
TIMESTAMP: 26 may 2026 5:48:17 p.m.</description>
          <styleUrl>#style_70</styleUrl>
          <Point>
            <coordinates>-77.086462,-12.031393</coordinates>
          </Point>
        </Placemark>
        <Placemark>
          <name>-69</name>
          <description>
LAC: 38 CID: 255053:21 RNC: 0 PSC: 240
ACCURACY: 10
CHANGE_TYPE: DBM
TIMESTAMP: 26 may 2026 5:48:18 p.m.</description>
          <styleUrl>#style_70</styleUrl>
          <Point>
            <coordinates>-77.086462,-12.031393</coordinates>
          </Point>
        </Placemark>
        <Placemark>
          <name>-69</name>
          <description>
LAC: 38 CID: 255053:21 RNC: 0 PSC: 240
ACCURACY: 10
CHANGE_TYPE: DBM
TIMESTAMP: 26 may 2026 5:48:19 p.m.</description>
          <styleUrl>#style_70</styleUrl>
          <Point>
            <coordinates>-77.086462,-12.031393</coordinates>
          </Point>
        </Placemark>
        <Placemark>
          <name>-69</name>
          <description>
LAC: 38 CID: 255053:21 RNC: 0 PSC: 240
ACCURACY: 10
CHANGE_TYPE: DBM
TIMESTAMP: 26 may 2026 5:48:20 p.m.</description>
          <styleUrl>#style_70</styleUrl>
          <Point>
            <coordinates>-77.086462,-12.031393</coordinates>
          </Point>
        </Placemark>
        <Placemark>
          <name>-70</name>
          <description>
LAC: 38 CID: 255053:21 RNC: 0 PSC: 240
ACCURACY: 10
CHANGE_TYPE: DBM
TIMESTAMP: 26 may 2026 5:48:21 p.m.</description>
          <styleUrl>#style_70</styleUrl>
          <Point>
            <coordinates>-77.086462,-12.031393</coordinates>
          </Point>
        </Placemark>
        <Placemark>
          <name>-70</name>
          <description>
LAC: 38 CID: 255053:21 RNC: 0 PSC: 240
ACCURACY: 10
CHANGE_TYPE: DBM
TIMESTAMP: 26 may 2026 5:48:22 p.m.</description>
          <styleUrl>#style_70</styleUrl>
          <Point>
            <coordinates>-77.086462,-12.031393</coordinates>
          </Point>
        </Placemark>
        <Placemark>
          <name>-72</name>
          <description>
LAC: 38 CID: 255053:21 RNC: 0 PSC: 240
ACCURACY: 10
CHANGE_TYPE: DBM
TIMESTAMP: 26 may 2026 5:48:23 p.m.</description>
          <styleUrl>#style_70</styleUrl>
          <Point>
            <coordinates>-77.086462,-12.031393</coordinates>
          </Point>
        </Placemark>
        <Placemark>
          <name>-72</name>
          <description>
LAC: 38 CID: 255053:21 RNC: 0 PSC: 240
ACCURACY: 11
CHANGE_TYPE: DBM
TIMESTAMP: 26 may 2026 5:48:24 p.m.</description>
          <styleUrl>#style_70</styleUrl>
          <Point>
            <coordinates>-77.086509,-12.031466</coordinates>
          </Point>
        </Placemark>
        <Placemark>
          <name>-69</name>
          <description>
LAC: 38 CID: 255053:21 RNC: 0 PSC: 240
ACCURACY: 11
CHANGE_TYPE: DBM
TIMESTAMP: 26 may 2026 5:48:25 p.m.</description>
          <styleUrl>#style_70</styleUrl>
          <Point>
            <coordinates>-77.086509,-12.031466</coordinates>
          </Point>
        </Placemark>
        <Placemark>
          <name>-69</name>
          <description>
LAC: 38 CID: 255053:21 RNC: 0 PSC: 240
ACCURACY: 11
CHANGE_TYPE: DBM
TIMESTAMP: 26 may 2026 5:48:26 p.m.</description>
          <styleUrl>#style_70</styleUrl>
          <Point>
            <coordinates>-77.086509,-12.031466</coordinates>
          </Point>
        </Placemark>
        <Placemark>
          <name>-74</name>
          <description>
LAC: 38 CID: 255053:21 RNC: 0 PSC: 240
ACCURACY: 11
CHANGE_TYPE: DBM
TIMESTAMP: 26 may 2026 5:48:27 p.m.</description>
          <styleUrl>#style_70</styleUrl>
          <Point>
            <coordinates>-77.086509,-12.031466</coordinates>
          </Point>
        </Placemark>
        <Placemark>
          <name>-74</name>
          <description>
LAC: 38 CID: 255053:21 RNC: 0 PSC: 240
ACCURACY: 11
CHANGE_TYPE: DBM
TIMESTAMP: 26 may 2026 5:48:28 p.m.</description>
          <styleUrl>#style_70</styleUrl>
          <Point>
            <coordinates>-77.086509,-12.031466</coordinates>
          </Point>
        </Placemark>
        <Placemark>
          <name>-74</name>
          <description>
LAC: 38 CID: 255053:21 RNC: 0 PSC: 240
ACCURACY: 11
CHANGE_TYPE: DBM
TIMESTAMP: 26 may 2026 5:48:29 p.m.</description>
          <styleUrl>#style_70</styleUrl>
          <Point>
            <coordinates>-77.086526,-12.031514</coordinates>
          </Point>
        </Placemark>
        <Placemark>
          <name>-74</name>
          <description>
LAC: 38 CID: 255053:21 RNC: 0 PSC: 240
ACCURACY: 11
CHANGE_TYPE: DBM
TIMESTAMP: 26 may 2026 5:48:30 p.m.</description>
          <styleUrl>#style_70</styleUrl>
          <Point>
            <coordinates>-77.086526,-12.031514</coordinates>
          </Point>
        </Placemark>
        <Placemark>
          <name>-72</name>
          <description>
LAC: 38 CID: 255053:21 RNC: 0 PSC: 240
ACCURACY: 11
CHANGE_TYPE: DBM
TIMESTAMP: 26 may 2026 5:48:31 p.m.</description>
          <styleUrl>#style_70</styleUrl>
          <Point>
            <coordinates>-77.086526,-12.031514</coordinates>
          </Point>
        </Placemark>
        <Placemark>
          <name>-72</name>
          <description>
LAC: 38 CID: 255053:21 RNC: 0 PSC: 240
ACCURACY: 11
CHANGE_TYPE: DBM
TIMESTAMP: 26 may 2026 5:48:32 p.m.</description>
          <styleUrl>#style_70</styleUrl>
          <Point>
            <coordinates>-77.086526,-12.031514</coordinates>
          </Point>
        </Placemark>
        <Placemark>
          <name>-73</name>
          <description>
LAC: 38 CID: 255053:21 RNC: 0 PSC: 240
ACCURACY: 11
CHANGE_TYPE: DBM
TIMESTAMP: 26 may 2026 5:48:33 p.m.</description>
          <styleUrl>#style_70</styleUrl>
          <Point>
            <coordinates>-77.086526,-12.031514</coordinates>
          </Point>
        </Placemark>
        <Placemark>
          <name>-73</name>
          <description>
LAC: 38 CID: 255053:21 RNC: 0 PSC: 240
ACCURACY: 11
CHANGE_TYPE: DBM
TIMESTAMP: 26 may 2026 5:48:34 p.m.</description>
          <styleUrl>#style_70</styleUrl>
          <Point>
            <coordinates>-77.086526,-12.031514</coordinates>
          </Point>
        </Placemark>
        <Placemark>
          <name>-76</name>
          <description>
LAC: 38 CID: 255053:21 RNC: 0 PSC: 240
ACCURACY: 11
CHANGE_TYPE: DBM
TIMESTAMP: 26 may 2026 5:48:35 p.m.</description>
          <styleUrl>#style_70</styleUrl>
          <Point>
            <coordinates>-77.086526,-12.031514</coordinates>
          </Point>
        </Placemark>
        <Placemark>
          <name>-76</name>
          <description>
LAC: 38 CID: 255053:21 RNC: 0 PSC: 240
ACCURACY: 11
CHANGE_TYPE: DBM
TIMESTAMP: 26 may 2026 5:48:36 p.m.</description>
          <styleUrl>#style_70</styleUrl>
          <Point>
            <coordinates>-77.086526,-12.031514</coordinates>
          </Point>
        </Placemark>
        <Placemark>
          <name>-70</name>
          <description>
LAC: 38 CID: 255053:21 RNC: 0 PSC: 240
ACCURACY: 11
CHANGE_TYPE: DBM
TIMESTAMP: 26 may 2026 5:48:37 p.m.</description>
          <styleUrl>#style_70</styleUrl>
          <Point>
            <coordinates>-77.086526,-12.031514</coordinates>
          </Point>
        </Placemark>
        <Placemark>
          <name>-70</name>
          <description>
LAC: 38 CID: 255053:21 RNC: 0 PSC: 240
ACCURACY: 11
CHANGE_TYPE: DBM
TIMESTAMP: 26 may 2026 5:48:38 p.m.</description>
          <styleUrl>#style_70</styleUrl>
          <Point>
            <coordinates>-77.086547,-12.031583</coordinates>
          </Point>
        </Placemark>
        <Placemark>
          <name>-71</name>
          <description>
LAC: 38 CID: 255053:21 RNC: 0 PSC: 240
ACCURACY: 11
CHANGE_TYPE: DBM
TIMESTAMP: 26 may 2026 5:48:40 p.m.</description>
          <styleUrl>#style_70</styleUrl>
          <Point>
            <coordinates>-77.086547,-12.031583</coordinates>
          </Point>
        </Placemark>
        <Placemark>
          <name>-71</name>
          <description>
LAC: 38 CID: 255053:21 RNC: 0 PSC: 240
ACCURACY: 11
CHANGE_TYPE: DBM
TIMESTAMP: 26 may 2026 5:48:41 p.m.</description>
          <styleUrl>#style_70</styleUrl>
          <Point>
            <coordinates>-77.086547,-12.031583</coordinates>
          </Point>
        </Placemark>
        <Placemark>
          <name>-71</name>
          <description>
LAC: 38 CID: 255053:21 RNC: 0 PSC: 240
ACCURACY: 11
CHANGE_TYPE: DBM
TIMESTAMP: 26 may 2026 5:48:42 p.m.</description>
          <styleUrl>#style_70</styleUrl>
          <Point>
            <coordinates>-77.086547,-12.031583</coordinates>
          </Point>
        </Placemark>
        <Placemark>
          <name>-71</name>
          <description>
LAC: 38 CID: 255053:21 RNC: 0 PSC: 240
ACCURACY: 11
CHANGE_TYPE: DBM
TIMESTAMP: 26 may 2026 5:48:43 p.m.</description>
          <styleUrl>#style_70</styleUrl>
          <Point>
            <coordinates>-77.086547,-12.031583</coordinates>
          </Point>
        </Placemark>
        <Placemark>
          <name>-74</name>
          <description>
LAC: 38 CID: 255053:21 RNC: 0 PSC: 240
ACCURACY: 10
CHANGE_TYPE: DBM
TIMESTAMP: 26 may 2026 5:48:44 p.m.</description>
          <styleUrl>#style_70</styleUrl>
          <Point>
            <coordinates>-77.086559,-12.031637</coordinates>
          </Point>
        </Placemark>
        <Placemark>
          <name>-74</name>
          <description>
LAC: 38 CID: 255053:21 RNC: 0 PSC: 240
ACCURACY: 10
CHANGE_TYPE: DBM
TIMESTAMP: 26 may 2026 5:48:45 p.m.</description>
          <styleUrl>#style_70</styleUrl>
          <Point>
            <coordinates>-77.086559,-12.031637</coordinates>
          </Point>
        </Placemark>
        <Placemark>
          <name>-66</name>
          <description>
LAC: 38 CID: 255053:21 RNC: 0 PSC: 240
ACCURACY: 10
CHANGE_TYPE: DBM
TIMESTAMP: 26 may 2026 5:48:46 p.m.</description>
          <styleUrl>#style_80</styleUrl>
          <Point>
            <coordinates>-77.086559,-12.031637</coordinates>
          </Point>
        </Placemark>
        <Placemark>
          <name>-66</name>
          <description>
LAC: 38 CID: 255053:21 RNC: 0 PSC: 240
ACCURACY: 10
CHANGE_TYPE: DBM
TIMESTAMP: 26 may 2026 5:48:47 p.m.</description>
          <styleUrl>#style_80</styleUrl>
          <Point>
            <coordinates>-77.086559,-12.031637</coordinates>
          </Point>
        </Placemark>
        <Placemark>
          <name>-72</name>
          <description>
LAC: 38 CID: 255053:21 RNC: 0 PSC: 240
ACCURACY: 10
CHANGE_TYPE: DBM
TIMESTAMP: 26 may 2026 5:48:48 p.m.</description>
          <styleUrl>#style_70</styleUrl>
          <Point>
            <coordinates>-77.086559,-12.031637</coordinates>
          </Point>
        </Placemark>
        <Placemark>
          <name>-74</name>
          <description>
LAC: 38 CID: 255053:21 RNC: 0 PSC: 240
ACCURACY: 10
CHANGE_TYPE: DBM
TIMESTAMP: 26 may 2026 5:48:50 p.m.</description>
          <styleUrl>#style_70</styleUrl>
          <Point>
            <coordinates>-77.086559,-12.031637</coordinates>
          </Point>
        </Placemark>
        <Placemark>
          <name>-74</name>
          <description>
LAC: 38 CID: 255053:21 RNC: 0 PSC: 240
ACCURACY: 10
CHANGE_TYPE: DBM
TIMESTAMP: 26 may 2026 5:48:51 p.m.</description>
          <styleUrl>#style_70</styleUrl>
          <Point>
            <coordinates>-77.086559,-12.031637</coordinates>
          </Point>
        </Placemark>
        <Placemark>
          <name>-74</name>
          <description>
LAC: 38 CID: 255053:21 RNC: 0 PSC: 240
ACCURACY: 10
CHANGE_TYPE: DBM
TIMESTAMP: 26 may 2026 5:48:52 p.m.</description>
          <styleUrl>#style_70</styleUrl>
          <Point>
            <coordinates>-77.086559,-12.031637</coordinates>
          </Point>
        </Placemark>
        <Placemark>
          <name>-76</name>
          <description>
LAC: 38 CID: 255053:21 RNC: 0 PSC: 240
ACCURACY: 11
CHANGE_TYPE: DBM
TIMESTAMP: 26 may 2026 5:48:54 p.m.</description>
          <styleUrl>#style_70</styleUrl>
          <Point>
            <coordinates>-77.086591,-12.03171</coordinates>
          </Point>
        </Placemark>
        <Placemark>
          <name>-76</name>
          <description>
LAC: 38 CID: 255053:21 RNC: 0 PSC: 240
ACCURACY: 11
CHANGE_TYPE: DBM
TIMESTAMP: 26 may 2026 5:48:55 p.m.</description>
          <styleUrl>#style_70</styleUrl>
          <Point>
            <coordinates>-77.086591,-12.03171</coordinates>
          </Point>
        </Placemark>
        <Placemark>
          <name>-72</name>
          <description>
LAC: 38 CID: 255053:21 RNC: 0 PSC: 240
ACCURACY: 11
CHANGE_TYPE: DBM
TIMESTAMP: 26 may 2026 5:48:56 p.m.</description>
          <styleUrl>#style_70</styleUrl>
          <Point>
            <coordinates>-77.086591,-12.03171</coordinates>
          </Point>
        </Placemark>
        <Placemark>
          <name>-72</name>
          <description>
LAC: 38 CID: 255053:21 RNC: 0 PSC: 240
ACCURACY: 11
CHANGE_TYPE: DBM
TIMESTAMP: 26 may 2026 5:48:57 p.m.</description>
          <styleUrl>#style_70</styleUrl>
          <Point>
            <coordinates>-77.086591,-12.03171</coordinates>
          </Point>
        </Placemark>
        <Placemark>
          <name>-75</name>
          <description>
LAC: 38 CID: 255053:21 RNC: 0 PSC: 240
ACCURACY: 11
CHANGE_TYPE: DBM
TIMESTAMP: 26 may 2026 5:48:58 p.m.</description>
          <styleUrl>#style_70</styleUrl>
          <Point>
            <coordinates>-77.086591,-12.03171</coordinates>
          </Point>
        </Placemark>
        <Placemark>
          <name>-75</name>
          <description>
LAC: 38 CID: 255053:21 RNC: 0 PSC: 240
ACCURACY: 11
CHANGE_TYPE: DBM
TIMESTAMP: 26 may 2026 5:48:59 p.m.</description>
          <styleUrl>#style_70</styleUrl>
          <Point>
            <coordinates>-77.086609,-12.031762</coordinates>
          </Point>
        </Placemark>
        <Placemark>
          <name>-70</name>
          <description>
LAC: 38 CID: 255053:21 RNC: 0 PSC: 240
ACCURACY: 11
CHANGE_TYPE: DBM
TIMESTAMP: 26 may 2026 5:49:00 p.m.</description>
          <styleUrl>#style_70</styleUrl>
          <Point>
            <coordinates>-77.086609,-12.031762</coordinates>
          </Point>
        </Placemark>
        <Placemark>
          <name>-70</name>
          <description>
LAC: 38 CID: 255053:21 RNC: 0 PSC: 240
ACCURACY: 11
CHANGE_TYPE: DBM
TIMESTAMP: 26 may 2026 5:49:01 p.m.</description>
          <styleUrl>#style_70</styleUrl>
          <Point>
            <coordinates>-77.086609,-12.031762</coordinates>
          </Point>
        </Placemark>
        <Placemark>
          <name>-74</name>
          <description>
LAC: 38 CID: 255053:21 RNC: 0 PSC: 240
ACCURACY: 11
CHANGE_TYPE: DBM
TIMESTAMP: 26 may 2026 5:49:02 p.m.</description>
          <styleUrl>#style_70</styleUrl>
          <Point>
            <coordinates>-77.086609,-12.031762</coordinates>
          </Point>
        </Placemark>
        <Placemark>
          <name>-74</name>
          <description>
LAC: 38 CID: 255053:21 RNC: 0 PSC: 240
ACCURACY: 11
CHANGE_TYPE: DBM
TIMESTAMP: 26 may 2026 5:49:03 p.m.</description>
          <styleUrl>#style_70</styleUrl>
          <Point>
            <coordinates>-77.086609,-12.031762</coordinates>
          </Point>
        </Placemark>
        <Placemark>
          <name>-74</name>
          <description>
LAC: 38 CID: 255053:21 RNC: 0 PSC: 240
ACCURACY: 11
CHANGE_TYPE: DBM
TIMESTAMP: 26 may 2026 5:49:04 p.m.</description>
          <styleUrl>#style_70</styleUrl>
          <Point>
            <coordinates>-77.086609,-12.031762</coordinates>
          </Point>
        </Placemark>
        <Placemark>
          <name>-73</name>
          <description>
LAC: 38 CID: 255053:21 RNC: 0 PSC: 240
ACCURACY: 11
CHANGE_TYPE: DBM
TIMESTAMP: 26 may 2026 5:49:07 p.m.</description>
          <styleUrl>#style_70</styleUrl>
          <Point>
            <coordinates>-77.086609,-12.031762</coordinates>
          </Point>
        </Placemark>
        <Placemark>
          <name>-73</name>
          <description>
LAC: 38 CID: 255053:21 RNC: 0 PSC: 240
ACCURACY: 11
CHANGE_TYPE: DBM
TIMESTAMP: 26 may 2026 5:49:08 p.m.</description>
          <styleUrl>#style_70</styleUrl>
          <Point>
            <coordinates>-77.086609,-12.031762</coordinates>
          </Point>
        </Placemark>
        <Placemark>
          <name>-74</name>
          <description>
LAC: 38 CID: 255053:21 RNC: 0 PSC: 240
ACCURACY: 11
CHANGE_TYPE: DBM
TIMESTAMP: 26 may 2026 5:49:09 p.m.</description>
          <styleUrl>#style_70</styleUrl>
          <Point>
            <coordinates>-77.086635,-12.031829</coordinates>
          </Point>
        </Placemark>
        <Placemark>
          <name>-71</name>
          <description>
LAC: 38 CID: 255053:21 RNC: 0 PSC: 240
ACCURACY: 11
CHANGE_TYPE: DBM
TIMESTAMP: 26 may 2026 5:49:11 p.m.</description>
          <styleUrl>#style_70</styleUrl>
          <Point>
            <coordinates>-77.086635,-12.031829</coordinates>
          </Point>
        </Placemark>
        <Placemark>
          <name>-71</name>
          <description>
LAC: 38 CID: 255053:21 RNC: 0 PSC: 240
ACCURACY: 11
CHANGE_TYPE: DBM
TIMESTAMP: 26 may 2026 5:49:12 p.m.</description>
          <styleUrl>#style_70</styleUrl>
          <Point>
            <coordinates>-77.086635,-12.031829</coordinates>
          </Point>
        </Placemark>
        <Placemark>
          <name>-72</name>
          <description>
LAC: 38 CID: 255053:21 RNC: 0 PSC: 240
ACCURACY: 11
CHANGE_TYPE: DBM
TIMESTAMP: 26 may 2026 5:49:13 p.m.</description>
          <styleUrl>#style_70</styleUrl>
          <Point>
            <coordinates>-77.086635,-12.031829</coordinates>
          </Point>
        </Placemark>
        <Placemark>
          <name>-72</name>
          <description>
LAC: 38 CID: 255053:21 RNC: 0 PSC: 240
ACCURACY: 11
CHANGE_TYPE: DBM
TIMESTAMP: 26 may 2026 5:49:14 p.m.</description>
          <styleUrl>#style_70</styleUrl>
          <Point>
            <coordinates>-77.086635,-12.031829</coordinates>
          </Point>
        </Placemark>
        <Placemark>
          <name>-75</name>
          <description>
LAC: 38 CID: 255053:21 RNC: 0 PSC: 240
ACCURACY: 11
CHANGE_TYPE: DBM
TIMESTAMP: 26 may 2026 5:49:15 p.m.</description>
          <styleUrl>#style_70</styleUrl>
          <Point>
            <coordinates>-77.086635,-12.031829</coordinates>
          </Point>
        </Placemark>
        <Placemark>
          <name>-75</name>
          <description>
LAC: 38 CID: 255053:21 RNC: 0 PSC: 240
ACCURACY: 11
CHANGE_TYPE: DBM
TIMESTAMP: 26 may 2026 5:49:16 p.m.</description>
          <styleUrl>#style_70</styleUrl>
          <Point>
            <coordinates>-77.086635,-12.031829</coordinates>
          </Point>
        </Placemark>
        <Placemark>
          <name>-78</name>
          <description>
LAC: 38 CID: 255053:21 RNC: 0 PSC: 240
ACCURACY: 11
CHANGE_TYPE: DBM
TIMESTAMP: 26 may 2026 5:49:17 p.m.</description>
          <styleUrl>#style_60</styleUrl>
          <Point>
            <coordinates>-77.086635,-12.031829</coordinates>
          </Point>
        </Placemark>
        <Placemark>
          <name>-78</name>
          <description>
LAC: 38 CID: 255053:21 RNC: 0 PSC: 240
ACCURACY: 11
CHANGE_TYPE: DBM
TIMESTAMP: 26 may 2026 5:49:18 p.m.</description>
          <styleUrl>#style_60</styleUrl>
          <Point>
            <coordinates>-77.086635,-12.031829</coordinates>
          </Point>
        </Placemark>
        <Placemark>
          <name>-79</name>
          <description>
LAC: 38 CID: 255053:21 RNC: 0 PSC: 240
ACCURACY: 10
CHANGE_TYPE: DBM
TIMESTAMP: 26 may 2026 5:49:19 p.m.</description>
          <styleUrl>#style_60</styleUrl>
          <Point>
            <coordinates>-77.086652,-12.031885</coordinates>
          </Point>
        </Placemark>
        <Placemark>
          <name>-79</name>
          <description>
LAC: 38 CID: 255053:21 RNC: 0 PSC: 240
ACCURACY: 10
CHANGE_TYPE: DBM
TIMESTAMP: 26 may 2026 5:49:20 p.m.</description>
          <styleUrl>#style_60</styleUrl>
          <Point>
            <coordinates>-77.086652,-12.031885</coordinates>
          </Point>
        </Placemark>
        <Placemark>
          <name>-73</name>
          <description>
LAC: 38 CID: 255053:21 RNC: 0 PSC: 240
ACCURACY: 10
CHANGE_TYPE: DBM
TIMESTAMP: 26 may 2026 5:49:21 p.m.</description>
          <styleUrl>#style_70</styleUrl>
          <Point>
            <coordinates>-77.086652,-12.031885</coordinates>
          </Point>
        </Placemark>
        <Placemark>
          <name>-73</name>
          <description>
LAC: 38 CID: 255053:21 RNC: 0 PSC: 240
ACCURACY: 10
CHANGE_TYPE: DBM
TIMESTAMP: 26 may 2026 5:49:22 p.m.</description>
          <styleUrl>#style_70</styleUrl>
          <Point>
            <coordinates>-77.086652,-12.031885</coordinates>
          </Point>
        </Placemark>
        <Placemark>
          <name>-72</name>
          <description>
LAC: 38 CID: 255053:21 RNC: 0 PSC: 240
ACCURACY: 10
CHANGE_TYPE: DBM
TIMESTAMP: 26 may 2026 5:49:23 p.m.</description>
          <styleUrl>#style_70</styleUrl>
          <Point>
            <coordinates>-77.086652,-12.031885</coordinates>
          </Point>
        </Placemark>
        <Placemark>
          <name>-72</name>
          <description>
LAC: 38 CID: 255053:21 RNC: 0 PSC: 240
ACCURACY: 10
CHANGE_TYPE: DBM
TIMESTAMP: 26 may 2026 5:49:24 p.m.</description>
          <styleUrl>#style_70</styleUrl>
          <Point>
            <coordinates>-77.086652,-12.031885</coordinates>
          </Point>
        </Placemark>
        <Placemark>
          <name>-72</name>
          <description>
LAC: 38 CID: 255053:21 RNC: 0 PSC: 240
ACCURACY: 10
CHANGE_TYPE: DBM
TIMESTAMP: 26 may 2026 5:49:25 p.m.</description>
          <styleUrl>#style_70</styleUrl>
          <Point>
            <coordinates>-77.086652,-12.031885</coordinates>
          </Point>
        </Placemark>
        <Placemark>
          <name>-72</name>
          <description>
LAC: 38 CID: 255053:21 RNC: 0 PSC: 240
ACCURACY: 10
CHANGE_TYPE: DBM
TIMESTAMP: 26 may 2026 5:49:26 p.m.</description>
          <styleUrl>#style_70</styleUrl>
          <Point>
            <coordinates>-77.086652,-12.031885</coordinates>
          </Point>
        </Placemark>
        <Placemark>
          <name>-72</name>
          <description>
LAC: 38 CID: 255053:21 RNC: 0 PSC: 240
ACCURACY: 10
CHANGE_TYPE: DBM
TIMESTAMP: 26 may 2026 5:49:27 p.m.</description>
          <styleUrl>#style_70</styleUrl>
          <Point>
            <coordinates>-77.086652,-12.031885</coordinates>
          </Point>
        </Placemark>
        <Placemark>
          <name>-72</name>
          <description>
LAC: 38 CID: 255053:21 RNC: 0 PSC: 240
ACCURACY: 10
CHANGE_TYPE: DBM
TIMESTAMP: 26 may 2026 5:49:28 p.m.</description>
          <styleUrl>#style_70</styleUrl>
          <Point>
            <coordinates>-77.086652,-12.031885</coordinates>
          </Point>
        </Placemark>
        <Placemark>
          <name>-75</name>
          <description>
LAC: 38 CID: 255053:21 RNC: 0 PSC: 240
ACCURACY: 10
CHANGE_TYPE: DBM
TIMESTAMP: 26 may 2026 5:49:29 p.m.</description>
          <styleUrl>#style_70</styleUrl>
          <Point>
            <coordinates>-77.086652,-12.031885</coordinates>
          </Point>
        </Placemark>
        <Placemark>
          <name>-75</name>
          <description>
LAC: 38 CID: 255053:21 RNC: 0 PSC: 240
ACCURACY: 10
CHANGE_TYPE: DBM
TIMESTAMP: 26 may 2026 5:49:30 p.m.</description>
          <styleUrl>#style_70</styleUrl>
          <Point>
            <coordinates>-77.086652,-12.031885</coordinates>
          </Point>
        </Placemark>
        <Placemark>
          <name>-73</name>
          <description>
LAC: 38 CID: 255053:21 RNC: 0 PSC: 240
ACCURACY: 10
CHANGE_TYPE: DBM
TIMESTAMP: 26 may 2026 5:49:31 p.m.</description>
          <styleUrl>#style_70</styleUrl>
          <Point>
            <coordinates>-77.086652,-12.031885</coordinates>
          </Point>
        </Placemark>
        <Placemark>
          <name>-73</name>
          <description>
LAC: 38 CID: 255053:21 RNC: 0 PSC: 240
ACCURACY: 10
CHANGE_TYPE: DBM
TIMESTAMP: 26 may 2026 5:49:32 p.m.</description>
          <styleUrl>#style_70</styleUrl>
          <Point>
            <coordinates>-77.086652,-12.031885</coordinates>
          </Point>
        </Placemark>
        <Placemark>
          <name>-79</name>
          <description>
LAC: 38 CID: 255053:21 RNC: 0 PSC: 240
ACCURACY: 10
CHANGE_TYPE: DBM
TIMESTAMP: 26 may 2026 5:49:34 p.m.</description>
          <styleUrl>#style_60</styleUrl>
          <Point>
            <coordinates>-77.08668,-12.031944</coordinates>
          </Point>
        </Placemark>
        <Placemark>
          <name>-79</name>
          <description>
LAC: 38 CID: 255053:21 RNC: 0 PSC: 240
ACCURACY: 10
CHANGE_TYPE: DBM
TIMESTAMP: 26 may 2026 5:49:35 p.m.</description>
          <styleUrl>#style_60</styleUrl>
          <Point>
            <coordinates>-77.08668,-12.031944</coordinates>
          </Point>
        </Placemark>
        <Placemark>
          <name>-76</name>
          <description>
LAC: 38 CID: 255053:21 RNC: 0 PSC: 240
ACCURACY: 10
CHANGE_TYPE: DBM
TIMESTAMP: 26 may 2026 5:49:36 p.m.</description>
          <styleUrl>#style_70</styleUrl>
          <Point>
            <coordinates>-77.08668,-12.031944</coordinates>
          </Point>
        </Placemark>
        <Placemark>
          <name>-76</name>
          <description>
LAC: 38 CID: 255053:21 RNC: 0 PSC: 240
ACCURACY: 10
CHANGE_TYPE: DBM
TIMESTAMP: 26 may 2026 5:49:37 p.m.</description>
          <styleUrl>#style_70</styleUrl>
          <Point>
            <coordinates>-77.08668,-12.031944</coordinates>
          </Point>
        </Placemark>
        <Placemark>
          <name>-77</name>
          <description>
LAC: 38 CID: 255053:21 RNC: 0 PSC: 240
ACCURACY: 10
CHANGE_TYPE: DBM
TIMESTAMP: 26 may 2026 5:49:38 p.m.</description>
          <styleUrl>#style_60</styleUrl>
          <Point>
            <coordinates>-77.08668,-12.031944</coordinates>
          </Point>
        </Placemark>
        <Placemark>
          <name>-77</name>
          <description>
LAC: 38 CID: 255053:21 RNC: 0 PSC: 240
ACCURACY: 10
CHANGE_TYPE: DBM
TIMESTAMP: 26 may 2026 5:49:39 p.m.</description>
          <styleUrl>#style_60</styleUrl>
          <Point>
            <coordinates>-77.08668,-12.031944</coordinates>
          </Point>
        </Placemark>
        <Placemark>
          <name>-73</name>
          <description>
LAC: 38 CID: 255053:21 RNC: 0 PSC: 240
ACCURACY: 10
CHANGE_TYPE: DBM
TIMESTAMP: 26 may 2026 5:49:40 p.m.</description>
          <styleUrl>#style_70</styleUrl>
          <Point>
            <coordinates>-77.08668,-12.031944</coordinates>
          </Point>
        </Placemark>
        <Placemark>
          <name>-76</name>
          <description>
LAC: 38 CID: 255053:21 RNC: 0 PSC: 240
ACCURACY: 10
CHANGE_TYPE: DBM
TIMESTAMP: 26 may 2026 5:49:42 p.m.</description>
          <styleUrl>#style_70</styleUrl>
          <Point>
            <coordinates>-77.08668,-12.031944</coordinates>
          </Point>
        </Placemark>
        <Placemark>
          <name>-76</name>
          <description>
LAC: 38 CID: 255053:21 RNC: 0 PSC: 240
ACCURACY: 10
CHANGE_TYPE: DBM
TIMESTAMP: 26 may 2026 5:49:43 p.m.</description>
          <styleUrl>#style_70</styleUrl>
          <Point>
            <coordinates>-77.08668,-12.031944</coordinates>
          </Point>
        </Placemark>
        <Placemark>
          <name>-76</name>
          <description>
LAC: 38 CID: 255053:21 RNC: 0 PSC: 240
ACCURACY: 10
CHANGE_TYPE: DBM
TIMESTAMP: 26 may 2026 5:49:44 p.m.</description>
          <styleUrl>#style_70</styleUrl>
          <Point>
            <coordinates>-77.086683,-12.032026</coordinates>
          </Point>
        </Placemark>
        <Placemark>
          <name>-76</name>
          <description>
LAC: 38 CID: 255053:21 RNC: 0 PSC: 240
ACCURACY: 10
CHANGE_TYPE: DBM
TIMESTAMP: 26 may 2026 5:49:45 p.m.</description>
          <styleUrl>#style_70</styleUrl>
          <Point>
            <coordinates>-77.086683,-12.032026</coordinates>
          </Point>
        </Placemark>
        <Placemark>
          <name>-86</name>
          <description>
LAC: 38 CID: 255053:21 RNC: 0 PSC: 240
ACCURACY: 10
CHANGE_TYPE: DBM
TIMESTAMP: 26 may 2026 5:49:46 p.m.</description>
          <styleUrl>#style_60</styleUrl>
          <Point>
            <coordinates>-77.086683,-12.032026</coordinates>
          </Point>
        </Placemark>
        <Placemark>
          <name>-84</name>
          <description>
LAC: 38 CID: 255053:21 RNC: 0 PSC: 240
ACCURACY: 10
CHANGE_TYPE: DBM
TIMESTAMP: 26 may 2026 5:49:48 p.m.</description>
          <styleUrl>#style_60</styleUrl>
          <Point>
            <coordinates>-77.086683,-12.032026</coordinates>
          </Point>
        </Placemark>
        <Placemark>
          <name>-84</name>
          <description>
LAC: 38 CID: 255053:21 RNC: 0 PSC: 240
ACCURACY: 10
CHANGE_TYPE: DBM
TIMESTAMP: 26 may 2026 5:49:49 p.m.</description>
          <styleUrl>#style_60</styleUrl>
          <Point>
            <coordinates>-77.086646,-12.032055</coordinates>
          </Point>
        </Placemark>
        <Placemark>
          <name>-89</name>
          <description>
LAC: 38 CID: 255053:21 RNC: 0 PSC: 240
ACCURACY: 10
CHANGE_TYPE: DBM
TIMESTAMP: 26 may 2026 5:49:50 p.m.</description>
          <styleUrl>#style_50</styleUrl>
          <Point>
            <coordinates>-77.086646,-12.032055</coordinates>
          </Point>
        </Placemark>
        <Placemark>
          <name>-89</name>
          <description>
LAC: 38 CID: 255053:21 RNC: 0 PSC: 240
ACCURACY: 10
CHANGE_TYPE: DBM
TIMESTAMP: 26 may 2026 5:49:51 p.m.</description>
          <styleUrl>#style_50</styleUrl>
          <Point>
            <coordinates>-77.086646,-12.032055</coordinates>
          </Point>
        </Placemark>
        <Placemark>
          <name>-87</name>
          <description>
LAC: 38 CID: 255053:21 RNC: 0 PSC: 240
ACCURACY: 10
CHANGE_TYPE: DBM
TIMESTAMP: 26 may 2026 5:49:52 p.m.</description>
          <styleUrl>#style_50</styleUrl>
          <Point>
            <coordinates>-77.086646,-12.032055</coordinates>
          </Point>
        </Placemark>
        <Placemark>
          <name>-87</name>
          <description>
LAC: 38 CID: 255053:21 RNC: 0 PSC: 240
ACCURACY: 10
CHANGE_TYPE: DBM
TIMESTAMP: 26 may 2026 5:49:53 p.m.</description>
          <styleUrl>#style_50</styleUrl>
          <Point>
            <coordinates>-77.086646,-12.032055</coordinates>
          </Point>
        </Placemark>
        <Placemark>
          <name>-88</name>
          <description>
LAC: 38 CID: 255053:21 RNC: 0 PSC: 240
ACCURACY: 10
CHANGE_TYPE: DBM
TIMESTAMP: 26 may 2026 5:49:54 p.m.</description>
          <styleUrl>#style_50</styleUrl>
          <Point>
            <coordinates>-77.086603,-12.032074</coordinates>
          </Point>
        </Placemark>
        <Placemark>
          <name>-88</name>
          <description>
LAC: 38 CID: 255053:21 RNC: 0 PSC: 240
ACCURACY: 10
CHANGE_TYPE: DBM
TIMESTAMP: 26 may 2026 5:49:55 p.m.</description>
          <styleUrl>#style_50</styleUrl>
          <Point>
            <coordinates>-77.086603,-12.032074</coordinates>
          </Point>
        </Placemark>
        <Placemark>
          <name>-90</name>
          <description>
LAC: 38 CID: 255053:21 RNC: 0 PSC: 240
ACCURACY: 10
CHANGE_TYPE: DBM
TIMESTAMP: 26 may 2026 5:49:56 p.m.</description>
          <styleUrl>#style_50</styleUrl>
          <Point>
            <coordinates>-77.086603,-12.032074</coordinates>
          </Point>
        </Placemark>
        <Placemark>
          <name>-92</name>
          <description>
LAC: 38 CID: 255053:21 RNC: 0 PSC: 240
ACCURACY: 11
CHANGE_TYPE: DBM
TIMESTAMP: 26 may 2026 5:49:58 p.m.</description>
          <styleUrl>#style_50</styleUrl>
          <Point>
            <coordinates>-77.086553,-12.032078</coordinates>
          </Point>
        </Placemark>
        <Placemark>
          <name>-92</name>
          <description>
LAC: 38 CID: 255053:21 RNC: 0 PSC: 240
ACCURACY: 11
CHANGE_TYPE: DBM
TIMESTAMP: 26 may 2026 5:50:01 p.m.</description>
          <styleUrl>#style_50</styleUrl>
          <Point>
            <coordinates>-77.086553,-12.032078</coordinates>
          </Point>
        </Placemark>
        <Placemark>
          <name>-92</name>
          <description>
LAC: 38 CID: 255053:21 RNC: 0 PSC: 240
ACCURACY: 11
CHANGE_TYPE: DBM
TIMESTAMP: 26 may 2026 5:50:02 p.m.</description>
          <styleUrl>#style_50</styleUrl>
          <Point>
            <coordinates>-77.086553,-12.032078</coordinates>
          </Point>
        </Placemark>
        <Placemark>
          <name>-89</name>
          <description>
LAC: 38 CID: 255053:21 RNC: 0 PSC: 240
ACCURACY: 11
CHANGE_TYPE: DBM
TIMESTAMP: 26 may 2026 5:50:03 p.m.</description>
          <styleUrl>#style_50</styleUrl>
          <Point>
            <coordinates>-77.086553,-12.032078</coordinates>
          </Point>
        </Placemark>
        <Placemark>
          <name>-89</name>
          <description>
LAC: 38 CID: 255053:21 RNC: 0 PSC: 240
ACCURACY: 11
CHANGE_TYPE: DBM
TIMESTAMP: 26 may 2026 5:50:04 p.m.</description>
          <styleUrl>#style_50</styleUrl>
          <Point>
            <coordinates>-77.086497,-12.032101</coordinates>
          </Point>
        </Placemark>
        <Placemark>
          <name>-88</name>
          <description>
LAC: 38 CID: 255053:21 RNC: 0 PSC: 240
ACCURACY: 11
CHANGE_TYPE: DBM
TIMESTAMP: 26 may 2026 5:50:05 p.m.</description>
          <styleUrl>#style_50</styleUrl>
          <Point>
            <coordinates>-77.086497,-12.032101</coordinates>
          </Point>
        </Placemark>
        <Placemark>
          <name>-88</name>
          <description>
LAC: 38 CID: 255053:21 RNC: 0 PSC: 240
ACCURACY: 11
CHANGE_TYPE: DBM
TIMESTAMP: 26 may 2026 5:50:06 p.m.</description>
          <styleUrl>#style_50</styleUrl>
          <Point>
            <coordinates>-77.086497,-12.032101</coordinates>
          </Point>
        </Placemark>
        <Placemark>
          <name>-86</name>
          <description>
LAC: 38 CID: 255053:21 RNC: 0 PSC: 240
ACCURACY: 11
CHANGE_TYPE: DBM
TIMESTAMP: 26 may 2026 5:50:07 p.m.</description>
          <styleUrl>#style_60</styleUrl>
          <Point>
            <coordinates>-77.086497,-12.032101</coordinates>
          </Point>
        </Placemark>
        <Placemark>
          <name>-87</name>
          <description>
LAC: 38 CID: 255053:21 RNC: 0 PSC: 240
ACCURACY: 10
CHANGE_TYPE: DBM
TIMESTAMP: 26 may 2026 5:50:09 p.m.</description>
          <styleUrl>#style_50</styleUrl>
          <Point>
            <coordinates>-77.086451,-12.032123</coordinates>
          </Point>
        </Placemark>
        <Placemark>
          <name>-86</name>
          <description>
LAC: 38 CID: 255053:21 RNC: 0 PSC: 240
ACCURACY: 10
CHANGE_TYPE: DBM
TIMESTAMP: 26 may 2026 5:50:11 p.m.</description>
          <styleUrl>#style_60</styleUrl>
          <Point>
            <coordinates>-77.086451,-12.032123</coordinates>
          </Point>
        </Placemark>
        <Placemark>
          <name>-1</name>
          <description>
LAC: 38 CID: 255053:21 RNC: 0 PSC: 240
ACCURACY: 10
CHANGE_TYPE: DBM
TIMESTAMP: 26 may 2026 5:50:13 p.m.</description>
          <styleUrl>#style_0</styleUrl>
          <Point>
            <coordinates>-77.086451,-12.032123</coordinates>
          </Point>
        </Placemark>
        <Placemark>
          <name>-85</name>
          <description>
LAC: 38 CID: 255053:21 RNC: 0 PSC: 240
ACCURACY: 11
CHANGE_TYPE: DBM
TIMESTAMP: 26 may 2026 5:50:15 p.m.</description>
          <styleUrl>#style_60</styleUrl>
          <Point>
            <coordinates>-77.086407,-12.032142</coordinates>
          </Point>
        </Placemark>
        <Placemark>
          <name>-85</name>
          <description>
LAC: 38 CID: 255053:21 RNC: 0 PSC: 240
ACCURACY: 11
CHANGE_TYPE: DBM
TIMESTAMP: 26 may 2026 5:50:16 p.m.</description>
          <styleUrl>#style_60</styleUrl>
          <Point>
            <coordinates>-77.086407,-12.032142</coordinates>
          </Point>
        </Placemark>
        <Placemark>
          <name>-89</name>
          <description>
LAC: 38 CID: 255053:21 RNC: 0 PSC: 240
ACCURACY: 11
CHANGE_TYPE: DBM
TIMESTAMP: 26 may 2026 5:50:17 p.m.</description>
          <styleUrl>#style_50</styleUrl>
          <Point>
            <coordinates>-77.086407,-12.032142</coordinates>
          </Point>
        </Placemark>
        <Placemark>
          <name>-89</name>
          <description>
LAC: 38 CID: 255053:21 RNC: 0 PSC: 240
ACCURACY: 11
CHANGE_TYPE: DBM
TIMESTAMP: 26 may 2026 5:50:18 p.m.</description>
          <styleUrl>#style_50</styleUrl>
          <Point>
            <coordinates>-77.086407,-12.032142</coordinates>
          </Point>
        </Placemark>
        <Placemark>
          <name>-88</name>
          <description>
LAC: 38 CID: 255053:21 RNC: 0 PSC: 240
ACCURACY: 11
CHANGE_TYPE: DBM
TIMESTAMP: 26 may 2026 5:50:19 p.m.</description>
          <styleUrl>#style_50</styleUrl>
          <Point>
            <coordinates>-77.086407,-12.032142</coordinates>
          </Point>
        </Placemark>
        <Placemark>
          <name>-88</name>
          <description>
LAC: 38 CID: 255053:21 RNC: 0 PSC: 240
ACCURACY: 11
CHANGE_TYPE: DBM
TIMESTAMP: 26 may 2026 5:50:20 p.m.</description>
          <styleUrl>#style_50</styleUrl>
          <Point>
            <coordinates>-77.086407,-12.032142</coordinates>
          </Point>
        </Placemark>
        <Placemark>
          <name>-88</name>
          <description>
LAC: 38 CID: 255053:21 RNC: 0 PSC: 240
ACCURACY: 11
CHANGE_TYPE: DBM
TIMESTAMP: 26 may 2026 5:50:21 p.m.</description>
          <styleUrl>#style_50</styleUrl>
          <Point>
            <coordinates>-77.086407,-12.032142</coordinates>
          </Point>
        </Placemark>
        <Placemark>
          <name>-88</name>
          <description>
LAC: 38 CID: 255053:21 RNC: 0 PSC: 240
ACCURACY: 11
CHANGE_TYPE: DBM
TIMESTAMP: 26 may 2026 5:50:22 p.m.</description>
          <styleUrl>#style_50</styleUrl>
          <Point>
            <coordinates>-77.086407,-12.032142</coordinates>
          </Point>
        </Placemark>
        <Placemark>
          <name>-86</name>
          <description>
LAC: 38 CID: 255053:21 RNC: 0 PSC: 240
ACCURACY: 11
CHANGE_TYPE: DBM
TIMESTAMP: 26 may 2026 5:50:23 p.m.</description>
          <styleUrl>#style_60</styleUrl>
          <Point>
            <coordinates>-77.086407,-12.032142</coordinates>
          </Point>
        </Placemark>
        <Placemark>
          <name>-86</name>
          <description>
LAC: 38 CID: 255053:21 RNC: 0 PSC: 240
ACCURACY: 11
CHANGE_TYPE: DBM
TIMESTAMP: 26 may 2026 5:50:24 p.m.</description>
          <styleUrl>#style_60</styleUrl>
          <Point>
            <coordinates>-77.086352,-12.032152</coordinates>
          </Point>
        </Placemark>
        <Placemark>
          <name>-88</name>
          <description>
LAC: 38 CID: 255053:21 RNC: 0 PSC: 240
ACCURACY: 11
CHANGE_TYPE: DBM
TIMESTAMP: 26 may 2026 5:50:25 p.m.</description>
          <styleUrl>#style_50</styleUrl>
          <Point>
            <coordinates>-77.086352,-12.032152</coordinates>
          </Point>
        </Placemark>
        <Placemark>
          <name>-84</name>
          <description>
LAC: 38 CID: 255053:21 RNC: 0 PSC: 240
ACCURACY: 11
CHANGE_TYPE: DBM
TIMESTAMP: 26 may 2026 5:50:28 p.m.</description>
          <styleUrl>#style_60</styleUrl>
          <Point>
            <coordinates>-77.086352,-12.032152</coordinates>
          </Point>
        </Placemark>
        <Placemark>
          <name>-84</name>
          <description>
LAC: 38 CID: 255053:21 RNC: 0 PSC: 240
ACCURACY: 11
CHANGE_TYPE: DBM
TIMESTAMP: 26 may 2026 5:50:29 p.m.</description>
          <styleUrl>#style_60</styleUrl>
          <Point>
            <coordinates>-77.086305,-12.032175</coordinates>
          </Point>
        </Placemark>
        <Placemark>
          <name>-88</name>
          <description>
LAC: 38 CID: 255053:21 RNC: 0 PSC: 240
ACCURACY: 11
CHANGE_TYPE: DBM
TIMESTAMP: 26 may 2026 5:50:30 p.m.</description>
          <styleUrl>#style_50</styleUrl>
          <Point>
            <coordinates>-77.086305,-12.032175</coordinates>
          </Point>
        </Placemark>
        <Placemark>
          <name>-88</name>
          <description>
LAC: 38 CID: 255053:21 RNC: 0 PSC: 240
ACCURACY: 11
CHANGE_TYPE: DBM
TIMESTAMP: 26 may 2026 5:50:31 p.m.</description>
          <styleUrl>#style_50</styleUrl>
          <Point>
            <coordinates>-77.086305,-12.032175</coordinates>
          </Point>
        </Placemark>
        <Placemark>
          <name>-86</name>
          <description>
LAC: 38 CID: 255053:21 RNC: 0 PSC: 240
ACCURACY: 11
CHANGE_TYPE: DBM
TIMESTAMP: 26 may 2026 5:50:32 p.m.</description>
          <styleUrl>#style_60</styleUrl>
          <Point>
            <coordinates>-77.086305,-12.032175</coordinates>
          </Point>
        </Placemark>
        <Placemark>
          <name>-86</name>
          <description>
LAC: 38 CID: 255053:21 RNC: 0 PSC: 240
ACCURACY: 11
CHANGE_TYPE: DBM
TIMESTAMP: 26 may 2026 5:50:33 p.m.</description>
          <styleUrl>#style_60</styleUrl>
          <Point>
            <coordinates>-77.086305,-12.032175</coordinates>
          </Point>
        </Placemark>
        <Placemark>
          <name>-84</name>
          <description>
LAC: 38 CID: 255053:21 RNC: 0 PSC: 240
ACCURACY: 11
CHANGE_TYPE: DBM
TIMESTAMP: 26 may 2026 5:50:34 p.m.</description>
          <styleUrl>#style_60</styleUrl>
          <Point>
            <coordinates>-77.086257,-12.032191</coordinates>
          </Point>
        </Placemark>
        <Placemark>
          <name>-84</name>
          <description>
LAC: 38 CID: 255053:21 RNC: 0 PSC: 240
ACCURACY: 11
CHANGE_TYPE: DBM
TIMESTAMP: 26 may 2026 5:50:35 p.m.</description>
          <styleUrl>#style_60</styleUrl>
          <Point>
            <coordinates>-77.086257,-12.032191</coordinates>
          </Point>
        </Placemark>
        <Placemark>
          <name>-83</name>
          <description>
LAC: 38 CID: 255053:21 RNC: 0 PSC: 240
ACCURACY: 11
CHANGE_TYPE: DBM
TIMESTAMP: 26 may 2026 5:50:36 p.m.</description>
          <styleUrl>#style_60</styleUrl>
          <Point>
            <coordinates>-77.086257,-12.032191</coordinates>
          </Point>
        </Placemark>
        <Placemark>
          <name>-83</name>
          <description>
LAC: 38 CID: 255053:21 RNC: 0 PSC: 240
ACCURACY: 11
CHANGE_TYPE: DBM
TIMESTAMP: 26 may 2026 5:50:37 p.m.</description>
          <styleUrl>#style_60</styleUrl>
          <Point>
            <coordinates>-77.086257,-12.032191</coordinates>
          </Point>
        </Placemark>
        <Placemark>
          <name>-78</name>
          <description>
LAC: 38 CID: 255053:21 RNC: 0 PSC: 240
ACCURACY: 11
CHANGE_TYPE: DBM
TIMESTAMP: 26 may 2026 5:50:38 p.m.</description>
          <styleUrl>#style_60</styleUrl>
          <Point>
            <coordinates>-77.086257,-12.032191</coordinates>
          </Point>
        </Placemark>
        <Placemark>
          <name>-76</name>
          <description>
LAC: 38 CID: 255053:21 RNC: 0 PSC: 240
ACCURACY: 11
CHANGE_TYPE: DBM
TIMESTAMP: 26 may 2026 5:50:40 p.m.</description>
          <styleUrl>#style_70</styleUrl>
          <Point>
            <coordinates>-77.086257,-12.032191</coordinates>
          </Point>
        </Placemark>
        <Placemark>
          <name>-76</name>
          <description>
LAC: 38 CID: 255053:21 RNC: 0 PSC: 240
ACCURACY: 11
CHANGE_TYPE: DBM
TIMESTAMP: 26 may 2026 5:50:41 p.m.</description>
          <styleUrl>#style_70</styleUrl>
          <Point>
            <coordinates>-77.086257,-12.032191</coordinates>
          </Point>
        </Placemark>
        <Placemark>
          <name>-79</name>
          <description>
LAC: 38 CID: 255053:21 RNC: 0 PSC: 240
ACCURACY: 11
CHANGE_TYPE: DBM
TIMESTAMP: 26 may 2026 5:50:42 p.m.</description>
          <styleUrl>#style_60</styleUrl>
          <Point>
            <coordinates>-77.086257,-12.032191</coordinates>
          </Point>
        </Placemark>
        <Placemark>
          <name>-79</name>
          <description>
LAC: 38 CID: 255053:21 RNC: 0 PSC: 240
ACCURACY: 11
CHANGE_TYPE: DBM
TIMESTAMP: 26 may 2026 5:50:43 p.m.</description>
          <styleUrl>#style_60</styleUrl>
          <Point>
            <coordinates>-77.086257,-12.032191</coordinates>
          </Point>
        </Placemark>
        <Placemark>
          <name>-85</name>
          <description>
LAC: 38 CID: 255053:21 RNC: 0 PSC: 240
ACCURACY: 11
CHANGE_TYPE: DBM
TIMESTAMP: 26 may 2026 5:50:44 p.m.</description>
          <styleUrl>#style_60</styleUrl>
          <Point>
            <coordinates>-77.086257,-12.032191</coordinates>
          </Point>
        </Placemark>
        <Placemark>
          <name>-84</name>
          <description>
LAC: 38 CID: 255053:21 RNC: 0 PSC: 240
ACCURACY: 11
CHANGE_TYPE: DBM
TIMESTAMP: 26 may 2026 5:50:46 p.m.</description>
          <styleUrl>#style_60</styleUrl>
          <Point>
            <coordinates>-77.086257,-12.032191</coordinates>
          </Point>
        </Placemark>
        <Placemark>
          <name>-84</name>
          <description>
LAC: 38 CID: 255053:21 RNC: 0 PSC: 240
ACCURACY: 11
CHANGE_TYPE: DBM
TIMESTAMP: 26 may 2026 5:50:47 p.m.</description>
          <styleUrl>#style_60</styleUrl>
          <Point>
            <coordinates>-77.086257,-12.032191</coordinates>
          </Point>
        </Placemark>
        <Placemark>
          <name>-80</name>
          <description>
LAC: 38 CID: 255053:21 RNC: 0 PSC: 240
ACCURACY: 11
CHANGE_TYPE: DBM
TIMESTAMP: 26 may 2026 5:50:48 p.m.</description>
          <styleUrl>#style_60</styleUrl>
          <Point>
            <coordinates>-77.086257,-12.032191</coordinates>
          </Point>
        </Placemark>
        <Placemark>
          <name>-80</name>
          <description>
LAC: 38 CID: 255053:21 RNC: 0 PSC: 240
ACCURACY: 11
CHANGE_TYPE: DBM
TIMESTAMP: 26 may 2026 5:50:49 p.m.</description>
          <styleUrl>#style_60</styleUrl>
          <Point>
            <coordinates>-77.086257,-12.032191</coordinates>
          </Point>
        </Placemark>
        <Placemark>
          <name>-82</name>
          <description>
LAC: 38 CID: 255053:21 RNC: 0 PSC: 240
ACCURACY: 11
CHANGE_TYPE: DBM
TIMESTAMP: 26 may 2026 5:50:50 p.m.</description>
          <styleUrl>#style_60</styleUrl>
          <Point>
            <coordinates>-77.086257,-12.032191</coordinates>
          </Point>
        </Placemark>
        <Placemark>
          <name>-82</name>
          <description>
LAC: 38 CID: 255053:21 RNC: 0 PSC: 240
ACCURACY: 11
CHANGE_TYPE: DBM
TIMESTAMP: 26 may 2026 5:50:51 p.m.</description>
          <styleUrl>#style_60</styleUrl>
          <Point>
            <coordinates>-77.086257,-12.032191</coordinates>
          </Point>
        </Placemark>
        <Placemark>
          <name>-83</name>
          <description>
LAC: 38 CID: 255053:21 RNC: 0 PSC: 240
ACCURACY: 11
CHANGE_TYPE: DBM
TIMESTAMP: 26 may 2026 5:50:53 p.m.</description>
          <styleUrl>#style_60</styleUrl>
          <Point>
            <coordinates>-77.086257,-12.032191</coordinates>
          </Point>
        </Placemark>
        <Placemark>
          <name>-83</name>
          <description>
LAC: 38 CID: 255053:21 RNC: 0 PSC: 240
ACCURACY: 11
CHANGE_TYPE: DBM
TIMESTAMP: 26 may 2026 5:50:54 p.m.</description>
          <styleUrl>#style_60</styleUrl>
          <Point>
            <coordinates>-77.086183,-12.032188</coordinates>
          </Point>
        </Placemark>
        <Placemark>
          <name>-83</name>
          <description>
LAC: 38 CID: 255053:21 RNC: 0 PSC: 240
ACCURACY: 11
CHANGE_TYPE: DBM
TIMESTAMP: 26 may 2026 5:50:55 p.m.</description>
          <styleUrl>#style_60</styleUrl>
          <Point>
            <coordinates>-77.086183,-12.032188</coordinates>
          </Point>
        </Placemark>
        <Placemark>
          <name>-83</name>
          <description>
LAC: 38 CID: 255053:21 RNC: 0 PSC: 240
ACCURACY: 11
CHANGE_TYPE: DBM
TIMESTAMP: 26 may 2026 5:50:56 p.m.</description>
          <styleUrl>#style_60</styleUrl>
          <Point>
            <coordinates>-77.086183,-12.032188</coordinates>
          </Point>
        </Placemark>
        <Placemark>
          <name>-87</name>
          <description>
LAC: 38 CID: 255053:21 RNC: 0 PSC: 240
ACCURACY: 11
CHANGE_TYPE: DBM
TIMESTAMP: 26 may 2026 5:50:57 p.m.</description>
          <styleUrl>#style_50</styleUrl>
          <Point>
            <coordinates>-77.086183,-12.032188</coordinates>
          </Point>
        </Placemark>
        <Placemark>
          <name>-87</name>
          <description>
LAC: 38 CID: 255053:21 RNC: 0 PSC: 240
ACCURACY: 11
CHANGE_TYPE: DBM
TIMESTAMP: 26 may 2026 5:50:58 p.m.</description>
          <styleUrl>#style_50</styleUrl>
          <Point>
            <coordinates>-77.086183,-12.032188</coordinates>
          </Point>
        </Placemark>
        <Placemark>
          <name>-87</name>
          <description>
LAC: 38 CID: 255053:21 RNC: 0 PSC: 240
ACCURACY: 11
CHANGE_TYPE: DBM
TIMESTAMP: 26 may 2026 5:50:59 p.m.</description>
          <styleUrl>#style_50</styleUrl>
          <Point>
            <coordinates>-77.086183,-12.032188</coordinates>
          </Point>
        </Placemark>
        <Placemark>
          <name>-87</name>
          <description>
LAC: 38 CID: 255053:21 RNC: 0 PSC: 240
ACCURACY: 11
CHANGE_TYPE: DBM
TIMESTAMP: 26 may 2026 5:51:00 p.m.</description>
          <styleUrl>#style_50</styleUrl>
          <Point>
            <coordinates>-77.086183,-12.032188</coordinates>
          </Point>
        </Placemark>
        <Placemark>
          <name>-88</name>
          <description>
LAC: 38 CID: 255053:21 RNC: 0 PSC: 240
ACCURACY: 11
CHANGE_TYPE: DBM
TIMESTAMP: 26 may 2026 5:51:01 p.m.</description>
          <styleUrl>#style_50</styleUrl>
          <Point>
            <coordinates>-77.086183,-12.032188</coordinates>
          </Point>
        </Placemark>
        <Placemark>
          <name>-88</name>
          <description>
LAC: 38 CID: 255053:21 RNC: 0 PSC: 240
ACCURACY: 11
CHANGE_TYPE: DBM
TIMESTAMP: 26 may 2026 5:51:02 p.m.</description>
          <styleUrl>#style_50</styleUrl>
          <Point>
            <coordinates>-77.086183,-12.032188</coordinates>
          </Point>
        </Placemark>
        <Placemark>
          <name>-110</name>
          <description>
LAC: 38 CID: 255053:21 RNC: 0 PSC: 240
ACCURACY: 11
CHANGE_TYPE: DBM
TIMESTAMP: 26 may 2026 6:04:46 p.m.</description>
          <styleUrl>#style_30</styleUrl>
          <Point>
            <coordinates>-77.081439,-12.031936</coordinates>
          </Point>
        </Placemark>
        <Placemark>
          <name>-110</name>
          <description>
LAC: 38 CID: 255053:21 RNC: 0 PSC: 240
ACCURACY: 11
CHANGE_TYPE: DBM
TIMESTAMP: 26 may 2026 6:04:47 p.m.</description>
          <styleUrl>#style_30</styleUrl>
          <Point>
            <coordinates>-77.081439,-12.031936</coordinates>
          </Point>
        </Placemark>
        <Placemark>
          <name>-103</name>
          <description>
LAC: 38 CID: 255053:21 RNC: 0 PSC: 240
ACCURACY: 10
CHANGE_TYPE: DBM
TIMESTAMP: 26 may 2026 6:07:46 p.m.</description>
          <styleUrl>#style_40</styleUrl>
          <Point>
            <coordinates>-77.082484,-12.032445</coordinates>
          </Point>
        </Placemark>
        <Placemark>
          <name>-103</name>
          <description>
LAC: 38 CID: 255053:21 RNC: 0 PSC: 240
ACCURACY: 10
CHANGE_TYPE: DBM
TIMESTAMP: 26 may 2026 6:07:47 p.m.</description>
          <styleUrl>#style_40</styleUrl>
          <Point>
            <coordinates>-77.082484,-12.032445</coordinates>
          </Point>
        </Placemark>
        <Placemark>
          <name>-104</name>
          <description>
LAC: 38 CID: 255053:21 RNC: 0 PSC: 240
ACCURACY: 10
CHANGE_TYPE: DBM
TIMESTAMP: 26 may 2026 6:07:49 p.m.</description>
          <styleUrl>#style_40</styleUrl>
          <Point>
            <coordinates>-77.082497,-12.032503</coordinates>
          </Point>
        </Placemark>
        <Placemark>
          <name>-104</name>
          <description>
LAC: 38 CID: 255053:21 RNC: 0 PSC: 240
ACCURACY: 10
CHANGE_TYPE: DBM
TIMESTAMP: 26 may 2026 6:07:50 p.m.</description>
          <styleUrl>#style_40</styleUrl>
          <Point>
            <coordinates>-77.082497,-12.032503</coordinates>
          </Point>
        </Placemark>
        <Placemark>
          <name>-108</name>
          <description>
LAC: 38 CID: 255053:21 RNC: 0 PSC: 240
ACCURACY: 10
CHANGE_TYPE: DBM
TIMESTAMP: 26 may 2026 6:07:51 p.m.</description>
          <styleUrl>#style_30</styleUrl>
          <Point>
            <coordinates>-77.082497,-12.032503</coordinates>
          </Point>
        </Placemark>
        <Placemark>
          <name>-108</name>
          <description>
LAC: 38 CID: 255053:21 RNC: 0 PSC: 240
ACCURACY: 10
CHANGE_TYPE: DBM
TIMESTAMP: 26 may 2026 6:07:52 p.m.</description>
          <styleUrl>#style_30</styleUrl>
          <Point>
            <coordinates>-77.082497,-12.032503</coordinates>
          </Point>
        </Placemark>
        <Placemark>
          <name>-106</name>
          <description>
LAC: 38 CID: 255053:21 RNC: 0 PSC: 240
ACCURACY: 10
CHANGE_TYPE: DBM
TIMESTAMP: 26 may 2026 6:07:53 p.m.</description>
          <styleUrl>#style_40</styleUrl>
          <Point>
            <coordinates>-77.082497,-12.032503</coordinates>
          </Point>
        </Placemark>
        <Placemark>
          <name>-106</name>
          <description>
LAC: 38 CID: 255053:21 RNC: 0 PSC: 240
ACCURACY: 11
CHANGE_TYPE: DBM
TIMESTAMP: 26 may 2026 6:07:54 p.m.</description>
          <styleUrl>#style_40</styleUrl>
          <Point>
            <coordinates>-77.082527,-12.032542</coordinates>
          </Point>
        </Placemark>
        <Placemark>
          <name>-111</name>
          <description>
LAC: 38 CID: 255053:21 RNC: 0 PSC: 240
ACCURACY: 11
CHANGE_TYPE: DBM
TIMESTAMP: 26 may 2026 6:07:55 p.m.</description>
          <styleUrl>#style_30</styleUrl>
          <Point>
            <coordinates>-77.082527,-12.032542</coordinates>
          </Point>
        </Placemark>
        <Placemark>
          <name>-111</name>
          <description>
LAC: 38 CID: 255053:21 RNC: 0 PSC: 240
ACCURACY: 11
CHANGE_TYPE: DBM
TIMESTAMP: 26 may 2026 6:07:56 p.m.</description>
          <styleUrl>#style_30</styleUrl>
          <Point>
            <coordinates>-77.082527,-12.032542</coordinates>
          </Point>
        </Placemark>
        <Placemark>
          <name>-110</name>
          <description>
LAC: 38 CID: 255053:21 RNC: 0 PSC: 240
ACCURACY: 11
CHANGE_TYPE: DBM
TIMESTAMP: 26 may 2026 6:07:57 p.m.</description>
          <styleUrl>#style_30</styleUrl>
          <Point>
            <coordinates>-77.082527,-12.032542</coordinates>
          </Point>
        </Placemark>
        <Placemark>
          <name>-110</name>
          <description>
LAC: 38 CID: 255053:21 RNC: 0 PSC: 240
ACCURACY: 11
CHANGE_TYPE: DBM
TIMESTAMP: 26 may 2026 6:07:58 p.m.</description>
          <styleUrl>#style_30</styleUrl>
          <Point>
            <coordinates>-77.082527,-12.032542</coordinates>
          </Point>
        </Placemark>
        <Placemark>
          <name>-105</name>
          <description>
LAC: 38 CID: 255053:21 RNC: 0 PSC: 240
ACCURACY: 11
CHANGE_TYPE: DBM
TIMESTAMP: 26 may 2026 6:09:57 p.m.</description>
          <styleUrl>#style_40</styleUrl>
          <Point>
            <coordinates>-77.08279,-12.032837</coordinates>
          </Point>
        </Placemark>
        <Placemark>
          <name>-105</name>
          <description>
LAC: 38 CID: 255053:21 RNC: 0 PSC: 240
ACCURACY: 11
CHANGE_TYPE: DBM
TIMESTAMP: 26 may 2026 6:09:58 p.m.</description>
          <styleUrl>#style_40</styleUrl>
          <Point>
            <coordinates>-77.08279,-12.032837</coordinates>
          </Point>
        </Placemark>
        <Placemark>
          <name>-104</name>
          <description>
LAC: 38 CID: 255053:21 RNC: 0 PSC: 240
ACCURACY: 11
CHANGE_TYPE: DBM
TIMESTAMP: 26 may 2026 6:09:59 p.m.</description>
          <styleUrl>#style_40</styleUrl>
          <Point>
            <coordinates>-77.08279,-12.032837</coordinates>
          </Point>
        </Placemark>
        <Placemark>
          <name>-107</name>
          <description>
LAC: 38 CID: 255053:21 RNC: 0 PSC: 240
ACCURACY: 11
CHANGE_TYPE: DBM
TIMESTAMP: 26 may 2026 6:10:01 p.m.</description>
          <styleUrl>#style_30</styleUrl>
          <Point>
            <coordinates>-77.08279,-12.032837</coordinates>
          </Point>
        </Placemark>
        <Placemark>
          <name>-107</name>
          <description>
LAC: 38 CID: 255053:21 RNC: 0 PSC: 240
ACCURACY: 11
CHANGE_TYPE: DBM
TIMESTAMP: 26 may 2026 6:10:02 p.m.</description>
          <styleUrl>#style_30</styleUrl>
          <Point>
            <coordinates>-77.08279,-12.032837</coordinates>
          </Point>
        </Placemark>
        <Placemark>
          <name>-107</name>
          <description>
LAC: 38 CID: 255053:21 RNC: 0 PSC: 240
ACCURACY: 11
CHANGE_TYPE: DBM
TIMESTAMP: 26 may 2026 6:10:03 p.m.</description>
          <styleUrl>#style_30</styleUrl>
          <Point>
            <coordinates>-77.08279,-12.032837</coordinates>
          </Point>
        </Placemark>
        <Placemark>
          <name>-105</name>
          <description>
LAC: 38 CID: 255053:21 RNC: 0 PSC: 240
ACCURACY: 10
CHANGE_TYPE: DBM
TIMESTAMP: 26 may 2026 6:10:05 p.m.</description>
          <styleUrl>#style_40</styleUrl>
          <Point>
            <coordinates>-77.082879,-12.032817</coordinates>
          </Point>
        </Placemark>
        <Placemark>
          <name>-105</name>
          <description>
LAC: 38 CID: 255053:21 RNC: 0 PSC: 240
ACCURACY: 10
CHANGE_TYPE: DBM
TIMESTAMP: 26 may 2026 6:10:06 p.m.</description>
          <styleUrl>#style_40</styleUrl>
          <Point>
            <coordinates>-77.082879,-12.032817</coordinates>
          </Point>
        </Placemark>
        <Placemark>
          <name>-104</name>
          <description>
LAC: 38 CID: 255053:21 RNC: 0 PSC: 240
ACCURACY: 10
CHANGE_TYPE: DBM
TIMESTAMP: 26 may 2026 6:10:07 p.m.</description>
          <styleUrl>#style_40</styleUrl>
          <Point>
            <coordinates>-77.082879,-12.032817</coordinates>
          </Point>
        </Placemark>
        <Placemark>
          <name>-105</name>
          <description>
LAC: 38 CID: 255053:21 RNC: 0 PSC: 240
ACCURACY: 10
CHANGE_TYPE: DBM
TIMESTAMP: 26 may 2026 6:10:09 p.m.</description>
          <styleUrl>#style_40</styleUrl>
          <Point>
            <coordinates>-77.082879,-12.032817</coordinates>
          </Point>
        </Placemark>
        <Placemark>
          <name>-107</name>
          <description>
LAC: 38 CID: 255053:21 RNC: 0 PSC: 240
ACCURACY: 10
CHANGE_TYPE: DBM
TIMESTAMP: 26 may 2026 6:10:11 p.m.</description>
          <styleUrl>#style_30</styleUrl>
          <Point>
            <coordinates>-77.082879,-12.032817</coordinates>
          </Point>
        </Placemark>
        <Placemark>
          <name>-107</name>
          <description>
LAC: 38 CID: 255053:21 RNC: 0 PSC: 240
ACCURACY: 10
CHANGE_TYPE: DBM
TIMESTAMP: 26 may 2026 6:10:13 p.m.</description>
          <styleUrl>#style_30</styleUrl>
          <Point>
            <coordinates>-77.082879,-12.032817</coordinates>
          </Point>
        </Placemark>
        <Placemark>
          <name>-107</name>
          <description>
LAC: 38 CID: 255053:21 RNC: 0 PSC: 240
ACCURACY: 10
CHANGE_TYPE: DBM
TIMESTAMP: 26 may 2026 6:10:14 p.m.</description>
          <styleUrl>#style_30</styleUrl>
          <Point>
            <coordinates>-77.082965,-12.032827</coordinates>
          </Point>
        </Placemark>
        <Placemark>
          <name>-104</name>
          <description>
LAC: 38 CID: 255053:21 RNC: 0 PSC: 240
ACCURACY: 10
CHANGE_TYPE: DBM
TIMESTAMP: 26 may 2026 6:10:15 p.m.</description>
          <styleUrl>#style_40</styleUrl>
          <Point>
            <coordinates>-77.082965,-12.032827</coordinates>
          </Point>
        </Placemark>
        <Placemark>
          <name>-104</name>
          <description>
LAC: 38 CID: 255053:21 RNC: 0 PSC: 240
ACCURACY: 10
CHANGE_TYPE: DBM
TIMESTAMP: 26 may 2026 6:10:16 p.m.</description>
          <styleUrl>#style_40</styleUrl>
          <Point>
            <coordinates>-77.082965,-12.032827</coordinates>
          </Point>
        </Placemark>
        <Placemark>
          <name>-107</name>
          <description>
LAC: 38 CID: 255053:21 RNC: 0 PSC: 240
ACCURACY: 10
CHANGE_TYPE: DBM
TIMESTAMP: 26 may 2026 6:10:17 p.m.</description>
          <styleUrl>#style_30</styleUrl>
          <Point>
            <coordinates>-77.082965,-12.032827</coordinates>
          </Point>
        </Placemark>
        <Placemark>
          <name>-107</name>
          <description>
LAC: 38 CID: 255053:21 RNC: 0 PSC: 240
ACCURACY: 10
CHANGE_TYPE: DBM
TIMESTAMP: 26 may 2026 6:10:18 p.m.</description>
          <styleUrl>#style_30</styleUrl>
          <Point>
            <coordinates>-77.082965,-12.032827</coordinates>
          </Point>
        </Placemark>
        <Placemark>
          <name>-106</name>
          <description>
LAC: 38 CID: 255053:21 RNC: 0 PSC: 240
ACCURACY: 10
CHANGE_TYPE: DBM
TIMESTAMP: 26 may 2026 6:10:19 p.m.</description>
          <styleUrl>#style_40</styleUrl>
          <Point>
            <coordinates>-77.082965,-12.032827</coordinates>
          </Point>
        </Placemark>
        <Placemark>
          <name>-105</name>
          <description>
LAC: 38 CID: 255053:21 RNC: 0 PSC: 240
ACCURACY: 10
CHANGE_TYPE: DBM
TIMESTAMP: 26 may 2026 6:10:21 p.m.</description>
          <styleUrl>#style_40</styleUrl>
          <Point>
            <coordinates>-77.082965,-12.032827</coordinates>
          </Point>
        </Placemark>
        <Placemark>
          <name>-109</name>
          <description>
LAC: 38 CID: 255053:21 RNC: 0 PSC: 240
ACCURACY: 10
CHANGE_TYPE: DBM
TIMESTAMP: 26 may 2026 6:10:23 p.m.</description>
          <styleUrl>#style_30</styleUrl>
          <Point>
            <coordinates>-77.083045,-12.032824</coordinates>
          </Point>
        </Placemark>
        <Placemark>
          <name>-108</name>
          <description>
LAC: 38 CID: 255053:21 RNC: 0 PSC: 240
ACCURACY: 10
CHANGE_TYPE: DBM
TIMESTAMP: 26 may 2026 6:10:26 p.m.</description>
          <styleUrl>#style_30</styleUrl>
          <Point>
            <coordinates>-77.083045,-12.032824</coordinates>
          </Point>
        </Placemark>
        <Placemark>
          <name>-108</name>
          <description>
LAC: 38 CID: 255053:21 RNC: 0 PSC: 240
ACCURACY: 10
CHANGE_TYPE: DBM
TIMESTAMP: 26 may 2026 6:10:27 p.m.</description>
          <styleUrl>#style_30</styleUrl>
          <Point>
            <coordinates>-77.083045,-12.032824</coordinates>
          </Point>
        </Placemark>
        <Placemark>
          <name>-109</name>
          <description>
LAC: 38 CID: 255053:21 RNC: 0 PSC: 240
ACCURACY: 10
CHANGE_TYPE: DBM
TIMESTAMP: 26 may 2026 6:10:28 p.m.</description>
          <styleUrl>#style_30</styleUrl>
          <Point>
            <coordinates>-77.083045,-12.032824</coordinates>
          </Point>
        </Placemark>
        <Placemark>
          <name>-105</name>
          <description>
LAC: 38 CID: 255053:21 RNC: 0 PSC: 240
ACCURACY: 10
CHANGE_TYPE: DBM
TIMESTAMP: 26 may 2026 6:10:30 p.m.</description>
          <styleUrl>#style_40</styleUrl>
          <Point>
            <coordinates>-77.083045,-12.032824</coordinates>
          </Point>
        </Placemark>
        <Placemark>
          <name>-105</name>
          <description>
LAC: 38 CID: 255053:21 RNC: 0 PSC: 240
ACCURACY: 10
CHANGE_TYPE: DBM
TIMESTAMP: 26 may 2026 6:10:31 p.m.</description>
          <styleUrl>#style_40</styleUrl>
          <Point>
            <coordinates>-77.083045,-12.032824</coordinates>
          </Point>
        </Placemark>
        <Placemark>
          <name>-105</name>
          <description>
LAC: 38 CID: 255053:21 RNC: 0 PSC: 240
ACCURACY: 10
CHANGE_TYPE: DBM
TIMESTAMP: 26 may 2026 6:10:32 p.m.</description>
          <styleUrl>#style_40</styleUrl>
          <Point>
            <coordinates>-77.083045,-12.032824</coordinates>
          </Point>
        </Placemark>
        <Placemark>
          <name>-105</name>
          <description>
LAC: 38 CID: 255053:21 RNC: 0 PSC: 240
ACCURACY: 10
CHANGE_TYPE: DBM
TIMESTAMP: 26 may 2026 6:10:33 p.m.</description>
          <styleUrl>#style_40</styleUrl>
          <Point>
            <coordinates>-77.083045,-12.032824</coordinates>
          </Point>
        </Placemark>
        <Placemark>
          <name>-106</name>
          <description>
LAC: 38 CID: 255053:21 RNC: 0 PSC: 240
ACCURACY: 11
CHANGE_TYPE: DBM
TIMESTAMP: 26 may 2026 6:10:34 p.m.</description>
          <styleUrl>#style_40</styleUrl>
          <Point>
            <coordinates>-77.083114,-12.032814</coordinates>
          </Point>
        </Placemark>
        <Placemark>
          <name>-106</name>
          <description>
LAC: 38 CID: 255053:21 RNC: 0 PSC: 240
ACCURACY: 11
CHANGE_TYPE: DBM
TIMESTAMP: 26 may 2026 6:10:35 p.m.</description>
          <styleUrl>#style_40</styleUrl>
          <Point>
            <coordinates>-77.083114,-12.032814</coordinates>
          </Point>
        </Placemark>
        <Placemark>
          <name>-105</name>
          <description>
LAC: 38 CID: 255053:21 RNC: 0 PSC: 240
ACCURACY: 11
CHANGE_TYPE: DBM
TIMESTAMP: 26 may 2026 6:10:36 p.m.</description>
          <styleUrl>#style_40</styleUrl>
          <Point>
            <coordinates>-77.083114,-12.032814</coordinates>
          </Point>
        </Placemark>
        <Placemark>
          <name>-105</name>
          <description>
LAC: 38 CID: 255053:21 RNC: 0 PSC: 240
ACCURACY: 11
CHANGE_TYPE: DBM
TIMESTAMP: 26 may 2026 6:10:37 p.m.</description>
          <styleUrl>#style_40</styleUrl>
          <Point>
            <coordinates>-77.083114,-12.032814</coordinates>
          </Point>
        </Placemark>
        <Placemark>
          <name>-103</name>
          <description>
LAC: 38 CID: 255053:21 RNC: 0 PSC: 240
ACCURACY: 11
CHANGE_TYPE: DBM
TIMESTAMP: 26 may 2026 6:10:38 p.m.</description>
          <styleUrl>#style_40</styleUrl>
          <Point>
            <coordinates>-77.083114,-12.032814</coordinates>
          </Point>
        </Placemark>
        <Placemark>
          <name>-104</name>
          <description>
LAC: 38 CID: 255053:21 RNC: 0 PSC: 240
ACCURACY: 11
CHANGE_TYPE: DBM
TIMESTAMP: 26 may 2026 6:10:40 p.m.</description>
          <styleUrl>#style_40</styleUrl>
          <Point>
            <coordinates>-77.083114,-12.032814</coordinates>
          </Point>
        </Placemark>
        <Placemark>
          <name>-104</name>
          <description>
LAC: 38 CID: 255053:21 RNC: 0 PSC: 240
ACCURACY: 11
CHANGE_TYPE: DBM
TIMESTAMP: 26 may 2026 6:10:41 p.m.</description>
          <styleUrl>#style_40</styleUrl>
          <Point>
            <coordinates>-77.083114,-12.032814</coordinates>
          </Point>
        </Placemark>
        <Placemark>
          <name>-103</name>
          <description>
LAC: 38 CID: 255053:21 RNC: 0 PSC: 240
ACCURACY: 11
CHANGE_TYPE: DBM
TIMESTAMP: 26 may 2026 6:10:42 p.m.</description>
          <styleUrl>#style_40</styleUrl>
          <Point>
            <coordinates>-77.083114,-12.032814</coordinates>
          </Point>
        </Placemark>
        <Placemark>
          <name>-103</name>
          <description>
LAC: 38 CID: 255053:21 RNC: 0 PSC: 240
ACCURACY: 11
CHANGE_TYPE: DBM
TIMESTAMP: 26 may 2026 6:10:43 p.m.</description>
          <styleUrl>#style_40</styleUrl>
          <Point>
            <coordinates>-77.083114,-12.032814</coordinates>
          </Point>
        </Placemark>
        <Placemark>
          <name>-105</name>
          <description>
LAC: 38 CID: 255053:21 RNC: 0 PSC: 240
ACCURACY: 12
CHANGE_TYPE: DBM
TIMESTAMP: 26 may 2026 6:10:44 p.m.</description>
          <styleUrl>#style_40</styleUrl>
          <Point>
            <coordinates>-77.083182,-12.032801</coordinates>
          </Point>
        </Placemark>
        <Placemark>
          <name>-105</name>
          <description>
LAC: 38 CID: 255053:21 RNC: 0 PSC: 240
ACCURACY: 12
CHANGE_TYPE: DBM
TIMESTAMP: 26 may 2026 6:10:45 p.m.</description>
          <styleUrl>#style_40</styleUrl>
          <Point>
            <coordinates>-77.083182,-12.032801</coordinates>
          </Point>
        </Placemark>
        <Placemark>
          <name>-104</name>
          <description>
LAC: 38 CID: 255053:21 RNC: 0 PSC: 240
ACCURACY: 12
CHANGE_TYPE: DBM
TIMESTAMP: 26 may 2026 6:10:46 p.m.</description>
          <styleUrl>#style_40</styleUrl>
          <Point>
            <coordinates>-77.083182,-12.032801</coordinates>
          </Point>
        </Placemark>
        <Placemark>
          <name>-104</name>
          <description>
LAC: 38 CID: 255053:21 RNC: 0 PSC: 240
ACCURACY: 12
CHANGE_TYPE: DBM
TIMESTAMP: 26 may 2026 6:10:48 p.m.</description>
          <styleUrl>#style_40</styleUrl>
          <Point>
            <coordinates>-77.083182,-12.032801</coordinates>
          </Point>
        </Placemark>
        <Placemark>
          <name>-114</name>
          <description>
LAC: 38 CID: 255053:21 RNC: 0 PSC: 240
ACCURACY: 12
CHANGE_TYPE: DBM
TIMESTAMP: 26 may 2026 6:10:50 p.m.</description>
          <styleUrl>#style_30</styleUrl>
          <Point>
            <coordinates>-77.083182,-12.032801</coordinates>
          </Point>
        </Placemark>
        <Placemark>
          <name>-114</name>
          <description>
LAC: 38 CID: 255053:21 RNC: 0 PSC: 240
ACCURACY: 12
CHANGE_TYPE: DBM
TIMESTAMP: 26 may 2026 6:10:51 p.m.</description>
          <styleUrl>#style_30</styleUrl>
          <Point>
            <coordinates>-77.083182,-12.032801</coordinates>
          </Point>
        </Placemark>
        <Placemark>
          <name>-119</name>
          <description>
LAC: 38 CID: 255053:21 RNC: 0 PSC: 240
ACCURACY: 12
CHANGE_TYPE: DBM
TIMESTAMP: 26 may 2026 6:10:52 p.m.</description>
          <styleUrl>#style_20</styleUrl>
          <Point>
            <coordinates>-77.083182,-12.032801</coordinates>
          </Point>
        </Placemark>
        <Placemark>
          <name>-115</name>
          <description>
LAC: 38 CID: 255053:21 RNC: 0 PSC: 240
ACCURACY: 12
CHANGE_TYPE: DBM
TIMESTAMP: 26 may 2026 6:10:55 p.m.</description>
          <styleUrl>#style_30</styleUrl>
          <Point>
            <coordinates>-77.083182,-12.032801</coordinates>
          </Point>
        </Placemark>
        <Placemark>
          <name>-115</name>
          <description>
LAC: 38 CID: 255053:21 RNC: 0 PSC: 240
ACCURACY: 12
CHANGE_TYPE: DBM
TIMESTAMP: 26 may 2026 6:10:56 p.m.</description>
          <styleUrl>#style_30</styleUrl>
          <Point>
            <coordinates>-77.083182,-12.032801</coordinates>
          </Point>
        </Placemark>
        <Placemark>
          <name>-127</name>
          <description>
LAC: 38 CID: 255053:21 RNC: 0 PSC: 240
ACCURACY: 12
CHANGE_TYPE: DBM
TIMESTAMP: 26 may 2026 6:10:57 p.m.</description>
          <styleUrl>#style_10</styleUrl>
          <Point>
            <coordinates>-77.083182,-12.032801</coordinates>
          </Point>
        </Placemark>
        <Placemark>
          <name>-116</name>
          <description>
LAC: 38 CID: 255053:21 RNC: 0 PSC: 240
ACCURACY: 24
CHANGE_TYPE: DBM
TIMESTAMP: 26 may 2026 6:10:59 p.m.</description>
          <styleUrl>#style_20</styleUrl>
          <Point>
            <coordinates>-77.08324,-12.032713</coordinates>
          </Point>
        </Placemark>
        <Placemark>
          <name>-116</name>
          <description>
LAC: 38 CID: 255053:21 RNC: 0 PSC: 240
ACCURACY: 24
CHANGE_TYPE: DBM
TIMESTAMP: 26 may 2026 6:11:00 p.m.</description>
          <styleUrl>#style_20</styleUrl>
          <Point>
            <coordinates>-77.08324,-12.032713</coordinates>
          </Point>
        </Placemark>
        <Placemark>
          <name>-120</name>
          <description>
LAC: 38 CID: 255053:21 RNC: 0 PSC: 240
ACCURACY: 24
CHANGE_TYPE: DBM
TIMESTAMP: 26 may 2026 6:11:01 p.m.</description>
          <styleUrl>#style_20</styleUrl>
          <Point>
            <coordinates>-77.08324,-12.032713</coordinates>
          </Point>
        </Placemark>
        <Placemark>
          <name>-125</name>
          <description>
LAC: 38 CID: 255053:21 RNC: 0 PSC: 240
ACCURACY: 24
CHANGE_TYPE: DBM
TIMESTAMP: 26 may 2026 6:11:03 p.m.</description>
          <styleUrl>#style_20</styleUrl>
          <Point>
            <coordinates>-77.08324,-12.032713</coordinates>
          </Point>
        </Placemark>
        <Placemark>
          <name>-101</name>
          <description>
LAC: 38 CID: 255053:21 RNC: 0 PSC: 240
ACCURACY: 10
CHANGE_TYPE: GPS
TIMESTAMP: 26 may 2026 5:37:23 p.m.</description>
          <styleUrl>#style_40</styleUrl>
          <Point>
            <coordinates>-77.085812,-12.029723</coordinates>
          </Point>
        </Placemark>
        <Placemark>
          <name>-106</name>
          <description>
LAC: 38 CID: 255053:21 RNC: 0 PSC: 240
ACCURACY: 10
CHANGE_TYPE: GPS
TIMESTAMP: 26 may 2026 5:37:33 p.m.</description>
          <styleUrl>#style_40</styleUrl>
          <Point>
            <coordinates>-77.085813,-12.029654</coordinates>
          </Point>
        </Placemark>
        <Placemark>
          <name>-72</name>
          <description>
LAC: 38 CID: 255053:21 RNC: 0 PSC: 240
ACCURACY: 11
CHANGE_TYPE: GPS
TIMESTAMP: 26 may 2026 5:48:23 p.m.</description>
          <styleUrl>#style_70</styleUrl>
          <Point>
            <coordinates>-77.086509,-12.031466</coordinates>
          </Point>
        </Placemark>
        <Placemark>
          <name>-74</name>
          <description>
LAC: 38 CID: 255053:21 RNC: 0 PSC: 240
ACCURACY: 11
CHANGE_TYPE: GPS
TIMESTAMP: 26 may 2026 5:48:28 p.m.</description>
          <styleUrl>#style_70</styleUrl>
          <Point>
            <coordinates>-77.086526,-12.031514</coordinates>
          </Point>
        </Placemark>
        <Placemark>
          <name>-70</name>
          <description>
LAC: 38 CID: 255053:21 RNC: 0 PSC: 240
ACCURACY: 11
CHANGE_TYPE: GPS
TIMESTAMP: 26 may 2026 5:48:38 p.m.</description>
          <styleUrl>#style_70</styleUrl>
          <Point>
            <coordinates>-77.086547,-12.031583</coordinates>
          </Point>
        </Placemark>
        <Placemark>
          <name>-71</name>
          <description>
LAC: 38 CID: 255053:21 RNC: 0 PSC: 240
ACCURACY: 10
CHANGE_TYPE: GPS
TIMESTAMP: 26 may 2026 5:48:43 p.m.</description>
          <styleUrl>#style_70</styleUrl>
          <Point>
            <coordinates>-77.086559,-12.031637</coordinates>
          </Point>
        </Placemark>
        <Placemark>
          <name>-74</name>
          <description>
LAC: 38 CID: 255053:21 RNC: 0 PSC: 240
ACCURACY: 11
CHANGE_TYPE: GPS
TIMESTAMP: 26 may 2026 5:48:53 p.m.</description>
          <styleUrl>#style_70</styleUrl>
          <Point>
            <coordinates>-77.086591,-12.03171</coordinates>
          </Point>
        </Placemark>
        <Placemark>
          <name>-75</name>
          <description>
LAC: 38 CID: 255053:21 RNC: 0 PSC: 240
ACCURACY: 11
CHANGE_TYPE: GPS
TIMESTAMP: 26 may 2026 5:48:58 p.m.</description>
          <styleUrl>#style_70</styleUrl>
          <Point>
            <coordinates>-77.086609,-12.031762</coordinates>
          </Point>
        </Placemark>
        <Placemark>
          <name>-73</name>
          <description>
LAC: 38 CID: 255053:21 RNC: 0 PSC: 240
ACCURACY: 11
CHANGE_TYPE: GPS
TIMESTAMP: 26 may 2026 5:49:08 p.m.</description>
          <styleUrl>#style_70</styleUrl>
          <Point>
            <coordinates>-77.086635,-12.031829</coordinates>
          </Point>
        </Placemark>
        <Placemark>
          <name>-78</name>
          <description>
LAC: 38 CID: 255053:21 RNC: 0 PSC: 240
ACCURACY: 10
CHANGE_TYPE: GPS
TIMESTAMP: 26 may 2026 5:49:18 p.m.</description>
          <styleUrl>#style_60</styleUrl>
          <Point>
            <coordinates>-77.086652,-12.031885</coordinates>
          </Point>
        </Placemark>
        <Placemark>
          <name>-73</name>
          <description>
LAC: 38 CID: 255053:21 RNC: 0 PSC: 240
ACCURACY: 10
CHANGE_TYPE: GPS
TIMESTAMP: 26 may 2026 5:49:33 p.m.</description>
          <styleUrl>#style_70</styleUrl>
          <Point>
            <coordinates>-77.08668,-12.031944</coordinates>
          </Point>
        </Placemark>
        <Placemark>
          <name>-76</name>
          <description>
LAC: 38 CID: 255053:21 RNC: 0 PSC: 240
ACCURACY: 10
CHANGE_TYPE: GPS
TIMESTAMP: 26 may 2026 5:49:43 p.m.</description>
          <styleUrl>#style_70</styleUrl>
          <Point>
            <coordinates>-77.086683,-12.032026</coordinates>
          </Point>
        </Placemark>
        <Placemark>
          <name>-84</name>
          <description>
LAC: 38 CID: 255053:21 RNC: 0 PSC: 240
ACCURACY: 10
CHANGE_TYPE: GPS
TIMESTAMP: 26 may 2026 5:49:48 p.m.</description>
          <styleUrl>#style_60</styleUrl>
          <Point>
            <coordinates>-77.086646,-12.032055</coordinates>
          </Point>
        </Placemark>
        <Placemark>
          <name>-87</name>
          <description>
LAC: 38 CID: 255053:21 RNC: 0 PSC: 240
ACCURACY: 10
CHANGE_TYPE: GPS
TIMESTAMP: 26 may 2026 5:49:53 p.m.</description>
          <styleUrl>#style_50</styleUrl>
          <Point>
            <coordinates>-77.086603,-12.032074</coordinates>
          </Point>
        </Placemark>
        <Placemark>
          <name>-90</name>
          <description>
LAC: 38 CID: 255053:21 RNC: 0 PSC: 240
ACCURACY: 11
CHANGE_TYPE: GPS
TIMESTAMP: 26 may 2026 5:49:58 p.m.</description>
          <styleUrl>#style_50</styleUrl>
          <Point>
            <coordinates>-77.086553,-12.032078</coordinates>
          </Point>
        </Placemark>
        <Placemark>
          <name>-89</name>
          <description>
LAC: 38 CID: 255053:21 RNC: 0 PSC: 240
ACCURACY: 11
CHANGE_TYPE: GPS
TIMESTAMP: 26 may 2026 5:50:03 p.m.</description>
          <styleUrl>#style_50</styleUrl>
          <Point>
            <coordinates>-77.086497,-12.032101</coordinates>
          </Point>
        </Placemark>
        <Placemark>
          <name>-86</name>
          <description>
LAC: 38 CID: 255053:21 RNC: 0 PSC: 240
ACCURACY: 10
CHANGE_TYPE: GPS
TIMESTAMP: 26 may 2026 5:50:08 p.m.</description>
          <styleUrl>#style_60</styleUrl>
          <Point>
            <coordinates>-77.086451,-12.032123</coordinates>
          </Point>
        </Placemark>
        <Placemark>
          <name>-1</name>
          <description>
LAC: 38 CID: 255053:21 RNC: 0 PSC: 240
ACCURACY: 11
CHANGE_TYPE: GPS
TIMESTAMP: 26 may 2026 5:50:13 p.m.</description>
          <styleUrl>#style_0</styleUrl>
          <Point>
            <coordinates>-77.086407,-12.032142</coordinates>
          </Point>
        </Placemark>
        <Placemark>
          <name>-86</name>
          <description>
LAC: 38 CID: 255053:21 RNC: 0 PSC: 240
ACCURACY: 11
CHANGE_TYPE: GPS
TIMESTAMP: 26 may 2026 5:50:23 p.m.</description>
          <styleUrl>#style_60</styleUrl>
          <Point>
            <coordinates>-77.086352,-12.032152</coordinates>
          </Point>
        </Placemark>
        <Placemark>
          <name>-84</name>
          <description>
LAC: 38 CID: 255053:21 RNC: 0 PSC: 240
ACCURACY: 11
CHANGE_TYPE: GPS
TIMESTAMP: 26 may 2026 5:50:28 p.m.</description>
          <styleUrl>#style_60</styleUrl>
          <Point>
            <coordinates>-77.086305,-12.032175</coordinates>
          </Point>
        </Placemark>
        <Placemark>
          <name>-86</name>
          <description>
LAC: 38 CID: 255053:21 RNC: 0 PSC: 240
ACCURACY: 11
CHANGE_TYPE: GPS
TIMESTAMP: 26 may 2026 5:50:33 p.m.</description>
          <styleUrl>#style_60</styleUrl>
          <Point>
            <coordinates>-77.086257,-12.032191</coordinates>
          </Point>
        </Placemark>
        <Placemark>
          <name>-83</name>
          <description>
LAC: 38 CID: 255053:21 RNC: 0 PSC: 240
ACCURACY: 11
CHANGE_TYPE: GPS
TIMESTAMP: 26 may 2026 5:50:53 p.m.</description>
          <styleUrl>#style_60</styleUrl>
          <Point>
            <coordinates>-77.086183,-12.032188</coordinates>
          </Point>
        </Placemark>
        <Placemark>
          <name>-103</name>
          <description>
LAC: 38 CID: 255053:21 RNC: 0 PSC: 240
ACCURACY: 10
CHANGE_TYPE: GPS
TIMESTAMP: 26 may 2026 6:07:48 p.m.</description>
          <styleUrl>#style_40</styleUrl>
          <Point>
            <coordinates>-77.082497,-12.032503</coordinates>
          </Point>
        </Placemark>
        <Placemark>
          <name>-106</name>
          <description>
LAC: 38 CID: 255053:21 RNC: 0 PSC: 240
ACCURACY: 11
CHANGE_TYPE: GPS
TIMESTAMP: 26 may 2026 6:07:53 p.m.</description>
          <styleUrl>#style_40</styleUrl>
          <Point>
            <coordinates>-77.082527,-12.032542</coordinates>
          </Point>
        </Placemark>
        <Placemark>
          <name>-110</name>
          <description>
LAC: 38 CID: 255053:21 RNC: 0 PSC: 240
ACCURACY: 10
CHANGE_TYPE: GPS
TIMESTAMP: 26 may 2026 6:07:58 p.m.</description>
          <styleUrl>#style_30</styleUrl>
          <Point>
            <coordinates>-77.082551,-12.032593</coordinates>
          </Point>
        </Placemark>
        <Placemark>
          <name>-107</name>
          <description>
LAC: 38 CID: 255053:21 RNC: 0 PSC: 240
ACCURACY: 10
CHANGE_TYPE: GPS
TIMESTAMP: 26 may 2026 6:10:03 p.m.</description>
          <styleUrl>#style_30</styleUrl>
          <Point>
            <coordinates>-77.082879,-12.032817</coordinates>
          </Point>
        </Placemark>
        <Placemark>
          <name>-107</name>
          <description>
LAC: 38 CID: 255053:21 RNC: 0 PSC: 240
ACCURACY: 10
CHANGE_TYPE: GPS
TIMESTAMP: 26 may 2026 6:10:13 p.m.</description>
          <styleUrl>#style_30</styleUrl>
          <Point>
            <coordinates>-77.082965,-12.032827</coordinates>
          </Point>
        </Placemark>
        <Placemark>
          <name>-105</name>
          <description>
LAC: 38 CID: 255053:21 RNC: 0 PSC: 240
ACCURACY: 10
CHANGE_TYPE: GPS
TIMESTAMP: 26 may 2026 6:10:23 p.m.</description>
          <styleUrl>#style_40</styleUrl>
          <Point>
            <coordinates>-77.083045,-12.032824</coordinates>
          </Point>
        </Placemark>
        <Placemark>
          <name>-105</name>
          <description>
LAC: 38 CID: 255053:21 RNC: 0 PSC: 240
ACCURACY: 11
CHANGE_TYPE: GPS
TIMESTAMP: 26 may 2026 6:10:33 p.m.</description>
          <styleUrl>#style_40</styleUrl>
          <Point>
            <coordinates>-77.083114,-12.032814</coordinates>
          </Point>
        </Placemark>
        <Placemark>
          <name>-103</name>
          <description>
LAC: 38 CID: 255053:21 RNC: 0 PSC: 240
ACCURACY: 12
CHANGE_TYPE: GPS
TIMESTAMP: 26 may 2026 6:10:43 p.m.</description>
          <styleUrl>#style_40</styleUrl>
          <Point>
            <coordinates>-77.083182,-12.032801</coordinates>
          </Point>
        </Placemark>
        <Placemark>
          <name>-127</name>
          <description>
LAC: 38 CID: 255053:21 RNC: 0 PSC: 240
ACCURACY: 24
CHANGE_TYPE: GPS
TIMESTAMP: 26 may 2026 6:10:58 p.m.</description>
          <styleUrl>#style_10</styleUrl>
          <Point>
            <coordinates>-77.08324,-12.032713</coordinates>
          </Point>
        </Placemark>
      </Folder>
      <Folder>
        <open>0</open>
        <name>LAC: 38 CID: 255053:191 RNC: 0 PSC: 240</name>
      </Folder>
      <Folder>
        <open>0</open>
        <name>LAC: 38 CID: 255053:193 RNC: 0 PSC: 239</name>
        <Placemark>
          <name>-101</name>
          <description>
LAC: 38 CID: 255053:193 RNC: 0 PSC: 239
ACCURACY: 8
CHANGE_TYPE: CELL
TIMESTAMP: 26 may 2026 5:25:33 p.m.</description>
          <styleUrl>#style_40</styleUrl>
          <Point>
            <coordinates>-77.09097,-12.030361</coordinates>
          </Point>
        </Placemark>
        <Placemark>
          <name>-108</name>
          <description>
LAC: 38 CID: 255053:193 RNC: 0 PSC: 239
ACCURACY: 3
CHANGE_TYPE: CELL
TIMESTAMP: 26 may 2026 5:25:41 p.m.</description>
          <styleUrl>#style_30</styleUrl>
          <Point>
            <coordinates>-77.090827,-12.030149</coordinates>
          </Point>
        </Placemark>
        <Placemark>
          <name>-107</name>
          <description>
LAC: 38 CID: 255053:193 RNC: 0 PSC: 239
ACCURACY: 19
CHANGE_TYPE: CELL
TIMESTAMP: 26 may 2026 5:25:53 p.m.</description>
          <styleUrl>#style_30</styleUrl>
          <Point>
            <coordinates>-77.090773,-12.030154</coordinates>
          </Point>
        </Placemark>
        <Placemark>
          <name>-1</name>
          <description>
LAC: 38 CID: 255053:193 RNC: 0 PSC: 239
ACCURACY: 22
CHANGE_TYPE: CELL
TIMESTAMP: 26 may 2026 5:25:57 p.m.</description>
          <styleUrl>#style_0</styleUrl>
          <Point>
            <coordinates>-77.090703,-12.030109</coordinates>
          </Point>
        </Placemark>
        <Placemark>
          <name>-105</name>
          <description>
LAC: 38 CID: 255053:193 RNC: 0 PSC: 239
ACCURACY: 23
CHANGE_TYPE: CELL
TIMESTAMP: 26 may 2026 5:26:04 p.m.</description>
          <styleUrl>#style_40</styleUrl>
          <Point>
            <coordinates>-77.090635,-12.030116</coordinates>
          </Point>
        </Placemark>
        <Placemark>
          <name>-101</name>
          <description>
LAC: 38 CID: 255053:193 RNC: 0 PSC: 239
ACCURACY: 8
CHANGE_TYPE: DBM
TIMESTAMP: 26 may 2026 5:25:33 p.m.</description>
          <styleUrl>#style_40</styleUrl>
          <Point>
            <coordinates>-77.09097,-12.030361</coordinates>
          </Point>
        </Placemark>
        <Placemark>
          <name>-108</name>
          <description>
LAC: 38 CID: 255053:193 RNC: 0 PSC: 239
ACCURACY: 3
CHANGE_TYPE: DBM
TIMESTAMP: 26 may 2026 5:25:41 p.m.</description>
          <styleUrl>#style_30</styleUrl>
          <Point>
            <coordinates>-77.090827,-12.030149</coordinates>
          </Point>
        </Placemark>
        <Placemark>
          <name>-108</name>
          <description>
LAC: 38 CID: 255053:193 RNC: 0 PSC: 239
ACCURACY: 3
CHANGE_TYPE: DBM
TIMESTAMP: 26 may 2026 5:25:42 p.m.</description>
          <styleUrl>#style_30</styleUrl>
          <Point>
            <coordinates>-77.090827,-12.030149</coordinates>
          </Point>
        </Placemark>
        <Placemark>
          <name>-111</name>
          <description>
LAC: 38 CID: 255053:193 RNC: 0 PSC: 239
ACCURACY: 3
CHANGE_TYPE: DBM
TIMESTAMP: 26 may 2026 5:25:43 p.m.</description>
          <styleUrl>#style_30</styleUrl>
          <Point>
            <coordinates>-77.090827,-12.030149</coordinates>
          </Point>
        </Placemark>
        <Placemark>
          <name>-111</name>
          <description>
LAC: 38 CID: 255053:193 RNC: 0 PSC: 239
ACCURACY: 19
CHANGE_TYPE: DBM
TIMESTAMP: 26 may 2026 5:25:44 p.m.</description>
          <styleUrl>#style_30</styleUrl>
          <Point>
            <coordinates>-77.090773,-12.030154</coordinates>
          </Point>
        </Placemark>
        <Placemark>
          <name>-1</name>
          <description>
LAC: 38 CID: 255053:193 RNC: 0 PSC: 239
ACCURACY: 19
CHANGE_TYPE: DBM
TIMESTAMP: 26 may 2026 5:25:45 p.m.</description>
          <styleUrl>#style_0</styleUrl>
          <Point>
            <coordinates>-77.090773,-12.030154</coordinates>
          </Point>
        </Placemark>
        <Placemark>
          <name>-1</name>
          <description>
LAC: 38 CID: 255053:193 RNC: 0 PSC: 239
ACCURACY: 19
CHANGE_TYPE: DBM
TIMESTAMP: 26 may 2026 5:25:46 p.m.</description>
          <styleUrl>#style_0</styleUrl>
          <Point>
            <coordinates>-77.090773,-12.030154</coordinates>
          </Point>
        </Placemark>
        <Placemark>
          <name>-111</name>
          <description>
LAC: 38 CID: 255053:193 RNC: 0 PSC: 239
ACCURACY: 19
CHANGE_TYPE: DBM
TIMESTAMP: 26 may 2026 5:25:47 p.m.</description>
          <styleUrl>#style_30</styleUrl>
          <Point>
            <coordinates>-77.090773,-12.030154</coordinates>
          </Point>
        </Placemark>
        <Placemark>
          <name>-110</name>
          <description>
LAC: 38 CID: 255053:193 RNC: 0 PSC: 239
ACCURACY: 19
CHANGE_TYPE: DBM
TIMESTAMP: 26 may 2026 5:25:49 p.m.</description>
          <styleUrl>#style_30</styleUrl>
          <Point>
            <coordinates>-77.090773,-12.030154</coordinates>
          </Point>
        </Placemark>
        <Placemark>
          <name>-110</name>
          <description>
LAC: 38 CID: 255053:193 RNC: 0 PSC: 239
ACCURACY: 19
CHANGE_TYPE: DBM
TIMESTAMP: 26 may 2026 5:25:50 p.m.</description>
          <styleUrl>#style_30</styleUrl>
          <Point>
            <coordinates>-77.090773,-12.030154</coordinates>
          </Point>
        </Placemark>
        <Placemark>
          <name>-107</name>
          <description>
LAC: 38 CID: 255053:193 RNC: 0 PSC: 239
ACCURACY: 19
CHANGE_TYPE: DBM
TIMESTAMP: 26 may 2026 5:25:53 p.m.</description>
          <styleUrl>#style_30</styleUrl>
          <Point>
            <coordinates>-77.090773,-12.030154</coordinates>
          </Point>
        </Placemark>
        <Placemark>
          <name>-107</name>
          <description>
LAC: 38 CID: 255053:193 RNC: 0 PSC: 239
ACCURACY: 19
CHANGE_TYPE: DBM
TIMESTAMP: 26 may 2026 5:25:54 p.m.</description>
          <styleUrl>#style_30</styleUrl>
          <Point>
            <coordinates>-77.090773,-12.030154</coordinates>
          </Point>
        </Placemark>
        <Placemark>
          <name>-1</name>
          <description>
LAC: 38 CID: 255053:193 RNC: 0 PSC: 239
ACCURACY: 22
CHANGE_TYPE: DBM
TIMESTAMP: 26 may 2026 5:25:57 p.m.</description>
          <styleUrl>#style_0</styleUrl>
          <Point>
            <coordinates>-77.090703,-12.030109</coordinates>
          </Point>
        </Placemark>
        <Placemark>
          <name>-1</name>
          <description>
LAC: 38 CID: 255053:193 RNC: 0 PSC: 239
ACCURACY: 22
CHANGE_TYPE: DBM
TIMESTAMP: 26 may 2026 5:25:58 p.m.</description>
          <styleUrl>#style_0</styleUrl>
          <Point>
            <coordinates>-77.090703,-12.030109</coordinates>
          </Point>
        </Placemark>
        <Placemark>
          <name>-105</name>
          <description>
LAC: 38 CID: 255053:193 RNC: 0 PSC: 239
ACCURACY: 23
CHANGE_TYPE: DBM
TIMESTAMP: 26 may 2026 5:26:04 p.m.</description>
          <styleUrl>#style_40</styleUrl>
          <Point>
            <coordinates>-77.090635,-12.030116</coordinates>
          </Point>
        </Placemark>
        <Placemark>
          <name>-105</name>
          <description>
LAC: 38 CID: 255053:193 RNC: 0 PSC: 239
ACCURACY: 18
CHANGE_TYPE: DBM
TIMESTAMP: 26 may 2026 5:26:05 p.m.</description>
          <styleUrl>#style_40</styleUrl>
          <Point>
            <coordinates>-77.090548,-12.030174</coordinates>
          </Point>
        </Placemark>
        <Placemark>
          <name>-105</name>
          <description>
LAC: 38 CID: 255053:193 RNC: 0 PSC: 239
ACCURACY: 18
CHANGE_TYPE: DBM
TIMESTAMP: 26 may 2026 5:26:06 p.m.</description>
          <styleUrl>#style_40</styleUrl>
          <Point>
            <coordinates>-77.090548,-12.030174</coordinates>
          </Point>
        </Placemark>
        <Placemark>
          <name>-105</name>
          <description>
LAC: 38 CID: 255053:193 RNC: 0 PSC: 239
ACCURACY: 18
CHANGE_TYPE: DBM
TIMESTAMP: 26 may 2026 5:26:07 p.m.</description>
          <styleUrl>#style_40</styleUrl>
          <Point>
            <coordinates>-77.090548,-12.030174</coordinates>
          </Point>
        </Placemark>
        <Placemark>
          <name>-110</name>
          <description>
LAC: 38 CID: 255053:193 RNC: 0 PSC: 239
ACCURACY: 18
CHANGE_TYPE: DBM
TIMESTAMP: 26 may 2026 5:26:08 p.m.</description>
          <styleUrl>#style_30</styleUrl>
          <Point>
            <coordinates>-77.090548,-12.030174</coordinates>
          </Point>
        </Placemark>
        <Placemark>
          <name>-110</name>
          <description>
LAC: 38 CID: 255053:193 RNC: 0 PSC: 239
ACCURACY: 18
CHANGE_TYPE: DBM
TIMESTAMP: 26 may 2026 5:26:09 p.m.</description>
          <styleUrl>#style_30</styleUrl>
          <Point>
            <coordinates>-77.090548,-12.030174</coordinates>
          </Point>
        </Placemark>
        <Placemark>
          <name>-106</name>
          <description>
LAC: 38 CID: 255053:193 RNC: 0 PSC: 239
ACCURACY: 13
CHANGE_TYPE: DBM
TIMESTAMP: 26 may 2026 5:26:10 p.m.</description>
          <styleUrl>#style_40</styleUrl>
          <Point>
            <coordinates>-77.090502,-12.030211</coordinates>
          </Point>
        </Placemark>
        <Placemark>
          <name>-104</name>
          <description>
LAC: 38 CID: 255053:193 RNC: 0 PSC: 239
ACCURACY: 13
CHANGE_TYPE: DBM
TIMESTAMP: 26 may 2026 5:26:12 p.m.</description>
          <styleUrl>#style_40</styleUrl>
          <Point>
            <coordinates>-77.090502,-12.030211</coordinates>
          </Point>
        </Placemark>
        <Placemark>
          <name>-104</name>
          <description>
LAC: 38 CID: 255053:193 RNC: 0 PSC: 239
ACCURACY: 13
CHANGE_TYPE: DBM
TIMESTAMP: 26 may 2026 5:26:13 p.m.</description>
          <styleUrl>#style_40</styleUrl>
          <Point>
            <coordinates>-77.090502,-12.030211</coordinates>
          </Point>
        </Placemark>
        <Placemark>
          <name>-110</name>
          <description>
LAC: 38 CID: 255053:193 RNC: 0 PSC: 239
ACCURACY: 13
CHANGE_TYPE: DBM
TIMESTAMP: 26 may 2026 5:26:14 p.m.</description>
          <styleUrl>#style_30</styleUrl>
          <Point>
            <coordinates>-77.090502,-12.030211</coordinates>
          </Point>
        </Placemark>
        <Placemark>
          <name>-111</name>
          <description>
LAC: 38 CID: 255053:193 RNC: 0 PSC: 239
ACCURACY: 19
CHANGE_TYPE: GPS
TIMESTAMP: 26 may 2026 5:25:44 p.m.</description>
          <styleUrl>#style_30</styleUrl>
          <Point>
            <coordinates>-77.090773,-12.030154</coordinates>
          </Point>
        </Placemark>
        <Placemark>
          <name>-107</name>
          <description>
LAC: 38 CID: 255053:193 RNC: 0 PSC: 239
ACCURACY: 22
CHANGE_TYPE: GPS
TIMESTAMP: 26 may 2026 5:25:54 p.m.</description>
          <styleUrl>#style_30</styleUrl>
          <Point>
            <coordinates>-77.090703,-12.030109</coordinates>
          </Point>
        </Placemark>
        <Placemark>
          <name>-1</name>
          <description>
LAC: 38 CID: 255053:193 RNC: 0 PSC: 239
ACCURACY: 23
CHANGE_TYPE: GPS
TIMESTAMP: 26 may 2026 5:25:59 p.m.</description>
          <styleUrl>#style_0</styleUrl>
          <Point>
            <coordinates>-77.090635,-12.030116</coordinates>
          </Point>
        </Placemark>
        <Placemark>
          <name>-105</name>
          <description>
LAC: 38 CID: 255053:193 RNC: 0 PSC: 239
ACCURACY: 18
CHANGE_TYPE: GPS
TIMESTAMP: 26 may 2026 5:26:04 p.m.</description>
          <styleUrl>#style_40</styleUrl>
          <Point>
            <coordinates>-77.090548,-12.030174</coordinates>
          </Point>
        </Placemark>
        <Placemark>
          <name>-110</name>
          <description>
LAC: 38 CID: 255053:193 RNC: 0 PSC: 239
ACCURACY: 13
CHANGE_TYPE: GPS
TIMESTAMP: 26 may 2026 5:26:09 p.m.</description>
          <styleUrl>#style_30</styleUrl>
          <Point>
            <coordinates>-77.090502,-12.030211</coordinates>
          </Point>
        </Placemark>
      </Folder>
      <Folder>
        <open>0</open>
        <name>LAC: 1686 CID: 5356:181 RNC: 0 PSC: 135</name>
      </Folder>
      <Folder>
        <open>0</open>
        <name>LAC: 1686 CID: 5356:192 RNC: 0 PSC: 38</name>
      </Folder>
      <Folder>
        <open>0</open>
        <name>LAC: 1687 CID: 182:191 RNC: 0 PSC: 268</name>
      </Folder>
      <Folder>
        <open>0</open>
        <name>LAC: 1687 CID: 182:192 RNC: 0 PSC: 269</name>
        <Placemark>
          <name>-108</name>
          <description>
LAC: 1687 CID: 182:192 RNC: 0 PSC: 269
ACCURACY: 19
CHANGE_TYPE: CELL
TIMESTAMP: 26 may 2026 5:25:51 p.m.</description>
          <styleUrl>#style_30</styleUrl>
          <Point>
            <coordinates>-77.090773,-12.030154</coordinates>
          </Point>
        </Placemark>
        <Placemark>
          <name>-108</name>
          <description>
LAC: 1687 CID: 182:192 RNC: 0 PSC: 269
ACCURACY: 19
CHANGE_TYPE: DBM
TIMESTAMP: 26 may 2026 5:25:51 p.m.</description>
          <styleUrl>#style_30</styleUrl>
          <Point>
            <coordinates>-77.090773,-12.030154</coordinates>
          </Point>
        </Placemark>
        <Placemark>
          <name>-108</name>
          <description>
LAC: 1687 CID: 182:192 RNC: 0 PSC: 269
ACCURACY: 19
CHANGE_TYPE: DBM
TIMESTAMP: 26 may 2026 5:25:52 p.m.</description>
          <styleUrl>#style_30</styleUrl>
          <Point>
            <coordinates>-77.090773,-12.030154</coordinates>
          </Point>
        </Placemark>
      </Folder>
      <Folder>
        <open>0</open>
        <name>LAC: 1687 CID: 251660:191 RNC: 0 PSC: 13</name>
        <Placemark>
          <name>-1</name>
          <description>
LAC: 1687 CID: 251660:191 RNC: 0 PSC: 13
ACCURACY: 8
CHANGE_TYPE: CELL
TIMESTAMP: 26 may 2026 5:25:34 p.m.</description>
          <styleUrl>#style_0</styleUrl>
          <Point>
            <coordinates>-77.09097,-12.030361</coordinates>
          </Point>
        </Placemark>
        <Placemark>
          <name>-101</name>
          <description>
LAC: 1687 CID: 251660:191 RNC: 0 PSC: 13
ACCURACY: 8
CHANGE_TYPE: DBM
TIMESTAMP: 26 may 2026 5:25:31 p.m.</description>
          <styleUrl>#style_40</styleUrl>
          <Point>
            <coordinates>-77.09097,-12.030361</coordinates>
          </Point>
        </Placemark>
        <Placemark>
          <name>-101</name>
          <description>
LAC: 1687 CID: 251660:191 RNC: 0 PSC: 13
ACCURACY: 8
CHANGE_TYPE: DBM
TIMESTAMP: 26 may 2026 5:25:32 p.m.</description>
          <styleUrl>#style_40</styleUrl>
          <Point>
            <coordinates>-77.09097,-12.030361</coordinates>
          </Point>
        </Placemark>
        <Placemark>
          <name>-1</name>
          <description>
LAC: 1687 CID: 251660:191 RNC: 0 PSC: 13
ACCURACY: 8
CHANGE_TYPE: DBM
TIMESTAMP: 26 may 2026 5:25:34 p.m.</description>
          <styleUrl>#style_0</styleUrl>
          <Point>
            <coordinates>-77.09097,-12.030361</coordinates>
          </Point>
        </Placemark>
        <Placemark>
          <name>-98</name>
          <description>
LAC: 1687 CID: 251660:191 RNC: 0 PSC: 13
ACCURACY: 4
CHANGE_TYPE: DBM
TIMESTAMP: 26 may 2026 5:25:35 p.m.</description>
          <styleUrl>#style_40</styleUrl>
          <Point>
            <coordinates>-77.090875,-12.030238</coordinates>
          </Point>
        </Placemark>
        <Placemark>
          <name>-98</name>
          <description>
LAC: 1687 CID: 251660:191 RNC: 0 PSC: 13
ACCURACY: 4
CHANGE_TYPE: DBM
TIMESTAMP: 26 may 2026 5:25:36 p.m.</description>
          <styleUrl>#style_40</styleUrl>
          <Point>
            <coordinates>-77.090875,-12.030238</coordinates>
          </Point>
        </Placemark>
        <Placemark>
          <name>-98</name>
          <description>
LAC: 1687 CID: 251660:191 RNC: 0 PSC: 13
ACCURACY: 4
CHANGE_TYPE: DBM
TIMESTAMP: 26 may 2026 5:25:37 p.m.</description>
          <styleUrl>#style_40</styleUrl>
          <Point>
            <coordinates>-77.090875,-12.030238</coordinates>
          </Point>
        </Placemark>
        <Placemark>
          <name>-98</name>
          <description>
LAC: 1687 CID: 251660:191 RNC: 0 PSC: 13
ACCURACY: 4
CHANGE_TYPE: DBM
TIMESTAMP: 26 may 2026 5:25:38 p.m.</description>
          <styleUrl>#style_40</styleUrl>
          <Point>
            <coordinates>-77.090875,-12.030238</coordinates>
          </Point>
        </Placemark>
        <Placemark>
          <name>-1</name>
          <description>
LAC: 1687 CID: 251660:191 RNC: 0 PSC: 13
ACCURACY: 3
CHANGE_TYPE: DBM
TIMESTAMP: 26 may 2026 5:25:39 p.m.</description>
          <styleUrl>#style_0</styleUrl>
          <Point>
            <coordinates>-77.090827,-12.030149</coordinates>
          </Point>
        </Placemark>
        <Placemark>
          <name>-1</name>
          <description>
LAC: 1687 CID: 251660:191 RNC: 0 PSC: 13
ACCURACY: 3
CHANGE_TYPE: DBM
TIMESTAMP: 26 may 2026 5:25:40 p.m.</description>
          <styleUrl>#style_0</styleUrl>
          <Point>
            <coordinates>-77.090827,-12.030149</coordinates>
          </Point>
        </Placemark>
        <Placemark>
          <name>-101</name>
          <description>
LAC: 1687 CID: 251660:191 RNC: 0 PSC: 13
ACCURACY: 8
CHANGE_TYPE: GPS
TIMESTAMP: 26 may 2026 5:25:29 p.m.</description>
          <styleUrl>#style_40</styleUrl>
          <Point>
            <coordinates>-77.09097,-12.030361</coordinates>
          </Point>
        </Placemark>
        <Placemark>
          <name>-1</name>
          <description>
LAC: 1687 CID: 251660:191 RNC: 0 PSC: 13
ACCURACY: 4
CHANGE_TYPE: GPS
TIMESTAMP: 26 may 2026 5:25:34 p.m.</description>
          <styleUrl>#style_0</styleUrl>
          <Point>
            <coordinates>-77.090875,-12.030238</coordinates>
          </Point>
        </Placemark>
        <Placemark>
          <name>-98</name>
          <description>
LAC: 1687 CID: 251660:191 RNC: 0 PSC: 13
ACCURACY: 3
CHANGE_TYPE: GPS
TIMESTAMP: 26 may 2026 5:25:39 p.m.</description>
          <styleUrl>#style_40</styleUrl>
          <Point>
            <coordinates>-77.090827,-12.030149</coordinates>
          </Point>
        </Placemark>
      </Folder>
      <Folder>
        <open>0</open>
        <name>LAC: 1698 CID: 447:72 RNC: 0 PSC: 151</name>
      </Folder>
      <Folder>
        <open>0</open>
        <name>LAC: 1698 CID: 447:73 RNC: 0 PSC: 152</name>
        <Placemark>
          <name>-67</name>
          <description>
LAC: 1698 CID: 447:73 RNC: 0 PSC: 152
ACCURACY: 13
CHANGE_TYPE: CELL
TIMESTAMP: 26 may 2026 5:33:51 p.m.</description>
          <styleUrl>#style_80</styleUrl>
          <Point>
            <coordinates>-77.086955,-12.030598</coordinates>
          </Point>
        </Placemark>
        <Placemark>
          <name>-67</name>
          <description>
LAC: 1698 CID: 447:73 RNC: 0 PSC: 152
ACCURACY: 13
CHANGE_TYPE: DBM
TIMESTAMP: 26 may 2026 5:33:51 p.m.</description>
          <styleUrl>#style_80</styleUrl>
          <Point>
            <coordinates>-77.086955,-12.030598</coordinates>
          </Point>
        </Placemark>
      </Folder>
      <Folder>
        <open>0</open>
        <name>LAC: 1698 CID: 447:191 RNC: 0 PSC: 78</name>
      </Folder>
      <Folder>
        <open>0</open>
        <name>LAC: 1698 CID: 447:192 RNC: 0 PSC: 151</name>
        <Placemark>
          <name>-76</name>
          <description>
LAC: 1698 CID: 447:192 RNC: 0 PSC: 151
ACCURACY: 12
CHANGE_TYPE: CELL
TIMESTAMP: 26 may 2026 5:56:40 p.m.</description>
          <styleUrl>#style_70</styleUrl>
          <Point>
            <coordinates>-77.084947,-12.03138</coordinates>
          </Point>
        </Placemark>
        <Placemark>
          <name>-80</name>
          <description>
LAC: 1698 CID: 447:192 RNC: 0 PSC: 151
ACCURACY: 11
CHANGE_TYPE: CELL
TIMESTAMP: 26 may 2026 5:57:40 p.m.</description>
          <styleUrl>#style_60</styleUrl>
          <Point>
            <coordinates>-77.084446,-12.03136</coordinates>
          </Point>
        </Placemark>
        <Placemark>
          <name>-78</name>
          <description>
LAC: 1698 CID: 447:192 RNC: 0 PSC: 151
ACCURACY: 12
CHANGE_TYPE: CELL
TIMESTAMP: 26 may 2026 5:57:44 p.m.</description>
          <styleUrl>#style_60</styleUrl>
          <Point>
            <coordinates>-77.084343,-12.031324</coordinates>
          </Point>
        </Placemark>
        <Placemark>
          <name>-102</name>
          <description>
LAC: 1698 CID: 447:192 RNC: 0 PSC: 151
ACCURACY: 12
CHANGE_TYPE: CELL
TIMESTAMP: 26 may 2026 6:05:07 p.m.</description>
          <styleUrl>#style_40</styleUrl>
          <Point>
            <coordinates>-77.081573,-12.031835</coordinates>
          </Point>
        </Placemark>
        <Placemark>
          <name>-1</name>
          <description>
LAC: 1698 CID: 447:192 RNC: 0 PSC: 151
ACCURACY: 11
CHANGE_TYPE: CELL
TIMESTAMP: 26 may 2026 6:05:36 p.m.</description>
          <styleUrl>#style_0</styleUrl>
          <Point>
            <coordinates>-77.081877,-12.031751</coordinates>
          </Point>
        </Placemark>
        <Placemark>
          <name>-76</name>
          <description>
LAC: 1698 CID: 447:192 RNC: 0 PSC: 151
ACCURACY: 12
CHANGE_TYPE: DBM
TIMESTAMP: 26 may 2026 5:56:40 p.m.</description>
          <styleUrl>#style_70</styleUrl>
          <Point>
            <coordinates>-77.084947,-12.03138</coordinates>
          </Point>
        </Placemark>
        <Placemark>
          <name>-76</name>
          <description>
LAC: 1698 CID: 447:192 RNC: 0 PSC: 151
ACCURACY: 12
CHANGE_TYPE: DBM
TIMESTAMP: 26 may 2026 5:56:41 p.m.</description>
          <styleUrl>#style_70</styleUrl>
          <Point>
            <coordinates>-77.084947,-12.03138</coordinates>
          </Point>
        </Placemark>
        <Placemark>
          <name>-76</name>
          <description>
LAC: 1698 CID: 447:192 RNC: 0 PSC: 151
ACCURACY: 12
CHANGE_TYPE: DBM
TIMESTAMP: 26 may 2026 5:56:42 p.m.</description>
          <styleUrl>#style_70</styleUrl>
          <Point>
            <coordinates>-77.084947,-12.03138</coordinates>
          </Point>
        </Placemark>
        <Placemark>
          <name>-76</name>
          <description>
LAC: 1698 CID: 447:192 RNC: 0 PSC: 151
ACCURACY: 12
CHANGE_TYPE: DBM
TIMESTAMP: 26 may 2026 5:56:43 p.m.</description>
          <styleUrl>#style_70</styleUrl>
          <Point>
            <coordinates>-77.084947,-12.03138</coordinates>
          </Point>
        </Placemark>
        <Placemark>
          <name>-75</name>
          <description>
LAC: 1698 CID: 447:192 RNC: 0 PSC: 151
ACCURACY: 13
CHANGE_TYPE: DBM
TIMESTAMP: 26 may 2026 5:56:44 p.m.</description>
          <styleUrl>#style_70</styleUrl>
          <Point>
            <coordinates>-77.084888,-12.03139</coordinates>
          </Point>
        </Placemark>
        <Placemark>
          <name>-78</name>
          <description>
LAC: 1698 CID: 447:192 RNC: 0 PSC: 151
ACCURACY: 13
CHANGE_TYPE: DBM
TIMESTAMP: 26 may 2026 5:56:46 p.m.</description>
          <styleUrl>#style_60</styleUrl>
          <Point>
            <coordinates>-77.084888,-12.03139</coordinates>
          </Point>
        </Placemark>
        <Placemark>
          <name>-78</name>
          <description>
LAC: 1698 CID: 447:192 RNC: 0 PSC: 151
ACCURACY: 13
CHANGE_TYPE: DBM
TIMESTAMP: 26 may 2026 5:56:47 p.m.</description>
          <styleUrl>#style_60</styleUrl>
          <Point>
            <coordinates>-77.084888,-12.03139</coordinates>
          </Point>
        </Placemark>
        <Placemark>
          <name>-75</name>
          <description>
LAC: 1698 CID: 447:192 RNC: 0 PSC: 151
ACCURACY: 13
CHANGE_TYPE: DBM
TIMESTAMP: 26 may 2026 5:56:48 p.m.</description>
          <styleUrl>#style_70</styleUrl>
          <Point>
            <coordinates>-77.084888,-12.03139</coordinates>
          </Point>
        </Placemark>
        <Placemark>
          <name>-76</name>
          <description>
LAC: 1698 CID: 447:192 RNC: 0 PSC: 151
ACCURACY: 13
CHANGE_TYPE: DBM
TIMESTAMP: 26 may 2026 5:56:50 p.m.</description>
          <styleUrl>#style_70</styleUrl>
          <Point>
            <coordinates>-77.084888,-12.03139</coordinates>
          </Point>
        </Placemark>
        <Placemark>
          <name>-76</name>
          <description>
LAC: 1698 CID: 447:192 RNC: 0 PSC: 151
ACCURACY: 13
CHANGE_TYPE: DBM
TIMESTAMP: 26 may 2026 5:56:51 p.m.</description>
          <styleUrl>#style_70</styleUrl>
          <Point>
            <coordinates>-77.084888,-12.03139</coordinates>
          </Point>
        </Placemark>
        <Placemark>
          <name>-74</name>
          <description>
LAC: 1698 CID: 447:192 RNC: 0 PSC: 151
ACCURACY: 13
CHANGE_TYPE: DBM
TIMESTAMP: 26 may 2026 5:56:52 p.m.</description>
          <styleUrl>#style_70</styleUrl>
          <Point>
            <coordinates>-77.084888,-12.03139</coordinates>
          </Point>
        </Placemark>
        <Placemark>
          <name>-74</name>
          <description>
LAC: 1698 CID: 447:192 RNC: 0 PSC: 151
ACCURACY: 13
CHANGE_TYPE: DBM
TIMESTAMP: 26 may 2026 5:56:53 p.m.</description>
          <styleUrl>#style_70</styleUrl>
          <Point>
            <coordinates>-77.084888,-12.03139</coordinates>
          </Point>
        </Placemark>
        <Placemark>
          <name>-76</name>
          <description>
LAC: 1698 CID: 447:192 RNC: 0 PSC: 151
ACCURACY: 13
CHANGE_TYPE: DBM
TIMESTAMP: 26 may 2026 5:56:54 p.m.</description>
          <styleUrl>#style_70</styleUrl>
          <Point>
            <coordinates>-77.084888,-12.03139</coordinates>
          </Point>
        </Placemark>
        <Placemark>
          <name>-76</name>
          <description>
LAC: 1698 CID: 447:192 RNC: 0 PSC: 151
ACCURACY: 13
CHANGE_TYPE: DBM
TIMESTAMP: 26 may 2026 5:56:55 p.m.</description>
          <styleUrl>#style_70</styleUrl>
          <Point>
            <coordinates>-77.084888,-12.03139</coordinates>
          </Point>
        </Placemark>
        <Placemark>
          <name>-71</name>
          <description>
LAC: 1698 CID: 447:192 RNC: 0 PSC: 151
ACCURACY: 13
CHANGE_TYPE: DBM
TIMESTAMP: 26 may 2026 5:56:56 p.m.</description>
          <styleUrl>#style_70</styleUrl>
          <Point>
            <coordinates>-77.084888,-12.03139</coordinates>
          </Point>
        </Placemark>
        <Placemark>
          <name>-71</name>
          <description>
LAC: 1698 CID: 447:192 RNC: 0 PSC: 151
ACCURACY: 13
CHANGE_TYPE: DBM
TIMESTAMP: 26 may 2026 5:56:57 p.m.</description>
          <styleUrl>#style_70</styleUrl>
          <Point>
            <coordinates>-77.084888,-12.03139</coordinates>
          </Point>
        </Placemark>
        <Placemark>
          <name>-75</name>
          <description>
LAC: 1698 CID: 447:192 RNC: 0 PSC: 151
ACCURACY: 13
CHANGE_TYPE: DBM
TIMESTAMP: 26 may 2026 5:56:58 p.m.</description>
          <styleUrl>#style_70</styleUrl>
          <Point>
            <coordinates>-77.084888,-12.03139</coordinates>
          </Point>
        </Placemark>
        <Placemark>
          <name>-75</name>
          <description>
LAC: 1698 CID: 447:192 RNC: 0 PSC: 151
ACCURACY: 14
CHANGE_TYPE: DBM
TIMESTAMP: 26 may 2026 5:56:59 p.m.</description>
          <styleUrl>#style_70</styleUrl>
          <Point>
            <coordinates>-77.084818,-12.031403</coordinates>
          </Point>
        </Placemark>
        <Placemark>
          <name>-71</name>
          <description>
LAC: 1698 CID: 447:192 RNC: 0 PSC: 151
ACCURACY: 14
CHANGE_TYPE: DBM
TIMESTAMP: 26 may 2026 5:57:00 p.m.</description>
          <styleUrl>#style_70</styleUrl>
          <Point>
            <coordinates>-77.084818,-12.031403</coordinates>
          </Point>
        </Placemark>
        <Placemark>
          <name>-71</name>
          <description>
LAC: 1698 CID: 447:192 RNC: 0 PSC: 151
ACCURACY: 14
CHANGE_TYPE: DBM
TIMESTAMP: 26 may 2026 5:57:01 p.m.</description>
          <styleUrl>#style_70</styleUrl>
          <Point>
            <coordinates>-77.084818,-12.031403</coordinates>
          </Point>
        </Placemark>
        <Placemark>
          <name>-70</name>
          <description>
LAC: 1698 CID: 447:192 RNC: 0 PSC: 151
ACCURACY: 14
CHANGE_TYPE: DBM
TIMESTAMP: 26 may 2026 5:57:02 p.m.</description>
          <styleUrl>#style_70</styleUrl>
          <Point>
            <coordinates>-77.084818,-12.031403</coordinates>
          </Point>
        </Placemark>
        <Placemark>
          <name>-71</name>
          <description>
LAC: 1698 CID: 447:192 RNC: 0 PSC: 151
ACCURACY: 14
CHANGE_TYPE: DBM
TIMESTAMP: 26 may 2026 5:57:05 p.m.</description>
          <styleUrl>#style_70</styleUrl>
          <Point>
            <coordinates>-77.084818,-12.031403</coordinates>
          </Point>
        </Placemark>
        <Placemark>
          <name>-71</name>
          <description>
LAC: 1698 CID: 447:192 RNC: 0 PSC: 151
ACCURACY: 14
CHANGE_TYPE: DBM
TIMESTAMP: 26 may 2026 5:57:06 p.m.</description>
          <styleUrl>#style_70</styleUrl>
          <Point>
            <coordinates>-77.084818,-12.031403</coordinates>
          </Point>
        </Placemark>
        <Placemark>
          <name>-69</name>
          <description>
LAC: 1698 CID: 447:192 RNC: 0 PSC: 151
ACCURACY: 14
CHANGE_TYPE: DBM
TIMESTAMP: 26 may 2026 5:57:07 p.m.</description>
          <styleUrl>#style_70</styleUrl>
          <Point>
            <coordinates>-77.084818,-12.031403</coordinates>
          </Point>
        </Placemark>
        <Placemark>
          <name>-69</name>
          <description>
LAC: 1698 CID: 447:192 RNC: 0 PSC: 151
ACCURACY: 14
CHANGE_TYPE: DBM
TIMESTAMP: 26 may 2026 5:57:08 p.m.</description>
          <styleUrl>#style_70</styleUrl>
          <Point>
            <coordinates>-77.084818,-12.031403</coordinates>
          </Point>
        </Placemark>
        <Placemark>
          <name>-70</name>
          <description>
LAC: 1698 CID: 447:192 RNC: 0 PSC: 151
ACCURACY: 15
CHANGE_TYPE: DBM
TIMESTAMP: 26 may 2026 5:57:09 p.m.</description>
          <styleUrl>#style_70</styleUrl>
          <Point>
            <coordinates>-77.084731,-12.031418</coordinates>
          </Point>
        </Placemark>
        <Placemark>
          <name>-70</name>
          <description>
LAC: 1698 CID: 447:192 RNC: 0 PSC: 151
ACCURACY: 15
CHANGE_TYPE: DBM
TIMESTAMP: 26 may 2026 5:57:10 p.m.</description>
          <styleUrl>#style_70</styleUrl>
          <Point>
            <coordinates>-77.084731,-12.031418</coordinates>
          </Point>
        </Placemark>
        <Placemark>
          <name>-73</name>
          <description>
LAC: 1698 CID: 447:192 RNC: 0 PSC: 151
ACCURACY: 15
CHANGE_TYPE: DBM
TIMESTAMP: 26 may 2026 5:57:11 p.m.</description>
          <styleUrl>#style_70</styleUrl>
          <Point>
            <coordinates>-77.084731,-12.031418</coordinates>
          </Point>
        </Placemark>
        <Placemark>
          <name>-75</name>
          <description>
LAC: 1698 CID: 447:192 RNC: 0 PSC: 151
ACCURACY: 15
CHANGE_TYPE: DBM
TIMESTAMP: 26 may 2026 5:57:13 p.m.</description>
          <styleUrl>#style_70</styleUrl>
          <Point>
            <coordinates>-77.084731,-12.031418</coordinates>
          </Point>
        </Placemark>
        <Placemark>
          <name>-75</name>
          <description>
LAC: 1698 CID: 447:192 RNC: 0 PSC: 151
ACCURACY: 15
CHANGE_TYPE: DBM
TIMESTAMP: 26 may 2026 5:57:14 p.m.</description>
          <styleUrl>#style_70</styleUrl>
          <Point>
            <coordinates>-77.084731,-12.031418</coordinates>
          </Point>
        </Placemark>
        <Placemark>
          <name>-75</name>
          <description>
LAC: 1698 CID: 447:192 RNC: 0 PSC: 151
ACCURACY: 15
CHANGE_TYPE: DBM
TIMESTAMP: 26 may 2026 5:57:15 p.m.</description>
          <styleUrl>#style_70</styleUrl>
          <Point>
            <coordinates>-77.084731,-12.031418</coordinates>
          </Point>
        </Placemark>
        <Placemark>
          <name>-75</name>
          <description>
LAC: 1698 CID: 447:192 RNC: 0 PSC: 151
ACCURACY: 15
CHANGE_TYPE: DBM
TIMESTAMP: 26 may 2026 5:57:16 p.m.</description>
          <styleUrl>#style_70</styleUrl>
          <Point>
            <coordinates>-77.084731,-12.031418</coordinates>
          </Point>
        </Placemark>
        <Placemark>
          <name>-75</name>
          <description>
LAC: 1698 CID: 447:192 RNC: 0 PSC: 151
ACCURACY: 15
CHANGE_TYPE: DBM
TIMESTAMP: 26 may 2026 5:57:17 p.m.</description>
          <styleUrl>#style_70</styleUrl>
          <Point>
            <coordinates>-77.084731,-12.031418</coordinates>
          </Point>
        </Placemark>
        <Placemark>
          <name>-75</name>
          <description>
LAC: 1698 CID: 447:192 RNC: 0 PSC: 151
ACCURACY: 15
CHANGE_TYPE: DBM
TIMESTAMP: 26 may 2026 5:57:18 p.m.</description>
          <styleUrl>#style_70</styleUrl>
          <Point>
            <coordinates>-77.084731,-12.031418</coordinates>
          </Point>
        </Placemark>
        <Placemark>
          <name>-75</name>
          <description>
LAC: 1698 CID: 447:192 RNC: 0 PSC: 151
ACCURACY: 14
CHANGE_TYPE: DBM
TIMESTAMP: 26 may 2026 5:57:19 p.m.</description>
          <styleUrl>#style_70</styleUrl>
          <Point>
            <coordinates>-77.08465,-12.031428</coordinates>
          </Point>
        </Placemark>
        <Placemark>
          <name>-75</name>
          <description>
LAC: 1698 CID: 447:192 RNC: 0 PSC: 151
ACCURACY: 14
CHANGE_TYPE: DBM
TIMESTAMP: 26 may 2026 5:57:20 p.m.</description>
          <styleUrl>#style_70</styleUrl>
          <Point>
            <coordinates>-77.08465,-12.031428</coordinates>
          </Point>
        </Placemark>
        <Placemark>
          <name>-73</name>
          <description>
LAC: 1698 CID: 447:192 RNC: 0 PSC: 151
ACCURACY: 14
CHANGE_TYPE: DBM
TIMESTAMP: 26 may 2026 5:57:21 p.m.</description>
          <styleUrl>#style_70</styleUrl>
          <Point>
            <coordinates>-77.08465,-12.031428</coordinates>
          </Point>
        </Placemark>
        <Placemark>
          <name>-73</name>
          <description>
LAC: 1698 CID: 447:192 RNC: 0 PSC: 151
ACCURACY: 14
CHANGE_TYPE: DBM
TIMESTAMP: 26 may 2026 5:57:22 p.m.</description>
          <styleUrl>#style_70</styleUrl>
          <Point>
            <coordinates>-77.08465,-12.031428</coordinates>
          </Point>
        </Placemark>
        <Placemark>
          <name>-74</name>
          <description>
LAC: 1698 CID: 447:192 RNC: 0 PSC: 151
ACCURACY: 14
CHANGE_TYPE: DBM
TIMESTAMP: 26 may 2026 5:57:23 p.m.</description>
          <styleUrl>#style_70</styleUrl>
          <Point>
            <coordinates>-77.08465,-12.031428</coordinates>
          </Point>
        </Placemark>
        <Placemark>
          <name>-74</name>
          <description>
LAC: 1698 CID: 447:192 RNC: 0 PSC: 151
ACCURACY: 14
CHANGE_TYPE: DBM
TIMESTAMP: 26 may 2026 5:57:25 p.m.</description>
          <styleUrl>#style_70</styleUrl>
          <Point>
            <coordinates>-77.08465,-12.031428</coordinates>
          </Point>
        </Placemark>
        <Placemark>
          <name>-76</name>
          <description>
LAC: 1698 CID: 447:192 RNC: 0 PSC: 151
ACCURACY: 14
CHANGE_TYPE: DBM
TIMESTAMP: 26 may 2026 5:57:27 p.m.</description>
          <styleUrl>#style_70</styleUrl>
          <Point>
            <coordinates>-77.08465,-12.031428</coordinates>
          </Point>
        </Placemark>
        <Placemark>
          <name>-76</name>
          <description>
LAC: 1698 CID: 447:192 RNC: 0 PSC: 151
ACCURACY: 14
CHANGE_TYPE: DBM
TIMESTAMP: 26 may 2026 5:57:28 p.m.</description>
          <styleUrl>#style_70</styleUrl>
          <Point>
            <coordinates>-77.084584,-12.031408</coordinates>
          </Point>
        </Placemark>
        <Placemark>
          <name>-77</name>
          <description>
LAC: 1698 CID: 447:192 RNC: 0 PSC: 151
ACCURACY: 14
CHANGE_TYPE: DBM
TIMESTAMP: 26 may 2026 5:57:30 p.m.</description>
          <styleUrl>#style_60</styleUrl>
          <Point>
            <coordinates>-77.084584,-12.031408</coordinates>
          </Point>
        </Placemark>
        <Placemark>
          <name>-80</name>
          <description>
LAC: 1698 CID: 447:192 RNC: 0 PSC: 151
ACCURACY: 11
CHANGE_TYPE: DBM
TIMESTAMP: 26 may 2026 5:57:40 p.m.</description>
          <styleUrl>#style_60</styleUrl>
          <Point>
            <coordinates>-77.084446,-12.03136</coordinates>
          </Point>
        </Placemark>
        <Placemark>
          <name>-78</name>
          <description>
LAC: 1698 CID: 447:192 RNC: 0 PSC: 151
ACCURACY: 12
CHANGE_TYPE: DBM
TIMESTAMP: 26 may 2026 5:57:44 p.m.</description>
          <styleUrl>#style_60</styleUrl>
          <Point>
            <coordinates>-77.084343,-12.031324</coordinates>
          </Point>
        </Placemark>
        <Placemark>
          <name>-102</name>
          <description>
LAC: 1698 CID: 447:192 RNC: 0 PSC: 151
ACCURACY: 12
CHANGE_TYPE: DBM
TIMESTAMP: 26 may 2026 6:05:07 p.m.</description>
          <styleUrl>#style_40</styleUrl>
          <Point>
            <coordinates>-77.081573,-12.031835</coordinates>
          </Point>
        </Placemark>
        <Placemark>
          <name>-101</name>
          <description>
LAC: 1698 CID: 447:192 RNC: 0 PSC: 151
ACCURACY: 13
CHANGE_TYPE: DBM
TIMESTAMP: 26 may 2026 6:05:09 p.m.</description>
          <styleUrl>#style_40</styleUrl>
          <Point>
            <coordinates>-77.081637,-12.031797</coordinates>
          </Point>
        </Placemark>
        <Placemark>
          <name>-101</name>
          <description>
LAC: 1698 CID: 447:192 RNC: 0 PSC: 151
ACCURACY: 13
CHANGE_TYPE: DBM
TIMESTAMP: 26 may 2026 6:05:10 p.m.</description>
          <styleUrl>#style_40</styleUrl>
          <Point>
            <coordinates>-77.081637,-12.031797</coordinates>
          </Point>
        </Placemark>
        <Placemark>
          <name>-102</name>
          <description>
LAC: 1698 CID: 447:192 RNC: 0 PSC: 151
ACCURACY: 13
CHANGE_TYPE: DBM
TIMESTAMP: 26 may 2026 6:05:11 p.m.</description>
          <styleUrl>#style_40</styleUrl>
          <Point>
            <coordinates>-77.081637,-12.031797</coordinates>
          </Point>
        </Placemark>
        <Placemark>
          <name>-104</name>
          <description>
LAC: 1698 CID: 447:192 RNC: 0 PSC: 151
ACCURACY: 13
CHANGE_TYPE: DBM
TIMESTAMP: 26 may 2026 6:05:13 p.m.</description>
          <styleUrl>#style_40</styleUrl>
          <Point>
            <coordinates>-77.081637,-12.031797</coordinates>
          </Point>
        </Placemark>
        <Placemark>
          <name>-1</name>
          <description>
LAC: 1698 CID: 447:192 RNC: 0 PSC: 151
ACCURACY: 11
CHANGE_TYPE: DBM
TIMESTAMP: 26 may 2026 6:05:36 p.m.</description>
          <styleUrl>#style_0</styleUrl>
          <Point>
            <coordinates>-77.081877,-12.031751</coordinates>
          </Point>
        </Placemark>
        <Placemark>
          <name>-1</name>
          <description>
LAC: 1698 CID: 447:192 RNC: 0 PSC: 151
ACCURACY: 11
CHANGE_TYPE: DBM
TIMESTAMP: 26 may 2026 6:05:37 p.m.</description>
          <styleUrl>#style_0</styleUrl>
          <Point>
            <coordinates>-77.081877,-12.031751</coordinates>
          </Point>
        </Placemark>
        <Placemark>
          <name>-76</name>
          <description>
LAC: 1698 CID: 447:192 RNC: 0 PSC: 151
ACCURACY: 13
CHANGE_TYPE: GPS
TIMESTAMP: 26 may 2026 5:56:43 p.m.</description>
          <styleUrl>#style_70</styleUrl>
          <Point>
            <coordinates>-77.084888,-12.03139</coordinates>
          </Point>
        </Placemark>
        <Placemark>
          <name>-75</name>
          <description>
LAC: 1698 CID: 447:192 RNC: 0 PSC: 151
ACCURACY: 14
CHANGE_TYPE: GPS
TIMESTAMP: 26 may 2026 5:56:58 p.m.</description>
          <styleUrl>#style_70</styleUrl>
          <Point>
            <coordinates>-77.084818,-12.031403</coordinates>
          </Point>
        </Placemark>
        <Placemark>
          <name>-69</name>
          <description>
LAC: 1698 CID: 447:192 RNC: 0 PSC: 151
ACCURACY: 15
CHANGE_TYPE: GPS
TIMESTAMP: 26 may 2026 5:57:08 p.m.</description>
          <styleUrl>#style_70</styleUrl>
          <Point>
            <coordinates>-77.084731,-12.031418</coordinates>
          </Point>
        </Placemark>
        <Placemark>
          <name>-75</name>
          <description>
LAC: 1698 CID: 447:192 RNC: 0 PSC: 151
ACCURACY: 14
CHANGE_TYPE: GPS
TIMESTAMP: 26 may 2026 5:57:18 p.m.</description>
          <styleUrl>#style_70</styleUrl>
          <Point>
            <coordinates>-77.08465,-12.031428</coordinates>
          </Point>
        </Placemark>
        <Placemark>
          <name>-76</name>
          <description>
LAC: 1698 CID: 447:192 RNC: 0 PSC: 151
ACCURACY: 14
CHANGE_TYPE: GPS
TIMESTAMP: 26 may 2026 5:57:28 p.m.</description>
          <styleUrl>#style_70</styleUrl>
          <Point>
            <coordinates>-77.084584,-12.031408</coordinates>
          </Point>
        </Placemark>
        <Placemark>
          <name>-102</name>
          <description>
LAC: 1698 CID: 447:192 RNC: 0 PSC: 151
ACCURACY: 13
CHANGE_TYPE: GPS
TIMESTAMP: 26 may 2026 6:05:08 p.m.</description>
          <styleUrl>#style_40</styleUrl>
          <Point>
            <coordinates>-77.081637,-12.031797</coordinates>
          </Point>
        </Placemark>
      </Folder>
      <Folder>
        <open>0</open>
        <name>LAC: 1698 CID: 447:193 RNC: 0 PSC: 152</name>
        <Placemark>
          <name>-110</name>
          <description>
LAC: 1698 CID: 447:193 RNC: 0 PSC: 152
ACCURACY: 22
CHANGE_TYPE: CELL
TIMESTAMP: 26 may 2026 5:25:55 p.m.</description>
          <styleUrl>#style_30</styleUrl>
          <Point>
            <coordinates>-77.090703,-12.030109</coordinates>
          </Point>
        </Placemark>
        <Placemark>
          <name>-1</name>
          <description>
LAC: 1698 CID: 447:193 RNC: 0 PSC: 152
ACCURACY: 23
CHANGE_TYPE: CELL
TIMESTAMP: 26 may 2026 5:25:59 p.m.</description>
          <styleUrl>#style_0</styleUrl>
          <Point>
            <coordinates>-77.090635,-12.030116</coordinates>
          </Point>
        </Placemark>
        <Placemark>
          <name>-110</name>
          <description>
LAC: 1698 CID: 447:193 RNC: 0 PSC: 152
ACCURACY: 22
CHANGE_TYPE: DBM
TIMESTAMP: 26 may 2026 5:25:55 p.m.</description>
          <styleUrl>#style_30</styleUrl>
          <Point>
            <coordinates>-77.090703,-12.030109</coordinates>
          </Point>
        </Placemark>
        <Placemark>
          <name>-110</name>
          <description>
LAC: 1698 CID: 447:193 RNC: 0 PSC: 152
ACCURACY: 22
CHANGE_TYPE: DBM
TIMESTAMP: 26 may 2026 5:25:56 p.m.</description>
          <styleUrl>#style_30</styleUrl>
          <Point>
            <coordinates>-77.090703,-12.030109</coordinates>
          </Point>
        </Placemark>
        <Placemark>
          <name>-1</name>
          <description>
LAC: 1698 CID: 447:193 RNC: 0 PSC: 152
ACCURACY: 23
CHANGE_TYPE: DBM
TIMESTAMP: 26 may 2026 5:25:59 p.m.</description>
          <styleUrl>#style_0</styleUrl>
          <Point>
            <coordinates>-77.090635,-12.030116</coordinates>
          </Point>
        </Placemark>
        <Placemark>
          <name>-106</name>
          <description>
LAC: 1698 CID: 447:193 RNC: 0 PSC: 152
ACCURACY: 23
CHANGE_TYPE: DBM
TIMESTAMP: 26 may 2026 5:26:02 p.m.</description>
          <styleUrl>#style_40</styleUrl>
          <Point>
            <coordinates>-77.090635,-12.030116</coordinates>
          </Point>
        </Placemark>
      </Folder>
      <Folder>
        <open>0</open>
        <name>LAC: 1698 CID: 473:71 RNC: 0 PSC: 136</name>
      </Folder>
      <Folder>
        <open>0</open>
        <name>LAC: 1698 CID: 473:191 RNC: 0 PSC: 136</name>
        <Placemark>
          <name>-105</name>
          <description>
LAC: 1698 CID: 473:191 RNC: 0 PSC: 136
ACCURACY: 13
CHANGE_TYPE: CELL
TIMESTAMP: 26 may 2026 6:05:15 p.m.</description>
          <styleUrl>#style_40</styleUrl>
          <Point>
            <coordinates>-77.081637,-12.031797</coordinates>
          </Point>
        </Placemark>
        <Placemark>
          <name>-1</name>
          <description>
LAC: 1698 CID: 473:191 RNC: 0 PSC: 136
ACCURACY: 12
CHANGE_TYPE: CELL
TIMESTAMP: 26 may 2026 6:05:23 p.m.</description>
          <styleUrl>#style_0</styleUrl>
          <Point>
            <coordinates>-77.081722,-12.031771</coordinates>
          </Point>
        </Placemark>
        <Placemark>
          <name>-1</name>
          <description>
LAC: 1698 CID: 473:191 RNC: 0 PSC: 136
ACCURACY: 11
CHANGE_TYPE: CELL
TIMESTAMP: 26 may 2026 6:05:34 p.m.</description>
          <styleUrl>#style_0</styleUrl>
          <Point>
            <coordinates>-77.081877,-12.031751</coordinates>
          </Point>
        </Placemark>
        <Placemark>
          <name>-100</name>
          <description>
LAC: 1698 CID: 473:191 RNC: 0 PSC: 136
ACCURACY: 10
CHANGE_TYPE: CELL
TIMESTAMP: 26 may 2026 6:06:17 p.m.</description>
          <styleUrl>#style_40</styleUrl>
          <Point>
            <coordinates>-77.082078,-12.03199</coordinates>
          </Point>
        </Placemark>
        <Placemark>
          <name>-1</name>
          <description>
LAC: 1698 CID: 473:191 RNC: 0 PSC: 136
ACCURACY: 10
CHANGE_TYPE: CELL
TIMESTAMP: 26 may 2026 6:07:11 p.m.</description>
          <styleUrl>#style_0</styleUrl>
          <Point>
            <coordinates>-77.082304,-12.032366</coordinates>
          </Point>
        </Placemark>
        <Placemark>
          <name>-105</name>
          <description>
LAC: 1698 CID: 473:191 RNC: 0 PSC: 136
ACCURACY: 13
CHANGE_TYPE: DBM
TIMESTAMP: 26 may 2026 6:05:15 p.m.</description>
          <styleUrl>#style_40</styleUrl>
          <Point>
            <coordinates>-77.081637,-12.031797</coordinates>
          </Point>
        </Placemark>
        <Placemark>
          <name>-105</name>
          <description>
LAC: 1698 CID: 473:191 RNC: 0 PSC: 136
ACCURACY: 13
CHANGE_TYPE: DBM
TIMESTAMP: 26 may 2026 6:05:16 p.m.</description>
          <styleUrl>#style_40</styleUrl>
          <Point>
            <coordinates>-77.081637,-12.031797</coordinates>
          </Point>
        </Placemark>
        <Placemark>
          <name>-1</name>
          <description>
LAC: 1698 CID: 473:191 RNC: 0 PSC: 136
ACCURACY: 12
CHANGE_TYPE: DBM
TIMESTAMP: 26 may 2026 6:05:23 p.m.</description>
          <styleUrl>#style_0</styleUrl>
          <Point>
            <coordinates>-77.081722,-12.031771</coordinates>
          </Point>
        </Placemark>
        <Placemark>
          <name>-1</name>
          <description>
LAC: 1698 CID: 473:191 RNC: 0 PSC: 136
ACCURACY: 11
CHANGE_TYPE: DBM
TIMESTAMP: 26 may 2026 6:05:34 p.m.</description>
          <styleUrl>#style_0</styleUrl>
          <Point>
            <coordinates>-77.081877,-12.031751</coordinates>
          </Point>
        </Placemark>
        <Placemark>
          <name>-1</name>
          <description>
LAC: 1698 CID: 473:191 RNC: 0 PSC: 136
ACCURACY: 11
CHANGE_TYPE: DBM
TIMESTAMP: 26 may 2026 6:05:35 p.m.</description>
          <styleUrl>#style_0</styleUrl>
          <Point>
            <coordinates>-77.081877,-12.031751</coordinates>
          </Point>
        </Placemark>
        <Placemark>
          <name>-100</name>
          <description>
LAC: 1698 CID: 473:191 RNC: 0 PSC: 136
ACCURACY: 10
CHANGE_TYPE: DBM
TIMESTAMP: 26 may 2026 6:06:17 p.m.</description>
          <styleUrl>#style_40</styleUrl>
          <Point>
            <coordinates>-77.082078,-12.03199</coordinates>
          </Point>
        </Placemark>
        <Placemark>
          <name>-100</name>
          <description>
LAC: 1698 CID: 473:191 RNC: 0 PSC: 136
ACCURACY: 10
CHANGE_TYPE: DBM
TIMESTAMP: 26 may 2026 6:06:18 p.m.</description>
          <styleUrl>#style_40</styleUrl>
          <Point>
            <coordinates>-77.082078,-12.03199</coordinates>
          </Point>
        </Placemark>
        <Placemark>
          <name>-104</name>
          <description>
LAC: 1698 CID: 473:191 RNC: 0 PSC: 136
ACCURACY: 10
CHANGE_TYPE: DBM
TIMESTAMP: 26 may 2026 6:06:19 p.m.</description>
          <styleUrl>#style_40</styleUrl>
          <Point>
            <coordinates>-77.082102,-12.032067</coordinates>
          </Point>
        </Placemark>
        <Placemark>
          <name>-104</name>
          <description>
LAC: 1698 CID: 473:191 RNC: 0 PSC: 136
ACCURACY: 10
CHANGE_TYPE: DBM
TIMESTAMP: 26 may 2026 6:06:20 p.m.</description>
          <styleUrl>#style_40</styleUrl>
          <Point>
            <coordinates>-77.082102,-12.032067</coordinates>
          </Point>
        </Placemark>
        <Placemark>
          <name>-105</name>
          <description>
LAC: 1698 CID: 473:191 RNC: 0 PSC: 136
ACCURACY: 10
CHANGE_TYPE: DBM
TIMESTAMP: 26 may 2026 6:06:21 p.m.</description>
          <styleUrl>#style_40</styleUrl>
          <Point>
            <coordinates>-77.082102,-12.032067</coordinates>
          </Point>
        </Placemark>
        <Placemark>
          <name>-105</name>
          <description>
LAC: 1698 CID: 473:191 RNC: 0 PSC: 136
ACCURACY: 10
CHANGE_TYPE: DBM
TIMESTAMP: 26 may 2026 6:06:22 p.m.</description>
          <styleUrl>#style_40</styleUrl>
          <Point>
            <coordinates>-77.082102,-12.032067</coordinates>
          </Point>
        </Placemark>
        <Placemark>
          <name>-101</name>
          <description>
LAC: 1698 CID: 473:191 RNC: 0 PSC: 136
ACCURACY: 10
CHANGE_TYPE: DBM
TIMESTAMP: 26 may 2026 6:06:23 p.m.</description>
          <styleUrl>#style_40</styleUrl>
          <Point>
            <coordinates>-77.082102,-12.032067</coordinates>
          </Point>
        </Placemark>
        <Placemark>
          <name>-101</name>
          <description>
LAC: 1698 CID: 473:191 RNC: 0 PSC: 136
ACCURACY: 10
CHANGE_TYPE: DBM
TIMESTAMP: 26 may 2026 6:06:24 p.m.</description>
          <styleUrl>#style_40</styleUrl>
          <Point>
            <coordinates>-77.082102,-12.032067</coordinates>
          </Point>
        </Placemark>
        <Placemark>
          <name>-104</name>
          <description>
LAC: 1698 CID: 473:191 RNC: 0 PSC: 136
ACCURACY: 10
CHANGE_TYPE: DBM
TIMESTAMP: 26 may 2026 6:06:25 p.m.</description>
          <styleUrl>#style_40</styleUrl>
          <Point>
            <coordinates>-77.082102,-12.032067</coordinates>
          </Point>
        </Placemark>
        <Placemark>
          <name>-104</name>
          <description>
LAC: 1698 CID: 473:191 RNC: 0 PSC: 136
ACCURACY: 10
CHANGE_TYPE: DBM
TIMESTAMP: 26 may 2026 6:06:26 p.m.</description>
          <styleUrl>#style_40</styleUrl>
          <Point>
            <coordinates>-77.082102,-12.032067</coordinates>
          </Point>
        </Placemark>
        <Placemark>
          <name>-105</name>
          <description>
LAC: 1698 CID: 473:191 RNC: 0 PSC: 136
ACCURACY: 10
CHANGE_TYPE: DBM
TIMESTAMP: 26 may 2026 6:06:28 p.m.</description>
          <styleUrl>#style_40</styleUrl>
          <Point>
            <coordinates>-77.082102,-12.032067</coordinates>
          </Point>
        </Placemark>
        <Placemark>
          <name>-105</name>
          <description>
LAC: 1698 CID: 473:191 RNC: 0 PSC: 136
ACCURACY: 11
CHANGE_TYPE: DBM
TIMESTAMP: 26 may 2026 6:06:29 p.m.</description>
          <styleUrl>#style_40</styleUrl>
          <Point>
            <coordinates>-77.082135,-12.032152</coordinates>
          </Point>
        </Placemark>
        <Placemark>
          <name>-105</name>
          <description>
LAC: 1698 CID: 473:191 RNC: 0 PSC: 136
ACCURACY: 11
CHANGE_TYPE: DBM
TIMESTAMP: 26 may 2026 6:06:30 p.m.</description>
          <styleUrl>#style_40</styleUrl>
          <Point>
            <coordinates>-77.082135,-12.032152</coordinates>
          </Point>
        </Placemark>
        <Placemark>
          <name>-105</name>
          <description>
LAC: 1698 CID: 473:191 RNC: 0 PSC: 136
ACCURACY: 11
CHANGE_TYPE: DBM
TIMESTAMP: 26 may 2026 6:06:31 p.m.</description>
          <styleUrl>#style_40</styleUrl>
          <Point>
            <coordinates>-77.082135,-12.032152</coordinates>
          </Point>
        </Placemark>
        <Placemark>
          <name>-104</name>
          <description>
LAC: 1698 CID: 473:191 RNC: 0 PSC: 136
ACCURACY: 11
CHANGE_TYPE: DBM
TIMESTAMP: 26 may 2026 6:06:32 p.m.</description>
          <styleUrl>#style_40</styleUrl>
          <Point>
            <coordinates>-77.082135,-12.032152</coordinates>
          </Point>
        </Placemark>
        <Placemark>
          <name>-104</name>
          <description>
LAC: 1698 CID: 473:191 RNC: 0 PSC: 136
ACCURACY: 11
CHANGE_TYPE: DBM
TIMESTAMP: 26 may 2026 6:06:33 p.m.</description>
          <styleUrl>#style_40</styleUrl>
          <Point>
            <coordinates>-77.082135,-12.032152</coordinates>
          </Point>
        </Placemark>
        <Placemark>
          <name>-1</name>
          <description>
LAC: 1698 CID: 473:191 RNC: 0 PSC: 136
ACCURACY: 10
CHANGE_TYPE: DBM
TIMESTAMP: 26 may 2026 6:07:11 p.m.</description>
          <styleUrl>#style_0</styleUrl>
          <Point>
            <coordinates>-77.082304,-12.032366</coordinates>
          </Point>
        </Placemark>
        <Placemark>
          <name>-1</name>
          <description>
LAC: 1698 CID: 473:191 RNC: 0 PSC: 136
ACCURACY: 10
CHANGE_TYPE: DBM
TIMESTAMP: 26 may 2026 6:07:12 p.m.</description>
          <styleUrl>#style_0</styleUrl>
          <Point>
            <coordinates>-77.082304,-12.032366</coordinates>
          </Point>
        </Placemark>
        <Placemark>
          <name>-98</name>
          <description>
LAC: 1698 CID: 473:191 RNC: 0 PSC: 136
ACCURACY: 10
CHANGE_TYPE: DBM
TIMESTAMP: 26 may 2026 6:07:13 p.m.</description>
          <styleUrl>#style_40</styleUrl>
          <Point>
            <coordinates>-77.082304,-12.032366</coordinates>
          </Point>
        </Placemark>
        <Placemark>
          <name>-98</name>
          <description>
LAC: 1698 CID: 473:191 RNC: 0 PSC: 136
ACCURACY: 10
CHANGE_TYPE: DBM
TIMESTAMP: 26 may 2026 6:07:14 p.m.</description>
          <styleUrl>#style_40</styleUrl>
          <Point>
            <coordinates>-77.082353,-12.032349</coordinates>
          </Point>
        </Placemark>
        <Placemark>
          <name>-1</name>
          <description>
LAC: 1698 CID: 473:191 RNC: 0 PSC: 136
ACCURACY: 12
CHANGE_TYPE: GPS
TIMESTAMP: 26 may 2026 6:05:23 p.m.</description>
          <styleUrl>#style_0</styleUrl>
          <Point>
            <coordinates>-77.081772,-12.031757</coordinates>
          </Point>
        </Placemark>
        <Placemark>
          <name>-100</name>
          <description>
LAC: 1698 CID: 473:191 RNC: 0 PSC: 136
ACCURACY: 10
CHANGE_TYPE: GPS
TIMESTAMP: 26 may 2026 6:06:18 p.m.</description>
          <styleUrl>#style_40</styleUrl>
          <Point>
            <coordinates>-77.082102,-12.032067</coordinates>
          </Point>
        </Placemark>
        <Placemark>
          <name>-105</name>
          <description>
LAC: 1698 CID: 473:191 RNC: 0 PSC: 136
ACCURACY: 11
CHANGE_TYPE: GPS
TIMESTAMP: 26 may 2026 6:06:28 p.m.</description>
          <styleUrl>#style_40</styleUrl>
          <Point>
            <coordinates>-77.082135,-12.032152</coordinates>
          </Point>
        </Placemark>
        <Placemark>
          <name>-104</name>
          <description>
LAC: 1698 CID: 473:191 RNC: 0 PSC: 136
ACCURACY: 10
CHANGE_TYPE: GPS
TIMESTAMP: 26 may 2026 6:06:33 p.m.</description>
          <styleUrl>#style_40</styleUrl>
          <Point>
            <coordinates>-77.082145,-12.032209</coordinates>
          </Point>
        </Placemark>
        <Placemark>
          <name>-98</name>
          <description>
LAC: 1698 CID: 473:191 RNC: 0 PSC: 136
ACCURACY: 10
CHANGE_TYPE: GPS
TIMESTAMP: 26 may 2026 6:07:13 p.m.</description>
          <styleUrl>#style_40</styleUrl>
          <Point>
            <coordinates>-77.082353,-12.032349</coordinates>
          </Point>
        </Placemark>
      </Folder>
      <Folder>
        <open>0</open>
        <name>LAC: 1698 CID: 5363:73 RNC: 0 PSC: 87</name>
        <Placemark>
          <name>-96</name>
          <description>
LAC: 1698 CID: 5363:73 RNC: 0 PSC: 87
ACCURACY: 10
CHANGE_TYPE: CELL
TIMESTAMP: 26 may 2026 6:07:34 p.m.</description>
          <styleUrl>#style_50</styleUrl>
          <Point>
            <coordinates>-77.082473,-12.032401</coordinates>
          </Point>
        </Placemark>
        <Placemark>
          <name>-98</name>
          <description>
LAC: 1698 CID: 5363:73 RNC: 0 PSC: 87
ACCURACY: 10
CHANGE_TYPE: CELL
TIMESTAMP: 26 may 2026 6:09:03 p.m.</description>
          <styleUrl>#style_40</styleUrl>
          <Point>
            <coordinates>-77.082375,-12.032872</coordinates>
          </Point>
        </Placemark>
        <Placemark>
          <name>-100</name>
          <description>
LAC: 1698 CID: 5363:73 RNC: 0 PSC: 87
ACCURACY: 11
CHANGE_TYPE: CELL
TIMESTAMP: 26 may 2026 6:09:26 p.m.</description>
          <styleUrl>#style_40</styleUrl>
          <Point>
            <coordinates>-77.082575,-12.032886</coordinates>
          </Point>
        </Placemark>
        <Placemark>
          <name>-96</name>
          <description>
LAC: 1698 CID: 5363:73 RNC: 0 PSC: 87
ACCURACY: 10
CHANGE_TYPE: DBM
TIMESTAMP: 26 may 2026 6:07:34 p.m.</description>
          <styleUrl>#style_50</styleUrl>
          <Point>
            <coordinates>-77.082473,-12.032401</coordinates>
          </Point>
        </Placemark>
        <Placemark>
          <name>-95</name>
          <description>
LAC: 1698 CID: 5363:73 RNC: 0 PSC: 87
ACCURACY: 10
CHANGE_TYPE: DBM
TIMESTAMP: 26 may 2026 6:07:36 p.m.</description>
          <styleUrl>#style_50</styleUrl>
          <Point>
            <coordinates>-77.082473,-12.032401</coordinates>
          </Point>
        </Placemark>
        <Placemark>
          <name>-95</name>
          <description>
LAC: 1698 CID: 5363:73 RNC: 0 PSC: 87
ACCURACY: 10
CHANGE_TYPE: DBM
TIMESTAMP: 26 may 2026 6:07:37 p.m.</description>
          <styleUrl>#style_50</styleUrl>
          <Point>
            <coordinates>-77.082473,-12.032401</coordinates>
          </Point>
        </Placemark>
        <Placemark>
          <name>-94</name>
          <description>
LAC: 1698 CID: 5363:73 RNC: 0 PSC: 87
ACCURACY: 10
CHANGE_TYPE: DBM
TIMESTAMP: 26 may 2026 6:07:38 p.m.</description>
          <styleUrl>#style_50</styleUrl>
          <Point>
            <coordinates>-77.082473,-12.032401</coordinates>
          </Point>
        </Placemark>
        <Placemark>
          <name>-94</name>
          <description>
LAC: 1698 CID: 5363:73 RNC: 0 PSC: 87
ACCURACY: 10
CHANGE_TYPE: DBM
TIMESTAMP: 26 may 2026 6:07:39 p.m.</description>
          <styleUrl>#style_50</styleUrl>
          <Point>
            <coordinates>-77.082484,-12.032445</coordinates>
          </Point>
        </Placemark>
        <Placemark>
          <name>-94</name>
          <description>
LAC: 1698 CID: 5363:73 RNC: 0 PSC: 87
ACCURACY: 10
CHANGE_TYPE: DBM
TIMESTAMP: 26 may 2026 6:07:40 p.m.</description>
          <styleUrl>#style_50</styleUrl>
          <Point>
            <coordinates>-77.082484,-12.032445</coordinates>
          </Point>
        </Placemark>
        <Placemark>
          <name>-94</name>
          <description>
LAC: 1698 CID: 5363:73 RNC: 0 PSC: 87
ACCURACY: 10
CHANGE_TYPE: DBM
TIMESTAMP: 26 may 2026 6:07:41 p.m.</description>
          <styleUrl>#style_50</styleUrl>
          <Point>
            <coordinates>-77.082484,-12.032445</coordinates>
          </Point>
        </Placemark>
        <Placemark>
          <name>-96</name>
          <description>
LAC: 1698 CID: 5363:73 RNC: 0 PSC: 87
ACCURACY: 10
CHANGE_TYPE: DBM
TIMESTAMP: 26 may 2026 6:07:42 p.m.</description>
          <styleUrl>#style_50</styleUrl>
          <Point>
            <coordinates>-77.082484,-12.032445</coordinates>
          </Point>
        </Placemark>
        <Placemark>
          <name>-96</name>
          <description>
LAC: 1698 CID: 5363:73 RNC: 0 PSC: 87
ACCURACY: 10
CHANGE_TYPE: DBM
TIMESTAMP: 26 may 2026 6:07:43 p.m.</description>
          <styleUrl>#style_50</styleUrl>
          <Point>
            <coordinates>-77.082484,-12.032445</coordinates>
          </Point>
        </Placemark>
        <Placemark>
          <name>-96</name>
          <description>
LAC: 1698 CID: 5363:73 RNC: 0 PSC: 87
ACCURACY: 10
CHANGE_TYPE: DBM
TIMESTAMP: 26 may 2026 6:07:44 p.m.</description>
          <styleUrl>#style_50</styleUrl>
          <Point>
            <coordinates>-77.082484,-12.032445</coordinates>
          </Point>
        </Placemark>
        <Placemark>
          <name>-98</name>
          <description>
LAC: 1698 CID: 5363:73 RNC: 0 PSC: 87
ACCURACY: 10
CHANGE_TYPE: DBM
TIMESTAMP: 26 may 2026 6:09:03 p.m.</description>
          <styleUrl>#style_40</styleUrl>
          <Point>
            <coordinates>-77.082375,-12.032872</coordinates>
          </Point>
        </Placemark>
        <Placemark>
          <name>-98</name>
          <description>
LAC: 1698 CID: 5363:73 RNC: 0 PSC: 87
ACCURACY: 11
CHANGE_TYPE: DBM
TIMESTAMP: 26 may 2026 6:09:04 p.m.</description>
          <styleUrl>#style_40</styleUrl>
          <Point>
            <coordinates>-77.082425,-12.032925</coordinates>
          </Point>
        </Placemark>
        <Placemark>
          <name>-100</name>
          <description>
LAC: 1698 CID: 5363:73 RNC: 0 PSC: 87
ACCURACY: 11
CHANGE_TYPE: DBM
TIMESTAMP: 26 may 2026 6:09:05 p.m.</description>
          <styleUrl>#style_40</styleUrl>
          <Point>
            <coordinates>-77.082425,-12.032925</coordinates>
          </Point>
        </Placemark>
        <Placemark>
          <name>-100</name>
          <description>
LAC: 1698 CID: 5363:73 RNC: 0 PSC: 87
ACCURACY: 11
CHANGE_TYPE: DBM
TIMESTAMP: 26 may 2026 6:09:07 p.m.</description>
          <styleUrl>#style_40</styleUrl>
          <Point>
            <coordinates>-77.082425,-12.032925</coordinates>
          </Point>
        </Placemark>
        <Placemark>
          <name>-100</name>
          <description>
LAC: 1698 CID: 5363:73 RNC: 0 PSC: 87
ACCURACY: 11
CHANGE_TYPE: DBM
TIMESTAMP: 26 may 2026 6:09:08 p.m.</description>
          <styleUrl>#style_40</styleUrl>
          <Point>
            <coordinates>-77.082425,-12.032925</coordinates>
          </Point>
        </Placemark>
        <Placemark>
          <name>-1</name>
          <description>
LAC: 1698 CID: 5363:73 RNC: 0 PSC: 87
ACCURACY: 11
CHANGE_TYPE: DBM
TIMESTAMP: 26 may 2026 6:09:09 p.m.</description>
          <styleUrl>#style_0</styleUrl>
          <Point>
            <coordinates>-77.082499,-12.032915</coordinates>
          </Point>
        </Placemark>
        <Placemark>
          <name>-98</name>
          <description>
LAC: 1698 CID: 5363:73 RNC: 0 PSC: 87
ACCURACY: 11
CHANGE_TYPE: DBM
TIMESTAMP: 26 may 2026 6:09:11 p.m.</description>
          <styleUrl>#style_40</styleUrl>
          <Point>
            <coordinates>-77.082499,-12.032915</coordinates>
          </Point>
        </Placemark>
        <Placemark>
          <name>-100</name>
          <description>
LAC: 1698 CID: 5363:73 RNC: 0 PSC: 87
ACCURACY: 11
CHANGE_TYPE: DBM
TIMESTAMP: 26 may 2026 6:09:13 p.m.</description>
          <styleUrl>#style_40</styleUrl>
          <Point>
            <coordinates>-77.082499,-12.032915</coordinates>
          </Point>
        </Placemark>
        <Placemark>
          <name>-99</name>
          <description>
LAC: 1698 CID: 5363:73 RNC: 0 PSC: 87
ACCURACY: 11
CHANGE_TYPE: DBM
TIMESTAMP: 26 may 2026 6:09:15 p.m.</description>
          <styleUrl>#style_40</styleUrl>
          <Point>
            <coordinates>-77.082499,-12.032915</coordinates>
          </Point>
        </Placemark>
        <Placemark>
          <name>-100</name>
          <description>
LAC: 1698 CID: 5363:73 RNC: 0 PSC: 87
ACCURACY: 11
CHANGE_TYPE: DBM
TIMESTAMP: 26 may 2026 6:09:17 p.m.</description>
          <styleUrl>#style_40</styleUrl>
          <Point>
            <coordinates>-77.082499,-12.032915</coordinates>
          </Point>
        </Placemark>
        <Placemark>
          <name>-100</name>
          <description>
LAC: 1698 CID: 5363:73 RNC: 0 PSC: 87
ACCURACY: 11
CHANGE_TYPE: DBM
TIMESTAMP: 26 may 2026 6:09:18 p.m.</description>
          <styleUrl>#style_40</styleUrl>
          <Point>
            <coordinates>-77.082575,-12.032886</coordinates>
          </Point>
        </Placemark>
        <Placemark>
          <name>-100</name>
          <description>
LAC: 1698 CID: 5363:73 RNC: 0 PSC: 87
ACCURACY: 11
CHANGE_TYPE: DBM
TIMESTAMP: 26 may 2026 6:09:26 p.m.</description>
          <styleUrl>#style_40</styleUrl>
          <Point>
            <coordinates>-77.082575,-12.032886</coordinates>
          </Point>
        </Placemark>
        <Placemark>
          <name>-102</name>
          <description>
LAC: 1698 CID: 5363:73 RNC: 0 PSC: 87
ACCURACY: 11
CHANGE_TYPE: DBM
TIMESTAMP: 26 may 2026 6:09:28 p.m.</description>
          <styleUrl>#style_40</styleUrl>
          <Point>
            <coordinates>-77.082575,-12.032886</coordinates>
          </Point>
        </Placemark>
        <Placemark>
          <name>-102</name>
          <description>
LAC: 1698 CID: 5363:73 RNC: 0 PSC: 87
ACCURACY: 11
CHANGE_TYPE: DBM
TIMESTAMP: 26 may 2026 6:09:30 p.m.</description>
          <styleUrl>#style_40</styleUrl>
          <Point>
            <coordinates>-77.082575,-12.032886</coordinates>
          </Point>
        </Placemark>
        <Placemark>
          <name>-102</name>
          <description>
LAC: 1698 CID: 5363:73 RNC: 0 PSC: 87
ACCURACY: 11
CHANGE_TYPE: DBM
TIMESTAMP: 26 may 2026 6:09:32 p.m.</description>
          <styleUrl>#style_40</styleUrl>
          <Point>
            <coordinates>-77.082575,-12.032886</coordinates>
          </Point>
        </Placemark>
        <Placemark>
          <name>-103</name>
          <description>
LAC: 1698 CID: 5363:73 RNC: 0 PSC: 87
ACCURACY: 11
CHANGE_TYPE: DBM
TIMESTAMP: 26 may 2026 6:09:34 p.m.</description>
          <styleUrl>#style_40</styleUrl>
          <Point>
            <coordinates>-77.082684,-12.032875</coordinates>
          </Point>
        </Placemark>
        <Placemark>
          <name>-101</name>
          <description>
LAC: 1698 CID: 5363:73 RNC: 0 PSC: 87
ACCURACY: 11
CHANGE_TYPE: DBM
TIMESTAMP: 26 may 2026 6:09:36 p.m.</description>
          <styleUrl>#style_40</styleUrl>
          <Point>
            <coordinates>-77.082684,-12.032875</coordinates>
          </Point>
        </Placemark>
        <Placemark>
          <name>-101</name>
          <description>
LAC: 1698 CID: 5363:73 RNC: 0 PSC: 87
ACCURACY: 11
CHANGE_TYPE: DBM
TIMESTAMP: 26 may 2026 6:09:37 p.m.</description>
          <styleUrl>#style_40</styleUrl>
          <Point>
            <coordinates>-77.082684,-12.032875</coordinates>
          </Point>
        </Placemark>
        <Placemark>
          <name>-102</name>
          <description>
LAC: 1698 CID: 5363:73 RNC: 0 PSC: 87
ACCURACY: 11
CHANGE_TYPE: DBM
TIMESTAMP: 26 may 2026 6:09:38 p.m.</description>
          <styleUrl>#style_40</styleUrl>
          <Point>
            <coordinates>-77.082684,-12.032875</coordinates>
          </Point>
        </Placemark>
        <Placemark>
          <name>-102</name>
          <description>
LAC: 1698 CID: 5363:73 RNC: 0 PSC: 87
ACCURACY: 11
CHANGE_TYPE: DBM
TIMESTAMP: 26 may 2026 6:09:39 p.m.</description>
          <styleUrl>#style_40</styleUrl>
          <Point>
            <coordinates>-77.082684,-12.032875</coordinates>
          </Point>
        </Placemark>
        <Placemark>
          <name>-102</name>
          <description>
LAC: 1698 CID: 5363:73 RNC: 0 PSC: 87
ACCURACY: 11
CHANGE_TYPE: DBM
TIMESTAMP: 26 may 2026 6:09:40 p.m.</description>
          <styleUrl>#style_40</styleUrl>
          <Point>
            <coordinates>-77.082684,-12.032875</coordinates>
          </Point>
        </Placemark>
        <Placemark>
          <name>-102</name>
          <description>
LAC: 1698 CID: 5363:73 RNC: 0 PSC: 87
ACCURACY: 11
CHANGE_TYPE: DBM
TIMESTAMP: 26 may 2026 6:09:42 p.m.</description>
          <styleUrl>#style_40</styleUrl>
          <Point>
            <coordinates>-77.082684,-12.032875</coordinates>
          </Point>
        </Placemark>
        <Placemark>
          <name>-102</name>
          <description>
LAC: 1698 CID: 5363:73 RNC: 0 PSC: 87
ACCURACY: 11
CHANGE_TYPE: DBM
TIMESTAMP: 26 may 2026 6:09:43 p.m.</description>
          <styleUrl>#style_40</styleUrl>
          <Point>
            <coordinates>-77.082684,-12.032875</coordinates>
          </Point>
        </Placemark>
        <Placemark>
          <name>-100</name>
          <description>
LAC: 1698 CID: 5363:73 RNC: 0 PSC: 87
ACCURACY: 11
CHANGE_TYPE: DBM
TIMESTAMP: 26 may 2026 6:09:44 p.m.</description>
          <styleUrl>#style_40</styleUrl>
          <Point>
            <coordinates>-77.082684,-12.032875</coordinates>
          </Point>
        </Placemark>
        <Placemark>
          <name>-100</name>
          <description>
LAC: 1698 CID: 5363:73 RNC: 0 PSC: 87
ACCURACY: 11
CHANGE_TYPE: DBM
TIMESTAMP: 26 may 2026 6:09:45 p.m.</description>
          <styleUrl>#style_40</styleUrl>
          <Point>
            <coordinates>-77.082684,-12.032875</coordinates>
          </Point>
        </Placemark>
        <Placemark>
          <name>-99</name>
          <description>
LAC: 1698 CID: 5363:73 RNC: 0 PSC: 87
ACCURACY: 11
CHANGE_TYPE: DBM
TIMESTAMP: 26 may 2026 6:09:46 p.m.</description>
          <styleUrl>#style_40</styleUrl>
          <Point>
            <coordinates>-77.082684,-12.032875</coordinates>
          </Point>
        </Placemark>
        <Placemark>
          <name>-102</name>
          <description>
LAC: 1698 CID: 5363:73 RNC: 0 PSC: 87
ACCURACY: 10
CHANGE_TYPE: DBM
TIMESTAMP: 26 may 2026 6:09:50 p.m.</description>
          <styleUrl>#style_40</styleUrl>
          <Point>
            <coordinates>-77.082747,-12.032854</coordinates>
          </Point>
        </Placemark>
        <Placemark>
          <name>-101</name>
          <description>
LAC: 1698 CID: 5363:73 RNC: 0 PSC: 87
ACCURACY: 10
CHANGE_TYPE: DBM
TIMESTAMP: 26 may 2026 6:09:52 p.m.</description>
          <styleUrl>#style_40</styleUrl>
          <Point>
            <coordinates>-77.082747,-12.032854</coordinates>
          </Point>
        </Placemark>
        <Placemark>
          <name>-101</name>
          <description>
LAC: 1698 CID: 5363:73 RNC: 0 PSC: 87
ACCURACY: 11
CHANGE_TYPE: DBM
TIMESTAMP: 26 may 2026 6:09:53 p.m.</description>
          <styleUrl>#style_40</styleUrl>
          <Point>
            <coordinates>-77.08279,-12.032837</coordinates>
          </Point>
        </Placemark>
        <Placemark>
          <name>-101</name>
          <description>
LAC: 1698 CID: 5363:73 RNC: 0 PSC: 87
ACCURACY: 11
CHANGE_TYPE: DBM
TIMESTAMP: 26 may 2026 6:09:54 p.m.</description>
          <styleUrl>#style_40</styleUrl>
          <Point>
            <coordinates>-77.08279,-12.032837</coordinates>
          </Point>
        </Placemark>
        <Placemark>
          <name>-101</name>
          <description>
LAC: 1698 CID: 5363:73 RNC: 0 PSC: 87
ACCURACY: 11
CHANGE_TYPE: DBM
TIMESTAMP: 26 may 2026 6:09:56 p.m.</description>
          <styleUrl>#style_40</styleUrl>
          <Point>
            <coordinates>-77.08279,-12.032837</coordinates>
          </Point>
        </Placemark>
        <Placemark>
          <name>-94</name>
          <description>
LAC: 1698 CID: 5363:73 RNC: 0 PSC: 87
ACCURACY: 10
CHANGE_TYPE: GPS
TIMESTAMP: 26 may 2026 6:07:38 p.m.</description>
          <styleUrl>#style_50</styleUrl>
          <Point>
            <coordinates>-77.082484,-12.032445</coordinates>
          </Point>
        </Placemark>
        <Placemark>
          <name>-98</name>
          <description>
LAC: 1698 CID: 5363:73 RNC: 0 PSC: 87
ACCURACY: 11
CHANGE_TYPE: GPS
TIMESTAMP: 26 may 2026 6:09:03 p.m.</description>
          <styleUrl>#style_40</styleUrl>
          <Point>
            <coordinates>-77.082425,-12.032925</coordinates>
          </Point>
        </Placemark>
        <Placemark>
          <name>-100</name>
          <description>
LAC: 1698 CID: 5363:73 RNC: 0 PSC: 87
ACCURACY: 11
CHANGE_TYPE: GPS
TIMESTAMP: 26 may 2026 6:09:08 p.m.</description>
          <styleUrl>#style_40</styleUrl>
          <Point>
            <coordinates>-77.082499,-12.032915</coordinates>
          </Point>
        </Placemark>
        <Placemark>
          <name>-100</name>
          <description>
LAC: 1698 CID: 5363:73 RNC: 0 PSC: 87
ACCURACY: 11
CHANGE_TYPE: GPS
TIMESTAMP: 26 may 2026 6:09:18 p.m.</description>
          <styleUrl>#style_40</styleUrl>
          <Point>
            <coordinates>-77.082575,-12.032886</coordinates>
          </Point>
        </Placemark>
        <Placemark>
          <name>-102</name>
          <description>
LAC: 1698 CID: 5363:73 RNC: 0 PSC: 87
ACCURACY: 11
CHANGE_TYPE: GPS
TIMESTAMP: 26 may 2026 6:09:33 p.m.</description>
          <styleUrl>#style_40</styleUrl>
          <Point>
            <coordinates>-77.082684,-12.032875</coordinates>
          </Point>
        </Placemark>
        <Placemark>
          <name>-99</name>
          <description>
LAC: 1698 CID: 5363:73 RNC: 0 PSC: 87
ACCURACY: 10
CHANGE_TYPE: GPS
TIMESTAMP: 26 may 2026 6:09:48 p.m.</description>
          <styleUrl>#style_40</styleUrl>
          <Point>
            <coordinates>-77.082747,-12.032854</coordinates>
          </Point>
        </Placemark>
        <Placemark>
          <name>-101</name>
          <description>
LAC: 1698 CID: 5363:73 RNC: 0 PSC: 87
ACCURACY: 11
CHANGE_TYPE: GPS
TIMESTAMP: 26 may 2026 6:09:53 p.m.</description>
          <styleUrl>#style_40</styleUrl>
          <Point>
            <coordinates>-77.08279,-12.032837</coordinates>
          </Point>
        </Placemark>
      </Folder>
      <Folder>
        <open>0</open>
        <name>LAC: 1698 CID: 5363:193 RNC: 0 PSC: 87</name>
        <Placemark>
          <name>-103</name>
          <description>
LAC: 1698 CID: 5363:193 RNC: 0 PSC: 87
ACCURACY: 10
CHANGE_TYPE: CELL
TIMESTAMP: 26 may 2026 6:06:38 p.m.</description>
          <styleUrl>#style_40</styleUrl>
          <Point>
            <coordinates>-77.082145,-12.032209</coordinates>
          </Point>
        </Placemark>
        <Placemark>
          <name>-1</name>
          <description>
LAC: 1698 CID: 5363:193 RNC: 0 PSC: 87
ACCURACY: 10
CHANGE_TYPE: CELL
TIMESTAMP: 26 may 2026 6:06:48 p.m.</description>
          <styleUrl>#style_0</styleUrl>
          <Point>
            <coordinates>-77.082143,-12.032257</coordinates>
          </Point>
        </Placemark>
        <Placemark>
          <name>-99</name>
          <description>
LAC: 1698 CID: 5363:193 RNC: 0 PSC: 87
ACCURACY: 10
CHANGE_TYPE: CELL
TIMESTAMP: 26 may 2026 6:07:15 p.m.</description>
          <styleUrl>#style_40</styleUrl>
          <Point>
            <coordinates>-77.082353,-12.032349</coordinates>
          </Point>
        </Placemark>
        <Placemark>
          <name>-102</name>
          <description>
LAC: 1698 CID: 5363:193 RNC: 0 PSC: 87
ACCURACY: 10
CHANGE_TYPE: CELL
TIMESTAMP: 26 may 2026 6:08:18 p.m.</description>
          <styleUrl>#style_40</styleUrl>
          <Point>
            <coordinates>-77.082591,-12.032663</coordinates>
          </Point>
        </Placemark>
        <Placemark>
          <name>-104</name>
          <description>
LAC: 1698 CID: 5363:193 RNC: 0 PSC: 87
ACCURACY: 11
CHANGE_TYPE: CELL
TIMESTAMP: 26 may 2026 6:08:24 p.m.</description>
          <styleUrl>#style_40</styleUrl>
          <Point>
            <coordinates>-77.082609,-12.032724</coordinates>
          </Point>
        </Placemark>
        <Placemark>
          <name>-104</name>
          <description>
LAC: 1698 CID: 5363:193 RNC: 0 PSC: 87
ACCURACY: 10
CHANGE_TYPE: CELL
TIMESTAMP: 26 may 2026 6:08:49 p.m.</description>
          <styleUrl>#style_40</styleUrl>
          <Point>
            <coordinates>-77.082427,-12.032868</coordinates>
          </Point>
        </Placemark>
        <Placemark>
          <name>-1</name>
          <description>
LAC: 1698 CID: 5363:193 RNC: 0 PSC: 87
ACCURACY: 10
CHANGE_TYPE: CELL
TIMESTAMP: 26 may 2026 6:08:55 p.m.</description>
          <styleUrl>#style_0</styleUrl>
          <Point>
            <coordinates>-77.082375,-12.032872</coordinates>
          </Point>
        </Placemark>
        <Placemark>
          <name>-103</name>
          <description>
LAC: 1698 CID: 5363:193 RNC: 0 PSC: 87
ACCURACY: 10
CHANGE_TYPE: DBM
TIMESTAMP: 26 may 2026 6:06:38 p.m.</description>
          <styleUrl>#style_40</styleUrl>
          <Point>
            <coordinates>-77.082145,-12.032209</coordinates>
          </Point>
        </Placemark>
        <Placemark>
          <name>-1</name>
          <description>
LAC: 1698 CID: 5363:193 RNC: 0 PSC: 87
ACCURACY: 10
CHANGE_TYPE: DBM
TIMESTAMP: 26 may 2026 6:06:48 p.m.</description>
          <styleUrl>#style_0</styleUrl>
          <Point>
            <coordinates>-77.082143,-12.032257</coordinates>
          </Point>
        </Placemark>
        <Placemark>
          <name>-1</name>
          <description>
LAC: 1698 CID: 5363:193 RNC: 0 PSC: 87
ACCURACY: 10
CHANGE_TYPE: DBM
TIMESTAMP: 26 may 2026 6:06:49 p.m.</description>
          <styleUrl>#style_0</styleUrl>
          <Point>
            <coordinates>-77.082182,-12.032342</coordinates>
          </Point>
        </Placemark>
        <Placemark>
          <name>-99</name>
          <description>
LAC: 1698 CID: 5363:193 RNC: 0 PSC: 87
ACCURACY: 10
CHANGE_TYPE: DBM
TIMESTAMP: 26 may 2026 6:06:50 p.m.</description>
          <styleUrl>#style_40</styleUrl>
          <Point>
            <coordinates>-77.082182,-12.032342</coordinates>
          </Point>
        </Placemark>
        <Placemark>
          <name>-101</name>
          <description>
LAC: 1698 CID: 5363:193 RNC: 0 PSC: 87
ACCURACY: 10
CHANGE_TYPE: DBM
TIMESTAMP: 26 may 2026 6:06:52 p.m.</description>
          <styleUrl>#style_40</styleUrl>
          <Point>
            <coordinates>-77.082182,-12.032342</coordinates>
          </Point>
        </Placemark>
        <Placemark>
          <name>-102</name>
          <description>
LAC: 1698 CID: 5363:193 RNC: 0 PSC: 87
ACCURACY: 10
CHANGE_TYPE: DBM
TIMESTAMP: 26 may 2026 6:06:54 p.m.</description>
          <styleUrl>#style_40</styleUrl>
          <Point>
            <coordinates>-77.082182,-12.032342</coordinates>
          </Point>
        </Placemark>
        <Placemark>
          <name>-102</name>
          <description>
LAC: 1698 CID: 5363:193 RNC: 0 PSC: 87
ACCURACY: 10
CHANGE_TYPE: DBM
TIMESTAMP: 26 may 2026 6:06:55 p.m.</description>
          <styleUrl>#style_40</styleUrl>
          <Point>
            <coordinates>-77.082182,-12.032342</coordinates>
          </Point>
        </Placemark>
        <Placemark>
          <name>-101</name>
          <description>
LAC: 1698 CID: 5363:193 RNC: 0 PSC: 87
ACCURACY: 10
CHANGE_TYPE: DBM
TIMESTAMP: 26 may 2026 6:06:57 p.m.</description>
          <styleUrl>#style_40</styleUrl>
          <Point>
            <coordinates>-77.082182,-12.032342</coordinates>
          </Point>
        </Placemark>
        <Placemark>
          <name>-101</name>
          <description>
LAC: 1698 CID: 5363:193 RNC: 0 PSC: 87
ACCURACY: 10
CHANGE_TYPE: DBM
TIMESTAMP: 26 may 2026 6:06:58 p.m.</description>
          <styleUrl>#style_40</styleUrl>
          <Point>
            <coordinates>-77.082182,-12.032342</coordinates>
          </Point>
        </Placemark>
        <Placemark>
          <name>-98</name>
          <description>
LAC: 1698 CID: 5363:193 RNC: 0 PSC: 87
ACCURACY: 10
CHANGE_TYPE: DBM
TIMESTAMP: 26 may 2026 6:06:59 p.m.</description>
          <styleUrl>#style_40</styleUrl>
          <Point>
            <coordinates>-77.0822,-12.032395</coordinates>
          </Point>
        </Placemark>
        <Placemark>
          <name>-98</name>
          <description>
LAC: 1698 CID: 5363:193 RNC: 0 PSC: 87
ACCURACY: 10
CHANGE_TYPE: DBM
TIMESTAMP: 26 may 2026 6:07:00 p.m.</description>
          <styleUrl>#style_40</styleUrl>
          <Point>
            <coordinates>-77.0822,-12.032395</coordinates>
          </Point>
        </Placemark>
        <Placemark>
          <name>-99</name>
          <description>
LAC: 1698 CID: 5363:193 RNC: 0 PSC: 87
ACCURACY: 10
CHANGE_TYPE: DBM
TIMESTAMP: 26 may 2026 6:07:15 p.m.</description>
          <styleUrl>#style_40</styleUrl>
          <Point>
            <coordinates>-77.082353,-12.032349</coordinates>
          </Point>
        </Placemark>
        <Placemark>
          <name>-99</name>
          <description>
LAC: 1698 CID: 5363:193 RNC: 0 PSC: 87
ACCURACY: 10
CHANGE_TYPE: DBM
TIMESTAMP: 26 may 2026 6:07:16 p.m.</description>
          <styleUrl>#style_40</styleUrl>
          <Point>
            <coordinates>-77.082353,-12.032349</coordinates>
          </Point>
        </Placemark>
        <Placemark>
          <name>-100</name>
          <description>
LAC: 1698 CID: 5363:193 RNC: 0 PSC: 87
ACCURACY: 10
CHANGE_TYPE: DBM
TIMESTAMP: 26 may 2026 6:07:17 p.m.</description>
          <styleUrl>#style_40</styleUrl>
          <Point>
            <coordinates>-77.082353,-12.032349</coordinates>
          </Point>
        </Placemark>
        <Placemark>
          <name>-98</name>
          <description>
LAC: 1698 CID: 5363:193 RNC: 0 PSC: 87
ACCURACY: 10
CHANGE_TYPE: DBM
TIMESTAMP: 26 may 2026 6:07:19 p.m.</description>
          <styleUrl>#style_40</styleUrl>
          <Point>
            <coordinates>-77.082353,-12.032349</coordinates>
          </Point>
        </Placemark>
        <Placemark>
          <name>-98</name>
          <description>
LAC: 1698 CID: 5363:193 RNC: 0 PSC: 87
ACCURACY: 10
CHANGE_TYPE: DBM
TIMESTAMP: 26 may 2026 6:07:20 p.m.</description>
          <styleUrl>#style_40</styleUrl>
          <Point>
            <coordinates>-77.082353,-12.032349</coordinates>
          </Point>
        </Placemark>
        <Placemark>
          <name>-99</name>
          <description>
LAC: 1698 CID: 5363:193 RNC: 0 PSC: 87
ACCURACY: 10
CHANGE_TYPE: DBM
TIMESTAMP: 26 may 2026 6:07:21 p.m.</description>
          <styleUrl>#style_40</styleUrl>
          <Point>
            <coordinates>-77.082353,-12.032349</coordinates>
          </Point>
        </Placemark>
        <Placemark>
          <name>-99</name>
          <description>
LAC: 1698 CID: 5363:193 RNC: 0 PSC: 87
ACCURACY: 10
CHANGE_TYPE: DBM
TIMESTAMP: 26 may 2026 6:07:23 p.m.</description>
          <styleUrl>#style_40</styleUrl>
          <Point>
            <coordinates>-77.082353,-12.032349</coordinates>
          </Point>
        </Placemark>
        <Placemark>
          <name>-99</name>
          <description>
LAC: 1698 CID: 5363:193 RNC: 0 PSC: 87
ACCURACY: 9
CHANGE_TYPE: DBM
TIMESTAMP: 26 may 2026 6:07:24 p.m.</description>
          <styleUrl>#style_40</styleUrl>
          <Point>
            <coordinates>-77.082437,-12.032319</coordinates>
          </Point>
        </Placemark>
        <Placemark>
          <name>-101</name>
          <description>
LAC: 1698 CID: 5363:193 RNC: 0 PSC: 87
ACCURACY: 9
CHANGE_TYPE: DBM
TIMESTAMP: 26 may 2026 6:07:26 p.m.</description>
          <styleUrl>#style_40</styleUrl>
          <Point>
            <coordinates>-77.082437,-12.032319</coordinates>
          </Point>
        </Placemark>
        <Placemark>
          <name>-101</name>
          <description>
LAC: 1698 CID: 5363:193 RNC: 0 PSC: 87
ACCURACY: 9
CHANGE_TYPE: DBM
TIMESTAMP: 26 may 2026 6:07:27 p.m.</description>
          <styleUrl>#style_40</styleUrl>
          <Point>
            <coordinates>-77.082437,-12.032319</coordinates>
          </Point>
        </Placemark>
        <Placemark>
          <name>-99</name>
          <description>
LAC: 1698 CID: 5363:193 RNC: 0 PSC: 87
ACCURACY: 9
CHANGE_TYPE: DBM
TIMESTAMP: 26 may 2026 6:07:28 p.m.</description>
          <styleUrl>#style_40</styleUrl>
          <Point>
            <coordinates>-77.082437,-12.032319</coordinates>
          </Point>
        </Placemark>
        <Placemark>
          <name>-99</name>
          <description>
LAC: 1698 CID: 5363:193 RNC: 0 PSC: 87
ACCURACY: 9
CHANGE_TYPE: DBM
TIMESTAMP: 26 may 2026 6:07:29 p.m.</description>
          <styleUrl>#style_40</styleUrl>
          <Point>
            <coordinates>-77.082437,-12.032319</coordinates>
          </Point>
        </Placemark>
        <Placemark>
          <name>-96</name>
          <description>
LAC: 1698 CID: 5363:193 RNC: 0 PSC: 87
ACCURACY: 9
CHANGE_TYPE: DBM
TIMESTAMP: 26 may 2026 6:07:30 p.m.</description>
          <styleUrl>#style_50</styleUrl>
          <Point>
            <coordinates>-77.082437,-12.032319</coordinates>
          </Point>
        </Placemark>
        <Placemark>
          <name>-97</name>
          <description>
LAC: 1698 CID: 5363:193 RNC: 0 PSC: 87
ACCURACY: 9
CHANGE_TYPE: DBM
TIMESTAMP: 26 may 2026 6:07:32 p.m.</description>
          <styleUrl>#style_40</styleUrl>
          <Point>
            <coordinates>-77.082437,-12.032319</coordinates>
          </Point>
        </Placemark>
        <Placemark>
          <name>-102</name>
          <description>
LAC: 1698 CID: 5363:193 RNC: 0 PSC: 87
ACCURACY: 10
CHANGE_TYPE: DBM
TIMESTAMP: 26 may 2026 6:08:18 p.m.</description>
          <styleUrl>#style_40</styleUrl>
          <Point>
            <coordinates>-77.082591,-12.032663</coordinates>
          </Point>
        </Placemark>
        <Placemark>
          <name>-102</name>
          <description>
LAC: 1698 CID: 5363:193 RNC: 0 PSC: 87
ACCURACY: 11
CHANGE_TYPE: DBM
TIMESTAMP: 26 may 2026 6:08:19 p.m.</description>
          <styleUrl>#style_40</styleUrl>
          <Point>
            <coordinates>-77.082609,-12.032724</coordinates>
          </Point>
        </Placemark>
        <Placemark>
          <name>-104</name>
          <description>
LAC: 1698 CID: 5363:193 RNC: 0 PSC: 87
ACCURACY: 11
CHANGE_TYPE: DBM
TIMESTAMP: 26 may 2026 6:08:24 p.m.</description>
          <styleUrl>#style_40</styleUrl>
          <Point>
            <coordinates>-77.082609,-12.032724</coordinates>
          </Point>
        </Placemark>
        <Placemark>
          <name>-104</name>
          <description>
LAC: 1698 CID: 5363:193 RNC: 0 PSC: 87
ACCURACY: 11
CHANGE_TYPE: DBM
TIMESTAMP: 26 may 2026 6:08:25 p.m.</description>
          <styleUrl>#style_40</styleUrl>
          <Point>
            <coordinates>-77.082609,-12.032724</coordinates>
          </Point>
        </Placemark>
        <Placemark>
          <name>-104</name>
          <description>
LAC: 1698 CID: 5363:193 RNC: 0 PSC: 87
ACCURACY: 10
CHANGE_TYPE: DBM
TIMESTAMP: 26 may 2026 6:08:49 p.m.</description>
          <styleUrl>#style_40</styleUrl>
          <Point>
            <coordinates>-77.082427,-12.032868</coordinates>
          </Point>
        </Placemark>
        <Placemark>
          <name>-1</name>
          <description>
LAC: 1698 CID: 5363:193 RNC: 0 PSC: 87
ACCURACY: 10
CHANGE_TYPE: DBM
TIMESTAMP: 26 may 2026 6:08:55 p.m.</description>
          <styleUrl>#style_0</styleUrl>
          <Point>
            <coordinates>-77.082375,-12.032872</coordinates>
          </Point>
        </Placemark>
        <Placemark>
          <name>-1</name>
          <description>
LAC: 1698 CID: 5363:193 RNC: 0 PSC: 87
ACCURACY: 10
CHANGE_TYPE: DBM
TIMESTAMP: 26 may 2026 6:08:56 p.m.</description>
          <styleUrl>#style_0</styleUrl>
          <Point>
            <coordinates>-77.082375,-12.032872</coordinates>
          </Point>
        </Placemark>
        <Placemark>
          <name>-103</name>
          <description>
LAC: 1698 CID: 5363:193 RNC: 0 PSC: 87
ACCURACY: 10
CHANGE_TYPE: DBM
TIMESTAMP: 26 may 2026 6:08:57 p.m.</description>
          <styleUrl>#style_40</styleUrl>
          <Point>
            <coordinates>-77.082375,-12.032872</coordinates>
          </Point>
        </Placemark>
        <Placemark>
          <name>-103</name>
          <description>
LAC: 1698 CID: 5363:193 RNC: 0 PSC: 87
ACCURACY: 10
CHANGE_TYPE: DBM
TIMESTAMP: 26 may 2026 6:08:58 p.m.</description>
          <styleUrl>#style_40</styleUrl>
          <Point>
            <coordinates>-77.082375,-12.032872</coordinates>
          </Point>
        </Placemark>
        <Placemark>
          <name>-105</name>
          <description>
LAC: 1698 CID: 5363:193 RNC: 0 PSC: 87
ACCURACY: 10
CHANGE_TYPE: DBM
TIMESTAMP: 26 may 2026 6:08:59 p.m.</description>
          <styleUrl>#style_40</styleUrl>
          <Point>
            <coordinates>-77.082375,-12.032872</coordinates>
          </Point>
        </Placemark>
        <Placemark>
          <name>-105</name>
          <description>
LAC: 1698 CID: 5363:193 RNC: 0 PSC: 87
ACCURACY: 10
CHANGE_TYPE: DBM
TIMESTAMP: 26 may 2026 6:09:00 p.m.</description>
          <styleUrl>#style_40</styleUrl>
          <Point>
            <coordinates>-77.082375,-12.032872</coordinates>
          </Point>
        </Placemark>
        <Placemark>
          <name>-107</name>
          <description>
LAC: 1698 CID: 5363:193 RNC: 0 PSC: 87
ACCURACY: 10
CHANGE_TYPE: DBM
TIMESTAMP: 26 may 2026 6:09:01 p.m.</description>
          <styleUrl>#style_30</styleUrl>
          <Point>
            <coordinates>-77.082375,-12.032872</coordinates>
          </Point>
        </Placemark>
        <Placemark>
          <name>-107</name>
          <description>
LAC: 1698 CID: 5363:193 RNC: 0 PSC: 87
ACCURACY: 10
CHANGE_TYPE: DBM
TIMESTAMP: 26 may 2026 6:09:02 p.m.</description>
          <styleUrl>#style_30</styleUrl>
          <Point>
            <coordinates>-77.082375,-12.032872</coordinates>
          </Point>
        </Placemark>
        <Placemark>
          <name>-103</name>
          <description>
LAC: 1698 CID: 5363:193 RNC: 0 PSC: 87
ACCURACY: 10
CHANGE_TYPE: GPS
TIMESTAMP: 26 may 2026 6:06:38 p.m.</description>
          <styleUrl>#style_40</styleUrl>
          <Point>
            <coordinates>-77.082143,-12.032257</coordinates>
          </Point>
        </Placemark>
        <Placemark>
          <name>-1</name>
          <description>
LAC: 1698 CID: 5363:193 RNC: 0 PSC: 87
ACCURACY: 10
CHANGE_TYPE: GPS
TIMESTAMP: 26 may 2026 6:06:48 p.m.</description>
          <styleUrl>#style_0</styleUrl>
          <Point>
            <coordinates>-77.082182,-12.032342</coordinates>
          </Point>
        </Placemark>
        <Placemark>
          <name>-101</name>
          <description>
LAC: 1698 CID: 5363:193 RNC: 0 PSC: 87
ACCURACY: 10
CHANGE_TYPE: GPS
TIMESTAMP: 26 may 2026 6:06:58 p.m.</description>
          <styleUrl>#style_40</styleUrl>
          <Point>
            <coordinates>-77.0822,-12.032395</coordinates>
          </Point>
        </Placemark>
        <Placemark>
          <name>-99</name>
          <description>
LAC: 1698 CID: 5363:193 RNC: 0 PSC: 87
ACCURACY: 9
CHANGE_TYPE: GPS
TIMESTAMP: 26 may 2026 6:07:23 p.m.</description>
          <styleUrl>#style_40</styleUrl>
          <Point>
            <coordinates>-77.082437,-12.032319</coordinates>
          </Point>
        </Placemark>
        <Placemark>
          <name>-97</name>
          <description>
LAC: 1698 CID: 5363:193 RNC: 0 PSC: 87
ACCURACY: 10
CHANGE_TYPE: GPS
TIMESTAMP: 26 may 2026 6:07:33 p.m.</description>
          <styleUrl>#style_40</styleUrl>
          <Point>
            <coordinates>-77.082473,-12.032401</coordinates>
          </Point>
        </Placemark>
        <Placemark>
          <name>-102</name>
          <description>
LAC: 1698 CID: 5363:193 RNC: 0 PSC: 87
ACCURACY: 11
CHANGE_TYPE: GPS
TIMESTAMP: 26 may 2026 6:08:18 p.m.</description>
          <styleUrl>#style_40</styleUrl>
          <Point>
            <coordinates>-77.082609,-12.032724</coordinates>
          </Point>
        </Placemark>
      </Folder>
      <Folder>
        <open>0</open>
        <name>LAC: 1698 CID: 5462:72 RNC: 0 PSC: 383</name>
        <Placemark>
          <name>-1</name>
          <description>
LAC: 1698 CID: 5462:72 RNC: 0 PSC: 383
ACCURACY: 11
CHANGE_TYPE: CELL
TIMESTAMP: 26 may 2026 6:09:19 p.m.</description>
          <styleUrl>#style_0</styleUrl>
          <Point>
            <coordinates>-77.082575,-12.032886</coordinates>
          </Point>
        </Placemark>
        <Placemark>
          <name>-1</name>
          <description>
LAC: 1698 CID: 5462:72 RNC: 0 PSC: 383
ACCURACY: 11
CHANGE_TYPE: DBM
TIMESTAMP: 26 may 2026 6:09:19 p.m.</description>
          <styleUrl>#style_0</styleUrl>
          <Point>
            <coordinates>-77.082575,-12.032886</coordinates>
          </Point>
        </Placemark>
        <Placemark>
          <name>-98</name>
          <description>
LAC: 1698 CID: 5462:72 RNC: 0 PSC: 383
ACCURACY: 11
CHANGE_TYPE: DBM
TIMESTAMP: 26 may 2026 6:09:22 p.m.</description>
          <styleUrl>#style_40</styleUrl>
          <Point>
            <coordinates>-77.082575,-12.032886</coordinates>
          </Point>
        </Placemark>
        <Placemark>
          <name>-99</name>
          <description>
LAC: 1698 CID: 5462:72 RNC: 0 PSC: 383
ACCURACY: 11
CHANGE_TYPE: DBM
TIMESTAMP: 26 may 2026 6:09:24 p.m.</description>
          <styleUrl>#style_40</styleUrl>
          <Point>
            <coordinates>-77.082575,-12.032886</coordinates>
          </Point>
        </Placemark>
      </Folder>
      <Folder>
        <open>0</open>
        <name>LAC: 1698 CID: 5462:192 RNC: 0 PSC: 329</name>
        <Placemark>
          <name>-74</name>
          <description>
LAC: 1698 CID: 5462:192 RNC: 0 PSC: 329
ACCURACY: 14
CHANGE_TYPE: CELL
TIMESTAMP: 26 may 2026 5:57:32 p.m.</description>
          <styleUrl>#style_70</styleUrl>
          <Point>
            <coordinates>-77.084584,-12.031408</coordinates>
          </Point>
        </Placemark>
        <Placemark>
          <name>-72</name>
          <description>
LAC: 1698 CID: 5462:192 RNC: 0 PSC: 329
ACCURACY: 11
CHANGE_TYPE: CELL
TIMESTAMP: 26 may 2026 5:57:42 p.m.</description>
          <styleUrl>#style_70</styleUrl>
          <Point>
            <coordinates>-77.084446,-12.03136</coordinates>
          </Point>
        </Placemark>
        <Placemark>
          <name>-78</name>
          <description>
LAC: 1698 CID: 5462:192 RNC: 0 PSC: 329
ACCURACY: 12
CHANGE_TYPE: CELL
TIMESTAMP: 26 may 2026 5:57:45 p.m.</description>
          <styleUrl>#style_60</styleUrl>
          <Point>
            <coordinates>-77.084343,-12.031324</coordinates>
          </Point>
        </Placemark>
        <Placemark>
          <name>-103</name>
          <description>
LAC: 1698 CID: 5462:192 RNC: 0 PSC: 329
ACCURACY: 12
CHANGE_TYPE: CELL
TIMESTAMP: 26 may 2026 6:05:02 p.m.</description>
          <styleUrl>#style_40</styleUrl>
          <Point>
            <coordinates>-77.081573,-12.031835</coordinates>
          </Point>
        </Placemark>
        <Placemark>
          <name>-102</name>
          <description>
LAC: 1698 CID: 5462:192 RNC: 0 PSC: 329
ACCURACY: 13
CHANGE_TYPE: CELL
TIMESTAMP: 26 may 2026 6:05:17 p.m.</description>
          <styleUrl>#style_40</styleUrl>
          <Point>
            <coordinates>-77.081637,-12.031797</coordinates>
          </Point>
        </Placemark>
        <Placemark>
          <name>-1</name>
          <description>
LAC: 1698 CID: 5462:192 RNC: 0 PSC: 329
ACCURACY: 12
CHANGE_TYPE: CELL
TIMESTAMP: 26 may 2026 6:05:25 p.m.</description>
          <styleUrl>#style_0</styleUrl>
          <Point>
            <coordinates>-77.081772,-12.031757</coordinates>
          </Point>
        </Placemark>
        <Placemark>
          <name>-101</name>
          <description>
LAC: 1698 CID: 5462:192 RNC: 0 PSC: 329
ACCURACY: 11
CHANGE_TYPE: CELL
TIMESTAMP: 26 may 2026 6:05:38 p.m.</description>
          <styleUrl>#style_40</styleUrl>
          <Point>
            <coordinates>-77.081877,-12.031751</coordinates>
          </Point>
        </Placemark>
        <Placemark>
          <name>-103</name>
          <description>
LAC: 1698 CID: 5462:192 RNC: 0 PSC: 329
ACCURACY: 10
CHANGE_TYPE: CELL
TIMESTAMP: 26 may 2026 6:06:34 p.m.</description>
          <styleUrl>#style_40</styleUrl>
          <Point>
            <coordinates>-77.082145,-12.032209</coordinates>
          </Point>
        </Placemark>
        <Placemark>
          <name>-1</name>
          <description>
LAC: 1698 CID: 5462:192 RNC: 0 PSC: 329
ACCURACY: 10
CHANGE_TYPE: CELL
TIMESTAMP: 26 may 2026 6:06:40 p.m.</description>
          <styleUrl>#style_0</styleUrl>
          <Point>
            <coordinates>-77.082143,-12.032257</coordinates>
          </Point>
        </Placemark>
        <Placemark>
          <name>-1</name>
          <description>
LAC: 1698 CID: 5462:192 RNC: 0 PSC: 329
ACCURACY: 10
CHANGE_TYPE: CELL
TIMESTAMP: 26 may 2026 6:07:01 p.m.</description>
          <styleUrl>#style_0</styleUrl>
          <Point>
            <coordinates>-77.0822,-12.032395</coordinates>
          </Point>
        </Placemark>
        <Placemark>
          <name>-1</name>
          <description>
LAC: 1698 CID: 5462:192 RNC: 0 PSC: 329
ACCURACY: 10
CHANGE_TYPE: CELL
TIMESTAMP: 26 may 2026 6:08:11 p.m.</description>
          <styleUrl>#style_0</styleUrl>
          <Point>
            <coordinates>-77.082591,-12.032663</coordinates>
          </Point>
        </Placemark>
        <Placemark>
          <name>-100</name>
          <description>
LAC: 1698 CID: 5462:192 RNC: 0 PSC: 329
ACCURACY: 11
CHANGE_TYPE: CELL
TIMESTAMP: 26 may 2026 6:08:20 p.m.</description>
          <styleUrl>#style_40</styleUrl>
          <Point>
            <coordinates>-77.082609,-12.032724</coordinates>
          </Point>
        </Placemark>
        <Placemark>
          <name>-102</name>
          <description>
LAC: 1698 CID: 5462:192 RNC: 0 PSC: 329
ACCURACY: 11
CHANGE_TYPE: CELL
TIMESTAMP: 26 may 2026 6:08:26 p.m.</description>
          <styleUrl>#style_40</styleUrl>
          <Point>
            <coordinates>-77.082609,-12.032724</coordinates>
          </Point>
        </Placemark>
        <Placemark>
          <name>-99</name>
          <description>
LAC: 1698 CID: 5462:192 RNC: 0 PSC: 329
ACCURACY: 10
CHANGE_TYPE: CELL
TIMESTAMP: 26 may 2026 6:08:51 p.m.</description>
          <styleUrl>#style_40</styleUrl>
          <Point>
            <coordinates>-77.082427,-12.032868</coordinates>
          </Point>
        </Placemark>
        <Placemark>
          <name>-74</name>
          <description>
LAC: 1698 CID: 5462:192 RNC: 0 PSC: 329
ACCURACY: 14
CHANGE_TYPE: DBM
TIMESTAMP: 26 may 2026 5:57:32 p.m.</description>
          <styleUrl>#style_70</styleUrl>
          <Point>
            <coordinates>-77.084584,-12.031408</coordinates>
          </Point>
        </Placemark>
        <Placemark>
          <name>-74</name>
          <description>
LAC: 1698 CID: 5462:192 RNC: 0 PSC: 329
ACCURACY: 14
CHANGE_TYPE: DBM
TIMESTAMP: 26 may 2026 5:57:33 p.m.</description>
          <styleUrl>#style_70</styleUrl>
          <Point>
            <coordinates>-77.084584,-12.031408</coordinates>
          </Point>
        </Placemark>
        <Placemark>
          <name>-69</name>
          <description>
LAC: 1698 CID: 5462:192 RNC: 0 PSC: 329
ACCURACY: 12
CHANGE_TYPE: DBM
TIMESTAMP: 26 may 2026 5:57:34 p.m.</description>
          <styleUrl>#style_70</styleUrl>
          <Point>
            <coordinates>-77.084528,-12.03139</coordinates>
          </Point>
        </Placemark>
        <Placemark>
          <name>-69</name>
          <description>
LAC: 1698 CID: 5462:192 RNC: 0 PSC: 329
ACCURACY: 12
CHANGE_TYPE: DBM
TIMESTAMP: 26 may 2026 5:57:35 p.m.</description>
          <styleUrl>#style_70</styleUrl>
          <Point>
            <coordinates>-77.084528,-12.03139</coordinates>
          </Point>
        </Placemark>
        <Placemark>
          <name>-79</name>
          <description>
LAC: 1698 CID: 5462:192 RNC: 0 PSC: 329
ACCURACY: 12
CHANGE_TYPE: DBM
TIMESTAMP: 26 may 2026 5:57:36 p.m.</description>
          <styleUrl>#style_60</styleUrl>
          <Point>
            <coordinates>-77.084528,-12.03139</coordinates>
          </Point>
        </Placemark>
        <Placemark>
          <name>-79</name>
          <description>
LAC: 1698 CID: 5462:192 RNC: 0 PSC: 329
ACCURACY: 12
CHANGE_TYPE: DBM
TIMESTAMP: 26 may 2026 5:57:37 p.m.</description>
          <styleUrl>#style_60</styleUrl>
          <Point>
            <coordinates>-77.084528,-12.03139</coordinates>
          </Point>
        </Placemark>
        <Placemark>
          <name>-78</name>
          <description>
LAC: 1698 CID: 5462:192 RNC: 0 PSC: 329
ACCURACY: 12
CHANGE_TYPE: DBM
TIMESTAMP: 26 may 2026 5:57:38 p.m.</description>
          <styleUrl>#style_60</styleUrl>
          <Point>
            <coordinates>-77.084528,-12.03139</coordinates>
          </Point>
        </Placemark>
        <Placemark>
          <name>-78</name>
          <description>
LAC: 1698 CID: 5462:192 RNC: 0 PSC: 329
ACCURACY: 11
CHANGE_TYPE: DBM
TIMESTAMP: 26 may 2026 5:57:39 p.m.</description>
          <styleUrl>#style_60</styleUrl>
          <Point>
            <coordinates>-77.084446,-12.03136</coordinates>
          </Point>
        </Placemark>
        <Placemark>
          <name>-72</name>
          <description>
LAC: 1698 CID: 5462:192 RNC: 0 PSC: 329
ACCURACY: 11
CHANGE_TYPE: DBM
TIMESTAMP: 26 may 2026 5:57:42 p.m.</description>
          <styleUrl>#style_70</styleUrl>
          <Point>
            <coordinates>-77.084446,-12.03136</coordinates>
          </Point>
        </Placemark>
        <Placemark>
          <name>-72</name>
          <description>
LAC: 1698 CID: 5462:192 RNC: 0 PSC: 329
ACCURACY: 11
CHANGE_TYPE: DBM
TIMESTAMP: 26 may 2026 5:57:43 p.m.</description>
          <styleUrl>#style_70</styleUrl>
          <Point>
            <coordinates>-77.084446,-12.03136</coordinates>
          </Point>
        </Placemark>
        <Placemark>
          <name>-78</name>
          <description>
LAC: 1698 CID: 5462:192 RNC: 0 PSC: 329
ACCURACY: 12
CHANGE_TYPE: DBM
TIMESTAMP: 26 may 2026 5:57:45 p.m.</description>
          <styleUrl>#style_60</styleUrl>
          <Point>
            <coordinates>-77.084343,-12.031324</coordinates>
          </Point>
        </Placemark>
        <Placemark>
          <name>-78</name>
          <description>
LAC: 1698 CID: 5462:192 RNC: 0 PSC: 329
ACCURACY: 12
CHANGE_TYPE: DBM
TIMESTAMP: 26 may 2026 5:57:46 p.m.</description>
          <styleUrl>#style_60</styleUrl>
          <Point>
            <coordinates>-77.084343,-12.031324</coordinates>
          </Point>
        </Placemark>
        <Placemark>
          <name>-78</name>
          <description>
LAC: 1698 CID: 5462:192 RNC: 0 PSC: 329
ACCURACY: 12
CHANGE_TYPE: DBM
TIMESTAMP: 26 may 2026 5:57:47 p.m.</description>
          <styleUrl>#style_60</styleUrl>
          <Point>
            <coordinates>-77.084343,-12.031324</coordinates>
          </Point>
        </Placemark>
        <Placemark>
          <name>-71</name>
          <description>
LAC: 1698 CID: 5462:192 RNC: 0 PSC: 329
ACCURACY: 12
CHANGE_TYPE: DBM
TIMESTAMP: 26 may 2026 5:57:48 p.m.</description>
          <styleUrl>#style_70</styleUrl>
          <Point>
            <coordinates>-77.084343,-12.031324</coordinates>
          </Point>
        </Placemark>
        <Placemark>
          <name>-71</name>
          <description>
LAC: 1698 CID: 5462:192 RNC: 0 PSC: 329
ACCURACY: 12
CHANGE_TYPE: DBM
TIMESTAMP: 26 may 2026 5:57:49 p.m.</description>
          <styleUrl>#style_70</styleUrl>
          <Point>
            <coordinates>-77.084343,-12.031324</coordinates>
          </Point>
        </Placemark>
        <Placemark>
          <name>-76</name>
          <description>
LAC: 1698 CID: 5462:192 RNC: 0 PSC: 329
ACCURACY: 12
CHANGE_TYPE: DBM
TIMESTAMP: 26 may 2026 5:57:50 p.m.</description>
          <styleUrl>#style_70</styleUrl>
          <Point>
            <coordinates>-77.084343,-12.031324</coordinates>
          </Point>
        </Placemark>
        <Placemark>
          <name>-76</name>
          <description>
LAC: 1698 CID: 5462:192 RNC: 0 PSC: 329
ACCURACY: 12
CHANGE_TYPE: DBM
TIMESTAMP: 26 may 2026 5:57:51 p.m.</description>
          <styleUrl>#style_70</styleUrl>
          <Point>
            <coordinates>-77.084343,-12.031324</coordinates>
          </Point>
        </Placemark>
        <Placemark>
          <name>-74</name>
          <description>
LAC: 1698 CID: 5462:192 RNC: 0 PSC: 329
ACCURACY: 12
CHANGE_TYPE: DBM
TIMESTAMP: 26 may 2026 5:57:52 p.m.</description>
          <styleUrl>#style_70</styleUrl>
          <Point>
            <coordinates>-77.084343,-12.031324</coordinates>
          </Point>
        </Placemark>
        <Placemark>
          <name>-74</name>
          <description>
LAC: 1698 CID: 5462:192 RNC: 0 PSC: 329
ACCURACY: 12
CHANGE_TYPE: DBM
TIMESTAMP: 26 may 2026 5:57:53 p.m.</description>
          <styleUrl>#style_70</styleUrl>
          <Point>
            <coordinates>-77.084245,-12.031303</coordinates>
          </Point>
        </Placemark>
        <Placemark>
          <name>-70</name>
          <description>
LAC: 1698 CID: 5462:192 RNC: 0 PSC: 329
ACCURACY: 12
CHANGE_TYPE: DBM
TIMESTAMP: 26 may 2026 5:57:54 p.m.</description>
          <styleUrl>#style_70</styleUrl>
          <Point>
            <coordinates>-77.084245,-12.031303</coordinates>
          </Point>
        </Placemark>
        <Placemark>
          <name>-71</name>
          <description>
LAC: 1698 CID: 5462:192 RNC: 0 PSC: 329
ACCURACY: 12
CHANGE_TYPE: DBM
TIMESTAMP: 26 may 2026 5:57:57 p.m.</description>
          <styleUrl>#style_70</styleUrl>
          <Point>
            <coordinates>-77.084245,-12.031303</coordinates>
          </Point>
        </Placemark>
        <Placemark>
          <name>-71</name>
          <description>
LAC: 1698 CID: 5462:192 RNC: 0 PSC: 329
ACCURACY: 12
CHANGE_TYPE: DBM
TIMESTAMP: 26 may 2026 5:57:58 p.m.</description>
          <styleUrl>#style_70</styleUrl>
          <Point>
            <coordinates>-77.084245,-12.031303</coordinates>
          </Point>
        </Placemark>
        <Placemark>
          <name>-75</name>
          <description>
LAC: 1698 CID: 5462:192 RNC: 0 PSC: 329
ACCURACY: 11
CHANGE_TYPE: DBM
TIMESTAMP: 26 may 2026 5:57:59 p.m.</description>
          <styleUrl>#style_70</styleUrl>
          <Point>
            <coordinates>-77.084159,-12.031277</coordinates>
          </Point>
        </Placemark>
        <Placemark>
          <name>-75</name>
          <description>
LAC: 1698 CID: 5462:192 RNC: 0 PSC: 329
ACCURACY: 11
CHANGE_TYPE: DBM
TIMESTAMP: 26 may 2026 5:58:00 p.m.</description>
          <styleUrl>#style_70</styleUrl>
          <Point>
            <coordinates>-77.084159,-12.031277</coordinates>
          </Point>
        </Placemark>
        <Placemark>
          <name>-103</name>
          <description>
LAC: 1698 CID: 5462:192 RNC: 0 PSC: 329
ACCURACY: 12
CHANGE_TYPE: DBM
TIMESTAMP: 26 may 2026 6:05:02 p.m.</description>
          <styleUrl>#style_40</styleUrl>
          <Point>
            <coordinates>-77.081573,-12.031835</coordinates>
          </Point>
        </Placemark>
        <Placemark>
          <name>-102</name>
          <description>
LAC: 1698 CID: 5462:192 RNC: 0 PSC: 329
ACCURACY: 13
CHANGE_TYPE: DBM
TIMESTAMP: 26 may 2026 6:05:17 p.m.</description>
          <styleUrl>#style_40</styleUrl>
          <Point>
            <coordinates>-77.081637,-12.031797</coordinates>
          </Point>
        </Placemark>
        <Placemark>
          <name>-102</name>
          <description>
LAC: 1698 CID: 5462:192 RNC: 0 PSC: 329
ACCURACY: 12
CHANGE_TYPE: DBM
TIMESTAMP: 26 may 2026 6:05:21 p.m.</description>
          <styleUrl>#style_40</styleUrl>
          <Point>
            <coordinates>-77.081722,-12.031771</coordinates>
          </Point>
        </Placemark>
        <Placemark>
          <name>-102</name>
          <description>
LAC: 1698 CID: 5462:192 RNC: 0 PSC: 329
ACCURACY: 12
CHANGE_TYPE: DBM
TIMESTAMP: 26 may 2026 6:05:22 p.m.</description>
          <styleUrl>#style_40</styleUrl>
          <Point>
            <coordinates>-77.081722,-12.031771</coordinates>
          </Point>
        </Placemark>
        <Placemark>
          <name>-1</name>
          <description>
LAC: 1698 CID: 5462:192 RNC: 0 PSC: 329
ACCURACY: 12
CHANGE_TYPE: DBM
TIMESTAMP: 26 may 2026 6:05:25 p.m.</description>
          <styleUrl>#style_0</styleUrl>
          <Point>
            <coordinates>-77.081772,-12.031757</coordinates>
          </Point>
        </Placemark>
        <Placemark>
          <name>-101</name>
          <description>
LAC: 1698 CID: 5462:192 RNC: 0 PSC: 329
ACCURACY: 12
CHANGE_TYPE: DBM
TIMESTAMP: 26 may 2026 6:05:27 p.m.</description>
          <styleUrl>#style_40</styleUrl>
          <Point>
            <coordinates>-77.081772,-12.031757</coordinates>
          </Point>
        </Placemark>
        <Placemark>
          <name>-101</name>
          <description>
LAC: 1698 CID: 5462:192 RNC: 0 PSC: 329
ACCURACY: 12
CHANGE_TYPE: DBM
TIMESTAMP: 26 may 2026 6:05:28 p.m.</description>
          <styleUrl>#style_40</styleUrl>
          <Point>
            <coordinates>-77.081772,-12.031757</coordinates>
          </Point>
        </Placemark>
        <Placemark>
          <name>-104</name>
          <description>
LAC: 1698 CID: 5462:192 RNC: 0 PSC: 329
ACCURACY: 12
CHANGE_TYPE: DBM
TIMESTAMP: 26 may 2026 6:05:29 p.m.</description>
          <styleUrl>#style_40</styleUrl>
          <Point>
            <coordinates>-77.081824,-12.031761</coordinates>
          </Point>
        </Placemark>
        <Placemark>
          <name>-104</name>
          <description>
LAC: 1698 CID: 5462:192 RNC: 0 PSC: 329
ACCURACY: 12
CHANGE_TYPE: DBM
TIMESTAMP: 26 may 2026 6:05:30 p.m.</description>
          <styleUrl>#style_40</styleUrl>
          <Point>
            <coordinates>-77.081824,-12.031761</coordinates>
          </Point>
        </Placemark>
        <Placemark>
          <name>-101</name>
          <description>
LAC: 1698 CID: 5462:192 RNC: 0 PSC: 329
ACCURACY: 12
CHANGE_TYPE: DBM
TIMESTAMP: 26 may 2026 6:05:31 p.m.</description>
          <styleUrl>#style_40</styleUrl>
          <Point>
            <coordinates>-77.081824,-12.031761</coordinates>
          </Point>
        </Placemark>
        <Placemark>
          <name>-101</name>
          <description>
LAC: 1698 CID: 5462:192 RNC: 0 PSC: 329
ACCURACY: 12
CHANGE_TYPE: DBM
TIMESTAMP: 26 may 2026 6:05:33 p.m.</description>
          <styleUrl>#style_40</styleUrl>
          <Point>
            <coordinates>-77.081824,-12.031761</coordinates>
          </Point>
        </Placemark>
        <Placemark>
          <name>-101</name>
          <description>
LAC: 1698 CID: 5462:192 RNC: 0 PSC: 329
ACCURACY: 11
CHANGE_TYPE: DBM
TIMESTAMP: 26 may 2026 6:05:38 p.m.</description>
          <styleUrl>#style_40</styleUrl>
          <Point>
            <coordinates>-77.081877,-12.031751</coordinates>
          </Point>
        </Placemark>
        <Placemark>
          <name>-99</name>
          <description>
LAC: 1698 CID: 5462:192 RNC: 0 PSC: 329
ACCURACY: 11
CHANGE_TYPE: DBM
TIMESTAMP: 26 may 2026 6:05:40 p.m.</description>
          <styleUrl>#style_40</styleUrl>
          <Point>
            <coordinates>-77.081877,-12.031751</coordinates>
          </Point>
        </Placemark>
        <Placemark>
          <name>-99</name>
          <description>
LAC: 1698 CID: 5462:192 RNC: 0 PSC: 329
ACCURACY: 11
CHANGE_TYPE: DBM
TIMESTAMP: 26 may 2026 6:05:42 p.m.</description>
          <styleUrl>#style_40</styleUrl>
          <Point>
            <coordinates>-77.081877,-12.031751</coordinates>
          </Point>
        </Placemark>
        <Placemark>
          <name>-100</name>
          <description>
LAC: 1698 CID: 5462:192 RNC: 0 PSC: 329
ACCURACY: 11
CHANGE_TYPE: DBM
TIMESTAMP: 26 may 2026 6:05:44 p.m.</description>
          <styleUrl>#style_40</styleUrl>
          <Point>
            <coordinates>-77.081943,-12.031773</coordinates>
          </Point>
        </Placemark>
        <Placemark>
          <name>-100</name>
          <description>
LAC: 1698 CID: 5462:192 RNC: 0 PSC: 329
ACCURACY: 11
CHANGE_TYPE: DBM
TIMESTAMP: 26 may 2026 6:05:45 p.m.</description>
          <styleUrl>#style_40</styleUrl>
          <Point>
            <coordinates>-77.081943,-12.031773</coordinates>
          </Point>
        </Placemark>
        <Placemark>
          <name>-101</name>
          <description>
LAC: 1698 CID: 5462:192 RNC: 0 PSC: 329
ACCURACY: 11
CHANGE_TYPE: DBM
TIMESTAMP: 26 may 2026 6:05:46 p.m.</description>
          <styleUrl>#style_40</styleUrl>
          <Point>
            <coordinates>-77.081943,-12.031773</coordinates>
          </Point>
        </Placemark>
        <Placemark>
          <name>-101</name>
          <description>
LAC: 1698 CID: 5462:192 RNC: 0 PSC: 329
ACCURACY: 11
CHANGE_TYPE: DBM
TIMESTAMP: 26 may 2026 6:05:47 p.m.</description>
          <styleUrl>#style_40</styleUrl>
          <Point>
            <coordinates>-77.081943,-12.031773</coordinates>
          </Point>
        </Placemark>
        <Placemark>
          <name>-100</name>
          <description>
LAC: 1698 CID: 5462:192 RNC: 0 PSC: 329
ACCURACY: 11
CHANGE_TYPE: DBM
TIMESTAMP: 26 may 2026 6:05:48 p.m.</description>
          <styleUrl>#style_40</styleUrl>
          <Point>
            <coordinates>-77.081943,-12.031773</coordinates>
          </Point>
        </Placemark>
        <Placemark>
          <name>-100</name>
          <description>
LAC: 1698 CID: 5462:192 RNC: 0 PSC: 329
ACCURACY: 11
CHANGE_TYPE: DBM
TIMESTAMP: 26 may 2026 6:05:50 p.m.</description>
          <styleUrl>#style_40</styleUrl>
          <Point>
            <coordinates>-77.082006,-12.031805</coordinates>
          </Point>
        </Placemark>
        <Placemark>
          <name>-99</name>
          <description>
LAC: 1698 CID: 5462:192 RNC: 0 PSC: 329
ACCURACY: 11
CHANGE_TYPE: DBM
TIMESTAMP: 26 may 2026 6:05:52 p.m.</description>
          <styleUrl>#style_40</styleUrl>
          <Point>
            <coordinates>-77.082006,-12.031805</coordinates>
          </Point>
        </Placemark>
        <Placemark>
          <name>-99</name>
          <description>
LAC: 1698 CID: 5462:192 RNC: 0 PSC: 329
ACCURACY: 10
CHANGE_TYPE: DBM
TIMESTAMP: 26 may 2026 6:05:54 p.m.</description>
          <styleUrl>#style_40</styleUrl>
          <Point>
            <coordinates>-77.08206,-12.031838</coordinates>
          </Point>
        </Placemark>
        <Placemark>
          <name>-96</name>
          <description>
LAC: 1698 CID: 5462:192 RNC: 0 PSC: 329
ACCURACY: 10
CHANGE_TYPE: DBM
TIMESTAMP: 26 may 2026 6:05:56 p.m.</description>
          <styleUrl>#style_50</styleUrl>
          <Point>
            <coordinates>-77.08206,-12.031838</coordinates>
          </Point>
        </Placemark>
        <Placemark>
          <name>-96</name>
          <description>
LAC: 1698 CID: 5462:192 RNC: 0 PSC: 329
ACCURACY: 10
CHANGE_TYPE: DBM
TIMESTAMP: 26 may 2026 6:05:57 p.m.</description>
          <styleUrl>#style_50</styleUrl>
          <Point>
            <coordinates>-77.08206,-12.031838</coordinates>
          </Point>
        </Placemark>
        <Placemark>
          <name>-101</name>
          <description>
LAC: 1698 CID: 5462:192 RNC: 0 PSC: 329
ACCURACY: 10
CHANGE_TYPE: DBM
TIMESTAMP: 26 may 2026 6:05:58 p.m.</description>
          <styleUrl>#style_40</styleUrl>
          <Point>
            <coordinates>-77.082111,-12.031872</coordinates>
          </Point>
        </Placemark>
        <Placemark>
          <name>-101</name>
          <description>
LAC: 1698 CID: 5462:192 RNC: 0 PSC: 329
ACCURACY: 10
CHANGE_TYPE: DBM
TIMESTAMP: 26 may 2026 6:06:01 p.m.</description>
          <styleUrl>#style_40</styleUrl>
          <Point>
            <coordinates>-77.082111,-12.031872</coordinates>
          </Point>
        </Placemark>
        <Placemark>
          <name>-101</name>
          <description>
LAC: 1698 CID: 5462:192 RNC: 0 PSC: 329
ACCURACY: 10
CHANGE_TYPE: DBM
TIMESTAMP: 26 may 2026 6:06:02 p.m.</description>
          <styleUrl>#style_40</styleUrl>
          <Point>
            <coordinates>-77.082111,-12.031872</coordinates>
          </Point>
        </Placemark>
        <Placemark>
          <name>-102</name>
          <description>
LAC: 1698 CID: 5462:192 RNC: 0 PSC: 329
ACCURACY: 10
CHANGE_TYPE: DBM
TIMESTAMP: 26 may 2026 6:06:03 p.m.</description>
          <styleUrl>#style_40</styleUrl>
          <Point>
            <coordinates>-77.082111,-12.031872</coordinates>
          </Point>
        </Placemark>
        <Placemark>
          <name>-104</name>
          <description>
LAC: 1698 CID: 5462:192 RNC: 0 PSC: 329
ACCURACY: 10
CHANGE_TYPE: DBM
TIMESTAMP: 26 may 2026 6:06:05 p.m.</description>
          <styleUrl>#style_40</styleUrl>
          <Point>
            <coordinates>-77.082092,-12.031926</coordinates>
          </Point>
        </Placemark>
        <Placemark>
          <name>-104</name>
          <description>
LAC: 1698 CID: 5462:192 RNC: 0 PSC: 329
ACCURACY: 10
CHANGE_TYPE: DBM
TIMESTAMP: 26 may 2026 6:06:06 p.m.</description>
          <styleUrl>#style_40</styleUrl>
          <Point>
            <coordinates>-77.082092,-12.031926</coordinates>
          </Point>
        </Placemark>
        <Placemark>
          <name>-103</name>
          <description>
LAC: 1698 CID: 5462:192 RNC: 0 PSC: 329
ACCURACY: 10
CHANGE_TYPE: DBM
TIMESTAMP: 26 may 2026 6:06:07 p.m.</description>
          <styleUrl>#style_40</styleUrl>
          <Point>
            <coordinates>-77.082092,-12.031926</coordinates>
          </Point>
        </Placemark>
        <Placemark>
          <name>-103</name>
          <description>
LAC: 1698 CID: 5462:192 RNC: 0 PSC: 329
ACCURACY: 10
CHANGE_TYPE: DBM
TIMESTAMP: 26 may 2026 6:06:08 p.m.</description>
          <styleUrl>#style_40</styleUrl>
          <Point>
            <coordinates>-77.082092,-12.031926</coordinates>
          </Point>
        </Placemark>
        <Placemark>
          <name>-102</name>
          <description>
LAC: 1698 CID: 5462:192 RNC: 0 PSC: 329
ACCURACY: 10
CHANGE_TYPE: DBM
TIMESTAMP: 26 may 2026 6:06:09 p.m.</description>
          <styleUrl>#style_40</styleUrl>
          <Point>
            <coordinates>-77.082078,-12.03199</coordinates>
          </Point>
        </Placemark>
        <Placemark>
          <name>-102</name>
          <description>
LAC: 1698 CID: 5462:192 RNC: 0 PSC: 329
ACCURACY: 10
CHANGE_TYPE: DBM
TIMESTAMP: 26 may 2026 6:06:11 p.m.</description>
          <styleUrl>#style_40</styleUrl>
          <Point>
            <coordinates>-77.082078,-12.03199</coordinates>
          </Point>
        </Placemark>
        <Placemark>
          <name>-103</name>
          <description>
LAC: 1698 CID: 5462:192 RNC: 0 PSC: 329
ACCURACY: 10
CHANGE_TYPE: DBM
TIMESTAMP: 26 may 2026 6:06:13 p.m.</description>
          <styleUrl>#style_40</styleUrl>
          <Point>
            <coordinates>-77.082078,-12.03199</coordinates>
          </Point>
        </Placemark>
        <Placemark>
          <name>-103</name>
          <description>
LAC: 1698 CID: 5462:192 RNC: 0 PSC: 329
ACCURACY: 10
CHANGE_TYPE: DBM
TIMESTAMP: 26 may 2026 6:06:15 p.m.</description>
          <styleUrl>#style_40</styleUrl>
          <Point>
            <coordinates>-77.082078,-12.03199</coordinates>
          </Point>
        </Placemark>
        <Placemark>
          <name>-103</name>
          <description>
LAC: 1698 CID: 5462:192 RNC: 0 PSC: 329
ACCURACY: 10
CHANGE_TYPE: DBM
TIMESTAMP: 26 may 2026 6:06:16 p.m.</description>
          <styleUrl>#style_40</styleUrl>
          <Point>
            <coordinates>-77.082078,-12.03199</coordinates>
          </Point>
        </Placemark>
        <Placemark>
          <name>-103</name>
          <description>
LAC: 1698 CID: 5462:192 RNC: 0 PSC: 329
ACCURACY: 10
CHANGE_TYPE: DBM
TIMESTAMP: 26 may 2026 6:06:34 p.m.</description>
          <styleUrl>#style_40</styleUrl>
          <Point>
            <coordinates>-77.082145,-12.032209</coordinates>
          </Point>
        </Placemark>
        <Placemark>
          <name>-104</name>
          <description>
LAC: 1698 CID: 5462:192 RNC: 0 PSC: 329
ACCURACY: 10
CHANGE_TYPE: DBM
TIMESTAMP: 26 may 2026 6:06:36 p.m.</description>
          <styleUrl>#style_40</styleUrl>
          <Point>
            <coordinates>-77.082145,-12.032209</coordinates>
          </Point>
        </Placemark>
        <Placemark>
          <name>-104</name>
          <description>
LAC: 1698 CID: 5462:192 RNC: 0 PSC: 329
ACCURACY: 10
CHANGE_TYPE: DBM
TIMESTAMP: 26 may 2026 6:06:37 p.m.</description>
          <styleUrl>#style_40</styleUrl>
          <Point>
            <coordinates>-77.082145,-12.032209</coordinates>
          </Point>
        </Placemark>
        <Placemark>
          <name>-1</name>
          <description>
LAC: 1698 CID: 5462:192 RNC: 0 PSC: 329
ACCURACY: 10
CHANGE_TYPE: DBM
TIMESTAMP: 26 may 2026 6:06:40 p.m.</description>
          <styleUrl>#style_0</styleUrl>
          <Point>
            <coordinates>-77.082143,-12.032257</coordinates>
          </Point>
        </Placemark>
        <Placemark>
          <name>-1</name>
          <description>
LAC: 1698 CID: 5462:192 RNC: 0 PSC: 329
ACCURACY: 10
CHANGE_TYPE: DBM
TIMESTAMP: 26 may 2026 6:06:41 p.m.</description>
          <styleUrl>#style_0</styleUrl>
          <Point>
            <coordinates>-77.082143,-12.032257</coordinates>
          </Point>
        </Placemark>
        <Placemark>
          <name>-104</name>
          <description>
LAC: 1698 CID: 5462:192 RNC: 0 PSC: 329
ACCURACY: 10
CHANGE_TYPE: DBM
TIMESTAMP: 26 may 2026 6:06:42 p.m.</description>
          <styleUrl>#style_40</styleUrl>
          <Point>
            <coordinates>-77.082143,-12.032257</coordinates>
          </Point>
        </Placemark>
        <Placemark>
          <name>-104</name>
          <description>
LAC: 1698 CID: 5462:192 RNC: 0 PSC: 329
ACCURACY: 10
CHANGE_TYPE: DBM
TIMESTAMP: 26 may 2026 6:06:43 p.m.</description>
          <styleUrl>#style_40</styleUrl>
          <Point>
            <coordinates>-77.082143,-12.032257</coordinates>
          </Point>
        </Placemark>
        <Placemark>
          <name>-103</name>
          <description>
LAC: 1698 CID: 5462:192 RNC: 0 PSC: 329
ACCURACY: 10
CHANGE_TYPE: DBM
TIMESTAMP: 26 may 2026 6:06:44 p.m.</description>
          <styleUrl>#style_40</styleUrl>
          <Point>
            <coordinates>-77.082143,-12.032257</coordinates>
          </Point>
        </Placemark>
        <Placemark>
          <name>-104</name>
          <description>
LAC: 1698 CID: 5462:192 RNC: 0 PSC: 329
ACCURACY: 10
CHANGE_TYPE: DBM
TIMESTAMP: 26 may 2026 6:06:46 p.m.</description>
          <styleUrl>#style_40</styleUrl>
          <Point>
            <coordinates>-77.082143,-12.032257</coordinates>
          </Point>
        </Placemark>
        <Placemark>
          <name>-104</name>
          <description>
LAC: 1698 CID: 5462:192 RNC: 0 PSC: 329
ACCURACY: 10
CHANGE_TYPE: DBM
TIMESTAMP: 26 may 2026 6:06:47 p.m.</description>
          <styleUrl>#style_40</styleUrl>
          <Point>
            <coordinates>-77.082143,-12.032257</coordinates>
          </Point>
        </Placemark>
        <Placemark>
          <name>-1</name>
          <description>
LAC: 1698 CID: 5462:192 RNC: 0 PSC: 329
ACCURACY: 10
CHANGE_TYPE: DBM
TIMESTAMP: 26 may 2026 6:07:01 p.m.</description>
          <styleUrl>#style_0</styleUrl>
          <Point>
            <coordinates>-77.0822,-12.032395</coordinates>
          </Point>
        </Placemark>
        <Placemark>
          <name>-103</name>
          <description>
LAC: 1698 CID: 5462:192 RNC: 0 PSC: 329
ACCURACY: 10
CHANGE_TYPE: DBM
TIMESTAMP: 26 may 2026 6:07:03 p.m.</description>
          <styleUrl>#style_40</styleUrl>
          <Point>
            <coordinates>-77.0822,-12.032395</coordinates>
          </Point>
        </Placemark>
        <Placemark>
          <name>-103</name>
          <description>
LAC: 1698 CID: 5462:192 RNC: 0 PSC: 329
ACCURACY: 10
CHANGE_TYPE: DBM
TIMESTAMP: 26 may 2026 6:07:04 p.m.</description>
          <styleUrl>#style_40</styleUrl>
          <Point>
            <coordinates>-77.0822,-12.032395</coordinates>
          </Point>
        </Placemark>
        <Placemark>
          <name>-102</name>
          <description>
LAC: 1698 CID: 5462:192 RNC: 0 PSC: 329
ACCURACY: 10
CHANGE_TYPE: DBM
TIMESTAMP: 26 may 2026 6:07:05 p.m.</description>
          <styleUrl>#style_40</styleUrl>
          <Point>
            <coordinates>-77.0822,-12.032395</coordinates>
          </Point>
        </Placemark>
        <Placemark>
          <name>-102</name>
          <description>
LAC: 1698 CID: 5462:192 RNC: 0 PSC: 329
ACCURACY: 10
CHANGE_TYPE: DBM
TIMESTAMP: 26 may 2026 6:07:06 p.m.</description>
          <styleUrl>#style_40</styleUrl>
          <Point>
            <coordinates>-77.0822,-12.032395</coordinates>
          </Point>
        </Placemark>
        <Placemark>
          <name>-1</name>
          <description>
LAC: 1698 CID: 5462:192 RNC: 0 PSC: 329
ACCURACY: 10
CHANGE_TYPE: DBM
TIMESTAMP: 26 may 2026 6:07:07 p.m.</description>
          <styleUrl>#style_0</styleUrl>
          <Point>
            <coordinates>-77.0822,-12.032395</coordinates>
          </Point>
        </Placemark>
        <Placemark>
          <name>-1</name>
          <description>
LAC: 1698 CID: 5462:192 RNC: 0 PSC: 329
ACCURACY: 10
CHANGE_TYPE: DBM
TIMESTAMP: 26 may 2026 6:07:08 p.m.</description>
          <styleUrl>#style_0</styleUrl>
          <Point>
            <coordinates>-77.0822,-12.032395</coordinates>
          </Point>
        </Placemark>
        <Placemark>
          <name>-101</name>
          <description>
LAC: 1698 CID: 5462:192 RNC: 0 PSC: 329
ACCURACY: 10
CHANGE_TYPE: DBM
TIMESTAMP: 26 may 2026 6:07:09 p.m.</description>
          <styleUrl>#style_40</styleUrl>
          <Point>
            <coordinates>-77.082304,-12.032366</coordinates>
          </Point>
        </Placemark>
        <Placemark>
          <name>-101</name>
          <description>
LAC: 1698 CID: 5462:192 RNC: 0 PSC: 329
ACCURACY: 10
CHANGE_TYPE: DBM
TIMESTAMP: 26 may 2026 6:07:10 p.m.</description>
          <styleUrl>#style_40</styleUrl>
          <Point>
            <coordinates>-77.082304,-12.032366</coordinates>
          </Point>
        </Placemark>
        <Placemark>
          <name>-1</name>
          <description>
LAC: 1698 CID: 5462:192 RNC: 0 PSC: 329
ACCURACY: 10
CHANGE_TYPE: DBM
TIMESTAMP: 26 may 2026 6:08:11 p.m.</description>
          <styleUrl>#style_0</styleUrl>
          <Point>
            <coordinates>-77.082591,-12.032663</coordinates>
          </Point>
        </Placemark>
        <Placemark>
          <name>-1</name>
          <description>
LAC: 1698 CID: 5462:192 RNC: 0 PSC: 329
ACCURACY: 10
CHANGE_TYPE: DBM
TIMESTAMP: 26 may 2026 6:08:12 p.m.</description>
          <styleUrl>#style_0</styleUrl>
          <Point>
            <coordinates>-77.082591,-12.032663</coordinates>
          </Point>
        </Placemark>
        <Placemark>
          <name>-104</name>
          <description>
LAC: 1698 CID: 5462:192 RNC: 0 PSC: 329
ACCURACY: 10
CHANGE_TYPE: DBM
TIMESTAMP: 26 may 2026 6:08:13 p.m.</description>
          <styleUrl>#style_40</styleUrl>
          <Point>
            <coordinates>-77.082591,-12.032663</coordinates>
          </Point>
        </Placemark>
        <Placemark>
          <name>-104</name>
          <description>
LAC: 1698 CID: 5462:192 RNC: 0 PSC: 329
ACCURACY: 10
CHANGE_TYPE: DBM
TIMESTAMP: 26 may 2026 6:08:14 p.m.</description>
          <styleUrl>#style_40</styleUrl>
          <Point>
            <coordinates>-77.082591,-12.032663</coordinates>
          </Point>
        </Placemark>
        <Placemark>
          <name>-102</name>
          <description>
LAC: 1698 CID: 5462:192 RNC: 0 PSC: 329
ACCURACY: 10
CHANGE_TYPE: DBM
TIMESTAMP: 26 may 2026 6:08:16 p.m.</description>
          <styleUrl>#style_40</styleUrl>
          <Point>
            <coordinates>-77.082591,-12.032663</coordinates>
          </Point>
        </Placemark>
        <Placemark>
          <name>-100</name>
          <description>
LAC: 1698 CID: 5462:192 RNC: 0 PSC: 329
ACCURACY: 11
CHANGE_TYPE: DBM
TIMESTAMP: 26 may 2026 6:08:20 p.m.</description>
          <styleUrl>#style_40</styleUrl>
          <Point>
            <coordinates>-77.082609,-12.032724</coordinates>
          </Point>
        </Placemark>
        <Placemark>
          <name>-103</name>
          <description>
LAC: 1698 CID: 5462:192 RNC: 0 PSC: 329
ACCURACY: 11
CHANGE_TYPE: DBM
TIMESTAMP: 26 may 2026 6:08:22 p.m.</description>
          <styleUrl>#style_40</styleUrl>
          <Point>
            <coordinates>-77.082609,-12.032724</coordinates>
          </Point>
        </Placemark>
        <Placemark>
          <name>-103</name>
          <description>
LAC: 1698 CID: 5462:192 RNC: 0 PSC: 329
ACCURACY: 11
CHANGE_TYPE: DBM
TIMESTAMP: 26 may 2026 6:08:23 p.m.</description>
          <styleUrl>#style_40</styleUrl>
          <Point>
            <coordinates>-77.082609,-12.032724</coordinates>
          </Point>
        </Placemark>
        <Placemark>
          <name>-102</name>
          <description>
LAC: 1698 CID: 5462:192 RNC: 0 PSC: 329
ACCURACY: 11
CHANGE_TYPE: DBM
TIMESTAMP: 26 may 2026 6:08:26 p.m.</description>
          <styleUrl>#style_40</styleUrl>
          <Point>
            <coordinates>-77.082609,-12.032724</coordinates>
          </Point>
        </Placemark>
        <Placemark>
          <name>-102</name>
          <description>
LAC: 1698 CID: 5462:192 RNC: 0 PSC: 329
ACCURACY: 11
CHANGE_TYPE: DBM
TIMESTAMP: 26 may 2026 6:08:28 p.m.</description>
          <styleUrl>#style_40</styleUrl>
          <Point>
            <coordinates>-77.082609,-12.032724</coordinates>
          </Point>
        </Placemark>
        <Placemark>
          <name>-102</name>
          <description>
LAC: 1698 CID: 5462:192 RNC: 0 PSC: 329
ACCURACY: 10
CHANGE_TYPE: DBM
TIMESTAMP: 26 may 2026 6:08:29 p.m.</description>
          <styleUrl>#style_40</styleUrl>
          <Point>
            <coordinates>-77.082621,-12.03279</coordinates>
          </Point>
        </Placemark>
        <Placemark>
          <name>-101</name>
          <description>
LAC: 1698 CID: 5462:192 RNC: 0 PSC: 329
ACCURACY: 10
CHANGE_TYPE: DBM
TIMESTAMP: 26 may 2026 6:08:30 p.m.</description>
          <styleUrl>#style_40</styleUrl>
          <Point>
            <coordinates>-77.082621,-12.03279</coordinates>
          </Point>
        </Placemark>
        <Placemark>
          <name>-101</name>
          <description>
LAC: 1698 CID: 5462:192 RNC: 0 PSC: 329
ACCURACY: 10
CHANGE_TYPE: DBM
TIMESTAMP: 26 may 2026 6:08:31 p.m.</description>
          <styleUrl>#style_40</styleUrl>
          <Point>
            <coordinates>-77.082621,-12.03279</coordinates>
          </Point>
        </Placemark>
        <Placemark>
          <name>-101</name>
          <description>
LAC: 1698 CID: 5462:192 RNC: 0 PSC: 329
ACCURACY: 10
CHANGE_TYPE: DBM
TIMESTAMP: 26 may 2026 6:08:32 p.m.</description>
          <styleUrl>#style_40</styleUrl>
          <Point>
            <coordinates>-77.082621,-12.03279</coordinates>
          </Point>
        </Placemark>
        <Placemark>
          <name>-101</name>
          <description>
LAC: 1698 CID: 5462:192 RNC: 0 PSC: 329
ACCURACY: 10
CHANGE_TYPE: DBM
TIMESTAMP: 26 may 2026 6:08:33 p.m.</description>
          <styleUrl>#style_40</styleUrl>
          <Point>
            <coordinates>-77.082621,-12.03279</coordinates>
          </Point>
        </Placemark>
        <Placemark>
          <name>-103</name>
          <description>
LAC: 1698 CID: 5462:192 RNC: 0 PSC: 329
ACCURACY: 10
CHANGE_TYPE: DBM
TIMESTAMP: 26 may 2026 6:08:34 p.m.</description>
          <styleUrl>#style_40</styleUrl>
          <Point>
            <coordinates>-77.082621,-12.03279</coordinates>
          </Point>
        </Placemark>
        <Placemark>
          <name>-103</name>
          <description>
LAC: 1698 CID: 5462:192 RNC: 0 PSC: 329
ACCURACY: 10
CHANGE_TYPE: DBM
TIMESTAMP: 26 may 2026 6:08:35 p.m.</description>
          <styleUrl>#style_40</styleUrl>
          <Point>
            <coordinates>-77.082621,-12.03279</coordinates>
          </Point>
        </Placemark>
        <Placemark>
          <name>-103</name>
          <description>
LAC: 1698 CID: 5462:192 RNC: 0 PSC: 329
ACCURACY: 10
CHANGE_TYPE: DBM
TIMESTAMP: 26 may 2026 6:08:36 p.m.</description>
          <styleUrl>#style_40</styleUrl>
          <Point>
            <coordinates>-77.082621,-12.03279</coordinates>
          </Point>
        </Placemark>
        <Placemark>
          <name>-103</name>
          <description>
LAC: 1698 CID: 5462:192 RNC: 0 PSC: 329
ACCURACY: 10
CHANGE_TYPE: DBM
TIMESTAMP: 26 may 2026 6:08:37 p.m.</description>
          <styleUrl>#style_40</styleUrl>
          <Point>
            <coordinates>-77.082621,-12.03279</coordinates>
          </Point>
        </Placemark>
        <Placemark>
          <name>-103</name>
          <description>
LAC: 1698 CID: 5462:192 RNC: 0 PSC: 329
ACCURACY: 10
CHANGE_TYPE: DBM
TIMESTAMP: 26 may 2026 6:08:38 p.m.</description>
          <styleUrl>#style_40</styleUrl>
          <Point>
            <coordinates>-77.082621,-12.03279</coordinates>
          </Point>
        </Placemark>
        <Placemark>
          <name>-103</name>
          <description>
LAC: 1698 CID: 5462:192 RNC: 0 PSC: 329
ACCURACY: 11
CHANGE_TYPE: DBM
TIMESTAMP: 26 may 2026 6:08:39 p.m.</description>
          <styleUrl>#style_40</styleUrl>
          <Point>
            <coordinates>-77.082548,-12.032846</coordinates>
          </Point>
        </Placemark>
        <Placemark>
          <name>-104</name>
          <description>
LAC: 1698 CID: 5462:192 RNC: 0 PSC: 329
ACCURACY: 11
CHANGE_TYPE: DBM
TIMESTAMP: 26 may 2026 6:08:40 p.m.</description>
          <styleUrl>#style_40</styleUrl>
          <Point>
            <coordinates>-77.082548,-12.032846</coordinates>
          </Point>
        </Placemark>
        <Placemark>
          <name>-104</name>
          <description>
LAC: 1698 CID: 5462:192 RNC: 0 PSC: 329
ACCURACY: 11
CHANGE_TYPE: DBM
TIMESTAMP: 26 may 2026 6:08:42 p.m.</description>
          <styleUrl>#style_40</styleUrl>
          <Point>
            <coordinates>-77.082548,-12.032846</coordinates>
          </Point>
        </Placemark>
        <Placemark>
          <name>-104</name>
          <description>
LAC: 1698 CID: 5462:192 RNC: 0 PSC: 329
ACCURACY: 10
CHANGE_TYPE: DBM
TIMESTAMP: 26 may 2026 6:08:43 p.m.</description>
          <styleUrl>#style_40</styleUrl>
          <Point>
            <coordinates>-77.082485,-12.032854</coordinates>
          </Point>
        </Placemark>
        <Placemark>
          <name>-103</name>
          <description>
LAC: 1698 CID: 5462:192 RNC: 0 PSC: 329
ACCURACY: 10
CHANGE_TYPE: DBM
TIMESTAMP: 26 may 2026 6:08:44 p.m.</description>
          <styleUrl>#style_40</styleUrl>
          <Point>
            <coordinates>-77.082485,-12.032854</coordinates>
          </Point>
        </Placemark>
        <Placemark>
          <name>-102</name>
          <description>
LAC: 1698 CID: 5462:192 RNC: 0 PSC: 329
ACCURACY: 10
CHANGE_TYPE: DBM
TIMESTAMP: 26 may 2026 6:08:47 p.m.</description>
          <styleUrl>#style_40</styleUrl>
          <Point>
            <coordinates>-77.082485,-12.032854</coordinates>
          </Point>
        </Placemark>
        <Placemark>
          <name>-102</name>
          <description>
LAC: 1698 CID: 5462:192 RNC: 0 PSC: 329
ACCURACY: 10
CHANGE_TYPE: DBM
TIMESTAMP: 26 may 2026 6:08:48 p.m.</description>
          <styleUrl>#style_40</styleUrl>
          <Point>
            <coordinates>-77.082485,-12.032854</coordinates>
          </Point>
        </Placemark>
        <Placemark>
          <name>-99</name>
          <description>
LAC: 1698 CID: 5462:192 RNC: 0 PSC: 329
ACCURACY: 10
CHANGE_TYPE: DBM
TIMESTAMP: 26 may 2026 6:08:51 p.m.</description>
          <styleUrl>#style_40</styleUrl>
          <Point>
            <coordinates>-77.082427,-12.032868</coordinates>
          </Point>
        </Placemark>
        <Placemark>
          <name>-99</name>
          <description>
LAC: 1698 CID: 5462:192 RNC: 0 PSC: 329
ACCURACY: 10
CHANGE_TYPE: DBM
TIMESTAMP: 26 may 2026 6:08:52 p.m.</description>
          <styleUrl>#style_40</styleUrl>
          <Point>
            <coordinates>-77.082427,-12.032868</coordinates>
          </Point>
        </Placemark>
        <Placemark>
          <name>-97</name>
          <description>
LAC: 1698 CID: 5462:192 RNC: 0 PSC: 329
ACCURACY: 10
CHANGE_TYPE: DBM
TIMESTAMP: 26 may 2026 6:08:53 p.m.</description>
          <styleUrl>#style_40</styleUrl>
          <Point>
            <coordinates>-77.082427,-12.032868</coordinates>
          </Point>
        </Placemark>
        <Placemark>
          <name>-97</name>
          <description>
LAC: 1698 CID: 5462:192 RNC: 0 PSC: 329
ACCURACY: 10
CHANGE_TYPE: DBM
TIMESTAMP: 26 may 2026 6:08:54 p.m.</description>
          <styleUrl>#style_40</styleUrl>
          <Point>
            <coordinates>-77.082375,-12.032872</coordinates>
          </Point>
        </Placemark>
        <Placemark>
          <name>-74</name>
          <description>
LAC: 1698 CID: 5462:192 RNC: 0 PSC: 329
ACCURACY: 12
CHANGE_TYPE: GPS
TIMESTAMP: 26 may 2026 5:57:33 p.m.</description>
          <styleUrl>#style_70</styleUrl>
          <Point>
            <coordinates>-77.084528,-12.03139</coordinates>
          </Point>
        </Placemark>
        <Placemark>
          <name>-78</name>
          <description>
LAC: 1698 CID: 5462:192 RNC: 0 PSC: 329
ACCURACY: 11
CHANGE_TYPE: GPS
TIMESTAMP: 26 may 2026 5:57:38 p.m.</description>
          <styleUrl>#style_60</styleUrl>
          <Point>
            <coordinates>-77.084446,-12.03136</coordinates>
          </Point>
        </Placemark>
        <Placemark>
          <name>-72</name>
          <description>
LAC: 1698 CID: 5462:192 RNC: 0 PSC: 329
ACCURACY: 12
CHANGE_TYPE: GPS
TIMESTAMP: 26 may 2026 5:57:43 p.m.</description>
          <styleUrl>#style_70</styleUrl>
          <Point>
            <coordinates>-77.084343,-12.031324</coordinates>
          </Point>
        </Placemark>
        <Placemark>
          <name>-74</name>
          <description>
LAC: 1698 CID: 5462:192 RNC: 0 PSC: 329
ACCURACY: 12
CHANGE_TYPE: GPS
TIMESTAMP: 26 may 2026 5:57:53 p.m.</description>
          <styleUrl>#style_70</styleUrl>
          <Point>
            <coordinates>-77.084245,-12.031303</coordinates>
          </Point>
        </Placemark>
        <Placemark>
          <name>-71</name>
          <description>
LAC: 1698 CID: 5462:192 RNC: 0 PSC: 329
ACCURACY: 11
CHANGE_TYPE: GPS
TIMESTAMP: 26 may 2026 5:57:58 p.m.</description>
          <styleUrl>#style_70</styleUrl>
          <Point>
            <coordinates>-77.084159,-12.031277</coordinates>
          </Point>
        </Placemark>
        <Placemark>
          <name>-102</name>
          <description>
LAC: 1698 CID: 5462:192 RNC: 0 PSC: 329
ACCURACY: 12
CHANGE_TYPE: GPS
TIMESTAMP: 26 may 2026 6:05:18 p.m.</description>
          <styleUrl>#style_40</styleUrl>
          <Point>
            <coordinates>-77.081722,-12.031771</coordinates>
          </Point>
        </Placemark>
        <Placemark>
          <name>-101</name>
          <description>
LAC: 1698 CID: 5462:192 RNC: 0 PSC: 329
ACCURACY: 12
CHANGE_TYPE: GPS
TIMESTAMP: 26 may 2026 6:05:28 p.m.</description>
          <styleUrl>#style_40</styleUrl>
          <Point>
            <coordinates>-77.081824,-12.031761</coordinates>
          </Point>
        </Placemark>
        <Placemark>
          <name>-101</name>
          <description>
LAC: 1698 CID: 5462:192 RNC: 0 PSC: 329
ACCURACY: 11
CHANGE_TYPE: GPS
TIMESTAMP: 26 may 2026 6:05:33 p.m.</description>
          <styleUrl>#style_40</styleUrl>
          <Point>
            <coordinates>-77.081877,-12.031751</coordinates>
          </Point>
        </Placemark>
        <Placemark>
          <name>-99</name>
          <description>
LAC: 1698 CID: 5462:192 RNC: 0 PSC: 329
ACCURACY: 11
CHANGE_TYPE: GPS
TIMESTAMP: 26 may 2026 6:05:43 p.m.</description>
          <styleUrl>#style_40</styleUrl>
          <Point>
            <coordinates>-77.081943,-12.031773</coordinates>
          </Point>
        </Placemark>
        <Placemark>
          <name>-100</name>
          <description>
LAC: 1698 CID: 5462:192 RNC: 0 PSC: 329
ACCURACY: 11
CHANGE_TYPE: GPS
TIMESTAMP: 26 may 2026 6:05:48 p.m.</description>
          <styleUrl>#style_40</styleUrl>
          <Point>
            <coordinates>-77.082006,-12.031805</coordinates>
          </Point>
        </Placemark>
        <Placemark>
          <name>-99</name>
          <description>
LAC: 1698 CID: 5462:192 RNC: 0 PSC: 329
ACCURACY: 10
CHANGE_TYPE: GPS
TIMESTAMP: 26 may 2026 6:05:53 p.m.</description>
          <styleUrl>#style_40</styleUrl>
          <Point>
            <coordinates>-77.08206,-12.031838</coordinates>
          </Point>
        </Placemark>
        <Placemark>
          <name>-96</name>
          <description>
LAC: 1698 CID: 5462:192 RNC: 0 PSC: 329
ACCURACY: 10
CHANGE_TYPE: GPS
TIMESTAMP: 26 may 2026 6:05:58 p.m.</description>
          <styleUrl>#style_50</styleUrl>
          <Point>
            <coordinates>-77.082111,-12.031872</coordinates>
          </Point>
        </Placemark>
        <Placemark>
          <name>-102</name>
          <description>
LAC: 1698 CID: 5462:192 RNC: 0 PSC: 329
ACCURACY: 10
CHANGE_TYPE: GPS
TIMESTAMP: 26 may 2026 6:06:03 p.m.</description>
          <styleUrl>#style_40</styleUrl>
          <Point>
            <coordinates>-77.082092,-12.031926</coordinates>
          </Point>
        </Placemark>
        <Placemark>
          <name>-103</name>
          <description>
LAC: 1698 CID: 5462:192 RNC: 0 PSC: 329
ACCURACY: 10
CHANGE_TYPE: GPS
TIMESTAMP: 26 may 2026 6:06:08 p.m.</description>
          <styleUrl>#style_40</styleUrl>
          <Point>
            <coordinates>-77.082078,-12.03199</coordinates>
          </Point>
        </Placemark>
        <Placemark>
          <name>-1</name>
          <description>
LAC: 1698 CID: 5462:192 RNC: 0 PSC: 329
ACCURACY: 10
CHANGE_TYPE: GPS
TIMESTAMP: 26 may 2026 6:07:08 p.m.</description>
          <styleUrl>#style_0</styleUrl>
          <Point>
            <coordinates>-77.082304,-12.032366</coordinates>
          </Point>
        </Placemark>
        <Placemark>
          <name>-102</name>
          <description>
LAC: 1698 CID: 5462:192 RNC: 0 PSC: 329
ACCURACY: 10
CHANGE_TYPE: GPS
TIMESTAMP: 26 may 2026 6:08:28 p.m.</description>
          <styleUrl>#style_40</styleUrl>
          <Point>
            <coordinates>-77.082621,-12.03279</coordinates>
          </Point>
        </Placemark>
        <Placemark>
          <name>-103</name>
          <description>
LAC: 1698 CID: 5462:192 RNC: 0 PSC: 329
ACCURACY: 11
CHANGE_TYPE: GPS
TIMESTAMP: 26 may 2026 6:08:38 p.m.</description>
          <styleUrl>#style_40</styleUrl>
          <Point>
            <coordinates>-77.082548,-12.032846</coordinates>
          </Point>
        </Placemark>
        <Placemark>
          <name>-104</name>
          <description>
LAC: 1698 CID: 5462:192 RNC: 0 PSC: 329
ACCURACY: 10
CHANGE_TYPE: GPS
TIMESTAMP: 26 may 2026 6:08:43 p.m.</description>
          <styleUrl>#style_40</styleUrl>
          <Point>
            <coordinates>-77.082485,-12.032854</coordinates>
          </Point>
        </Placemark>
        <Placemark>
          <name>-102</name>
          <description>
LAC: 1698 CID: 5462:192 RNC: 0 PSC: 329
ACCURACY: 10
CHANGE_TYPE: GPS
TIMESTAMP: 26 may 2026 6:08:48 p.m.</description>
          <styleUrl>#style_40</styleUrl>
          <Point>
            <coordinates>-77.082427,-12.032868</coordinates>
          </Point>
        </Placemark>
        <Placemark>
          <name>-97</name>
          <description>
LAC: 1698 CID: 5462:192 RNC: 0 PSC: 329
ACCURACY: 10
CHANGE_TYPE: GPS
TIMESTAMP: 26 may 2026 6:08:53 p.m.</description>
          <styleUrl>#style_40</styleUrl>
          <Point>
            <coordinates>-77.082375,-12.032872</coordinates>
          </Point>
        </Placemark>
      </Folder>
      <Folder>
        <open>0</open>
        <name>LAC: 1698 CID: 5462:193 RNC: 0 PSC: 127</name>
      </Folder>
      <Folder>
        <open>0</open>
        <name>LAC: 30130 CID: 1822 RNC: 502 PSC: 108</name>
        <Placemark>
          <name>30130/1822 WCDMA</name>
          <description>~1094 (yd), Provincia de Lima, Av. Quilca 529, Lima 15106, Perú</description>
          <styleUrl>#style_cur</styleUrl>
          <Point>
            <coordinates>-77.0948,-12.0306</coordinates>
          </Point>
        </Placemark>
      </Folder>
      <Folder>
        <open>0</open>
        <name>LAC: 30130 CID: 16601 RNC: 502 PSC: 18</name>
      </Folder>
      <Folder>
        <open>0</open>
        <name>LAC: 30132 CID: 50531 RNC: 502 PSC: 175</name>
      </Folder>
      <Folder>
        <open>0</open>
        <name>LAC: 30132 CID: 54622 RNC: 502 PSC: 105</name>
        <Placemark>
          <name>30132/54622 WCDMA</name>
          <description>~1094 (yd), Provincia de Lima, Av Lima 3304, San Martín de Porres 15106, Perú</description>
          <styleUrl>#style_cur</styleUrl>
          <Point>
            <coordinates>-77.082,-12.0289</coordinates>
          </Point>
        </Placemark>
      </Folder>
    </Folder>
  </Document>
</kml>